column_name,value
crime_type,  abduction  
crime_type,  assault  
crime_type,  b&e  
crime_type,  battery  
crime_type,  burglary  
crime_type,  cybercrime  
crime_type,  d.u.i.  
crime_type,  dom. violence  
crime_type,  drug offence  
crime_type,  drug offense  
crime_type,  dui  
crime_type,  duii  
crime_type,  dv  
crime_type,  dwi  
crime_type,  fraud  
crime_type,  fraudulent activity  
crime_type,  graffiti  
crime_type,  hacking  
crime_type,  kidnaping  
crime_type,  larceny  
crime_type,  narcotics  
crime_type,  property damage  
crime_type,  robbery  
crime_type,  sex assault  
crime_type,  sexual assault  
crime_type,  sexual assualt  
crime_type,  stealing  
crime_type,  theft  
crime_type,  theft/larceny  
crime_type,  trespass  
crime_type,  trespassing  
crime_type,  vandalism  
crime_type,abduction
crime_type,armed  robbery
crime_type,armed robbery
crime_type,arsen
crime_type,arson
crime_type,assault
crime_type,assault  &  battery
crime_type,assault & battery
crime_type,asslt
crime_type,b&e
crime_type,battery
crime_type,breaking & entering
crime_type,burglary
crime_type,burglry
crime_type,cyber  crime
crime_type,cyber crime
crime_type,cybercrime
crime_type,d.u.i.
crime_type,deception
crime_type,dom. violence
crime_type,domestc violence
crime_type,domestic  violence
crime_type,domestic violence
crime_type,drug  offence
crime_type,drug  offense
crime_type,drug offence
crime_type,drug offense
crime_type,drugs
crime_type,drunk driving
crime_type,dui
crime_type,duii
crime_type,dv
crime_type,dwi
crime_type,fire setting
crime_type,fraud
crime_type,fraudulent activity
crime_type,graffiti
crime_type,hacking
crime_type,homicide
crime_type,homocide
crime_type,kidnaping
crime_type,kidnapping
crime_type,larceny
crime_type,manslaughter
crime_type,murder
crime_type,narcotics
crime_type,online fraud
crime_type,property  damage
crime_type,property damage
crime_type,robbery
crime_type,robbry
crime_type,roberry
crime_type,sa
crime_type,scam
crime_type,sex  assault
crime_type,sex assault
crime_type,sexual  assault
crime_type,sexual  assualt
crime_type,sexual assault
crime_type,sexual assualt
crime_type,stealing
crime_type,theft
crime_type,theft 
crime_type,theft  
crime_type,theft/larceny
crime_type,trespass
crime_type,trespassing
crime_type,tresspassing
crime_type,vandalism
crime_type,vandlism
district,   central  
district,   midtown  
district,   north  
district,   northwest  
district,   southeast  
district,   southwest  
district,   west  
district,  cen  
district,  central  
district,  eas  
district,  east
district,  east  
district,  east    
district,  midtown
district,  midtown  
district,  nor  
district,  north
district,  north  
district,  northeast  
district,  northeast    
district,  northwest
district,  northwest  
district,  northwest    
district,  sou  
district,  south
district,  south  
district,  south    
district,  southeast  
district,  southwest  
district,  southwest    
district,  west  
district,  west    
district, central
district, east
district, midtown
district, north
district, northeast
district, northwest
district, south
district, southeast
district, southwest
district, west
district,cen
district,central
district,central  
district,central    
district,eas
district,east
district,east  
district,mid
district,midtown
district,midtown  
district,nor
district,north
district,north  
district,north    
district,northeast
district,northeast  
district,northwest
district,northwest  
district,sou
district,south
district,south  
district,south    
district,southeast
district,southeast  
district,southwest
district,southwest  
district,wes
district,west
district,west  
city,centerville
city,fairview
city,hillcrest
city,lakewood
city,maplewood
city,oakdale
city,riverside
city,springfield
state,az
state,ca
state,fl
state,ga
state,il
state,nc
state,ny
state,oh
state,pa
state,tx
address,1 river rd
address,100 oak ave
address,1000 elm blvd
address,1000 lincoln st
address,1003 cedar lane
address,1005 washington ave
address,1007 sunset blvd
address,1008 cedar lane
address,1009 sunset blvd
address,101 washington ave
address,1011 lincoln st
address,1011 park rd
address,1012 cedar lane
address,1012 maple dr
address,1013 maple dr
address,1014 washington ave
address,1015 oak ave
address,1017 lincoln st
address,1017 maple dr
address,1019 park rd
address,1024 lincoln st
address,1024 river rd
address,1026 oak ave
address,1027 main st
address,1029 river rd
address,103 sunset blvd
address,1033 lincoln st
address,1038 cedar lane
address,1039 river rd
address,1041 oak ave
address,1043 oak ave
address,1047 cedar lane
address,105 elm blvd
address,1050 park rd
address,1052 oak ave
address,1053 main st
address,1054 cedar lane
address,1056 main st
address,1057 river rd
address,1060 washington ave
address,1061 elm blvd
address,1061 park rd
address,1064 main st
address,1065 sunset blvd
address,1066 washington ave
address,1067 main st
address,1071 main st
address,1071 oak ave
address,1071 park rd
address,1071 sunset blvd
address,1074 oak ave
address,1075 main st
address,1076 cedar lane
address,1077 elm blvd
address,1079 elm blvd
address,1079 river rd
address,108 park rd
address,1085 oak ave
address,1086 washington ave
address,1087 sunset blvd
address,1092 main st
address,1093 main st
address,1096 park rd
address,11 oak ave
address,1101 river rd
address,1102 cedar lane
address,1102 sunset blvd
address,1106 main st
address,1108 maple dr
address,1109 park rd
address,1111 maple dr
address,1119 park rd
address,112 elm blvd
address,1120 washington ave
address,1122 cedar lane
address,1122 maple dr
address,1126 river rd
address,1128 lincoln st
address,1130 cedar lane
address,1132 river rd
address,1134 park rd
address,114 park rd
address,1140 lincoln st
address,1141 elm blvd
address,1142 washington ave
address,1149 park rd
address,115 maple dr
address,1150 lincoln st
address,1154 elm blvd
address,1156 maple dr
address,1159 cedar lane
address,1159 washington ave
address,1169 river rd
address,1172 main st
address,1172 park rd
address,1174 sunset blvd
address,1178 maple dr
address,118 elm blvd
address,1184 lincoln st
address,1184 washington ave
address,1189 cedar lane
address,1191 sunset blvd
address,1192 oak ave
address,1193 washington ave
address,1194 washington ave
address,1196 lincoln st
address,120 oak ave
address,1204 elm blvd
address,1204 main st
address,1204 river rd
address,1205 river rd
address,1205 sunset blvd
address,1207 park rd
address,1208 lincoln st
address,1209 river rd
address,121 cedar lane
address,121 river rd
address,1212 cedar lane
address,1212 main st
address,1212 maple dr
address,1213 cedar lane
address,1213 washington ave
address,122 cedar lane
address,1222 river rd
address,1223 lincoln st
address,1224 river rd
address,1226 river rd
address,1229 sunset blvd
address,123 sunset blvd
address,1230 park rd
address,1231 cedar lane
address,1232 cedar lane
address,1236 main st
address,1237 sunset blvd
address,1239 river rd
address,1240 river rd
address,1247 oak ave
address,1251 oak ave
address,1252 washington ave
address,1253 maple dr
address,1255 elm blvd
address,1258 main st
address,1258 washington ave
address,1262 sunset blvd
address,1263 main st
address,1270 lincoln st
address,1276 washington ave
address,1278 elm blvd
address,1279 oak ave
address,1281 cedar lane
address,1282 cedar lane
address,1287 cedar lane
address,1288 sunset blvd
address,129 oak ave
address,1290 river rd
address,1291 elm blvd
address,1293 washington ave
address,1295 maple dr
address,1295 sunset blvd
address,1296 cedar lane
address,1297 elm blvd
address,1298 sunset blvd
address,130 cedar lane
address,130 elm blvd
address,1300 oak ave
address,1302 washington ave
address,1303 lincoln st
address,1303 sunset blvd
address,1304 lincoln st
address,1305 lincoln st
address,1312 main st
address,1312 maple dr
address,1313 maple dr
address,1321 cedar lane
address,1321 lincoln st
address,1322 sunset blvd
address,1323 cedar lane
address,1323 oak ave
address,1328 river rd
address,1329 sunset blvd
address,1333 washington ave
address,1339 lincoln st
address,1339 oak ave
address,1341 oak ave
address,1345 park rd
address,1346 main st
address,1351 maple dr
address,1354 washington ave
address,1358 cedar lane
address,1360 park rd
address,1361 lincoln st
address,1362 main st
address,1369 washington ave
address,1371 oak ave
address,1371 river rd
address,1372 washington ave
address,1373 oak ave
address,1378 cedar lane
address,138 main st
address,1383 lincoln st
address,1387 maple dr
address,1388 oak ave
address,1388 washington ave
address,1389 park rd
address,1390 cedar lane
address,1391 sunset blvd
address,1392 maple dr
address,1394 park rd
address,1397 cedar lane
address,140 main st
address,1400 lincoln st
address,1400 maple dr
address,1402 maple dr
address,1405 main st
address,1405 park rd
address,1405 sunset blvd
address,1407 cedar lane
address,1407 sunset blvd
address,1408 river rd
address,141 cedar lane
address,141 oak ave
address,1415 park rd
address,1416 main st
address,142 elm blvd
address,143 elm blvd
address,1432 river rd
address,1436 elm blvd
address,1438 lincoln st
address,1439 river rd
address,1439 sunset blvd
address,144 cedar lane
address,1440 river rd
address,1442 lincoln st
address,1443 oak ave
address,1445 river rd
address,145 oak ave
address,1450 main st
address,1451 washington ave
address,1452 river rd
address,1454 sunset blvd
address,1457 elm blvd
address,146 river rd
address,1460 oak ave
address,1463 park rd
address,1466 maple dr
address,1467 main st
address,1467 park rd
address,1468 maple dr
address,1470 lincoln st
address,1472 sunset blvd
address,1475 elm blvd
address,1475 oak ave
address,1476 elm blvd
address,1479 oak ave
address,1480 lincoln st
address,1480 river rd
address,1482 sunset blvd
address,1482 washington ave
address,1483 elm blvd
address,1491 cedar lane
address,1494 maple dr
address,1494 park rd
address,1494 washington ave
address,1498 elm blvd
address,1499 sunset blvd
address,1502 main st
address,1504 river rd
address,1507 elm blvd
address,1510 maple dr
address,1513 lincoln st
address,152 elm blvd
address,152 park rd
address,1522 elm blvd
address,1522 lincoln st
address,1523 cedar lane
address,1524 washington ave
address,1525 washington ave
address,1527 oak ave
address,1529 oak ave
address,153 elm blvd
address,153 river rd
address,1530 elm blvd
address,1531 elm blvd
address,1531 lincoln st
address,1532 park rd
address,1532 river rd
address,1534 sunset blvd
address,1535 main st
address,1536 cedar lane
address,154 cedar lane
address,154 park rd
address,1540 washington ave
address,1541 elm blvd
address,1542 park rd
address,1543 lincoln st
address,1544 river rd
address,1546 elm blvd
address,1550 cedar lane
address,1550 sunset blvd
address,1551 river rd
address,1552 oak ave
address,1555 cedar lane
address,1557 main st
address,1558 park rd
address,1559 oak ave
address,156 maple dr
address,1565 elm blvd
address,1565 main st
address,1565 washington ave
address,1572 cedar lane
address,1572 sunset blvd
address,1577 lincoln st
address,1578 lincoln st
address,1579 elm blvd
address,1580 elm blvd
address,1580 park rd
address,1581 sunset blvd
address,1583 cedar lane
address,1586 river rd
address,1586 washington ave
address,1587 river rd
address,1588 washington ave
address,1592 oak ave
address,1597 main st
address,1601 river rd
address,1601 washington ave
address,1603 sunset blvd
address,1605 river rd
address,1607 cedar lane
address,1608 park rd
address,1610 river rd
address,1610 sunset blvd
address,1611 cedar lane
address,1614 maple dr
address,1616 park rd
address,1618 oak ave
address,1620 cedar lane
address,1625 main st
address,1625 maple dr
address,1626 oak ave
address,1627 lincoln st
address,1628 cedar lane
address,1633 park rd
address,1634 main st
address,1637 cedar lane
address,1639 oak ave
address,1641 park rd
address,1646 oak ave
address,1653 elm blvd
address,1655 oak ave
address,1656 maple dr
address,1656 park rd
address,1657 oak ave
address,1657 washington ave
address,1664 oak ave
address,1665 washington ave
address,1666 lincoln st
address,1666 oak ave
address,1667 lincoln st
address,1669 oak ave
address,1669 sunset blvd
address,1675 elm blvd
address,1678 park rd
address,1687 cedar lane
address,1691 park rd
address,1692 maple dr
address,1694 maple dr
address,1696 oak ave
address,17 lincoln st
address,170 maple dr
address,1704 park rd
address,1707 cedar lane
address,171 cedar lane
address,171 elm blvd
address,1712 maple dr
address,1713 elm blvd
address,1713 park rd
address,1714 cedar lane
address,1717 maple dr
address,1717 washington ave
address,1719 park rd
address,1720 lincoln st
address,1722 maple dr
address,1722 washington ave
address,1723 oak ave
address,1723 park rd
address,1724 lincoln st
address,1724 main st
address,1727 cedar lane
address,1729 lincoln st
address,173 cedar lane
address,1730 cedar lane
address,1730 lincoln st
address,1730 river rd
address,1740 sunset blvd
address,1743 elm blvd
address,1744 maple dr
address,1746 elm blvd
address,1746 park rd
address,1750 oak ave
address,1756 park rd
address,1758 elm blvd
address,1758 maple dr
address,1758 oak ave
address,176 lincoln st
address,1760 maple dr
address,1762 maple dr
address,1762 river rd
address,1767 sunset blvd
address,1768 main st
address,1769 park rd
address,1772 lincoln st
address,1772 sunset blvd
address,1775 park rd
address,1777 lincoln st
address,1779 river rd
address,1781 maple dr
address,1782 cedar lane
address,1782 lincoln st
address,1788 washington ave
address,179 cedar lane
address,1790 sunset blvd
address,1791 main st
address,1793 sunset blvd
address,1794 oak ave
address,1794 river rd
address,1795 maple dr
address,1798 elm blvd
address,1798 sunset blvd
address,1799 river rd
address,18 river rd
address,1801 oak ave
address,1801 park rd
address,1801 washington ave
address,1804 river rd
address,1805 cedar lane
address,1805 oak ave
address,1807 river rd
address,1808 oak ave
address,1814 lincoln st
address,1815 oak ave
address,1816 washington ave
address,1818 river rd
address,182 oak ave
address,1821 main st
address,1821 maple dr
address,1821 oak ave
address,1822 river rd
address,1824 cedar lane
address,1825 washington ave
address,1826 cedar lane
address,1830 park rd
address,1831 park rd
address,1834 oak ave
address,1834 river rd
address,1837 lincoln st
address,1837 oak ave
address,1838 washington ave
address,1843 river rd
address,1850 cedar lane
address,1856 lincoln st
address,1857 oak ave
address,1857 sunset blvd
address,1858 maple dr
address,1859 elm blvd
address,1863 washington ave
address,1867 cedar lane
address,1869 cedar lane
address,187 sunset blvd
address,1870 lincoln st
address,1875 main st
address,1875 washington ave
address,1876 cedar lane
address,1876 lincoln st
address,1876 oak ave
address,1877 main st
address,1878 elm blvd
address,1878 river rd
address,1879 main st
address,1879 park rd
address,1880 main st
address,1880 oak ave
address,1881 oak ave
address,1881 park rd
address,1884 sunset blvd
address,1887 maple dr
address,1889 lincoln st
address,1889 river rd
address,1898 oak ave
address,1898 sunset blvd
address,1899 lincoln st
address,1899 maple dr
address,19 cedar lane
address,1905 cedar lane
address,1906 oak ave
address,1907 park rd
address,1908 elm blvd
address,1908 oak ave
address,1909 oak ave
address,191 main st
address,1916 sunset blvd
address,1918 sunset blvd
address,1919 cedar lane
address,1921 oak ave
address,1922 elm blvd
address,1924 main st
address,1925 sunset blvd
address,1926 washington ave
address,1928 cedar lane
address,1928 main st
address,1928 river rd
address,193 lincoln st
address,1930 cedar lane
address,1930 washington ave
address,1931 washington ave
address,1932 river rd
address,1933 sunset blvd
address,1938 main st
address,1939 maple dr
address,1939 park rd
address,1943 main st
address,1943 oak ave
address,1945 oak ave
address,1947 cedar lane
address,1948 cedar lane
address,1949 sunset blvd
address,1950 sunset blvd
address,1952 river rd
address,1955 oak ave
address,1955 park rd
address,1956 cedar lane
address,1956 elm blvd
address,1957 main st
address,1959 oak ave
address,1964 oak ave
address,1965 washington ave
address,1966 oak ave
address,1966 park rd
address,1967 river rd
address,1968 elm blvd
address,1971 oak ave
address,1971 sunset blvd
address,1973 river rd
address,1977 elm blvd
address,1978 oak ave
address,198 elm blvd
address,198 sunset blvd
address,1980 sunset blvd
address,1984 river rd
address,199 elm blvd
address,199 main st
address,1991 main st
address,1991 park rd
address,1997 oak ave
address,1998 cedar lane
address,1998 oak ave
address,1999 washington ave
address,2 cedar lane
address,20 sunset blvd
address,2002 sunset blvd
address,2003 main st
address,2003 washington ave
address,2008 oak ave
address,2009 washington ave
address,201 elm blvd
address,2012 sunset blvd
address,2013 cedar lane
address,2014 park rd
address,2017 lincoln st
address,2019 sunset blvd
address,2020 park rd
address,2022 lincoln st
address,2023 cedar lane
address,2026 maple dr
address,2030 lincoln st
address,2034 washington ave
address,2037 maple dr
address,204 lincoln st
address,2049 elm blvd
address,205 elm blvd
address,2053 oak ave
address,2056 cedar lane
address,2059 lincoln st
address,2059 washington ave
address,2061 oak ave
address,2062 washington ave
address,2071 lincoln st
address,2074 cedar lane
address,2074 oak ave
address,2079 washington ave
address,2082 cedar lane
address,2086 lincoln st
address,2090 elm blvd
address,2091 elm blvd
address,2091 river rd
address,2091 washington ave
address,2096 oak ave
address,2097 park rd
address,2097 washington ave
address,2099 elm blvd
address,2099 sunset blvd
address,2101 cedar lane
address,2104 river rd
address,2107 park rd
address,2110 main st
address,2111 lincoln st
address,2112 cedar lane
address,2113 oak ave
address,2113 washington ave
address,2114 sunset blvd
address,2116 river rd
address,2119 cedar lane
address,2119 oak ave
address,212 washington ave
address,2122 elm blvd
address,2125 river rd
address,2127 elm blvd
address,2127 river rd
address,213 park rd
address,2131 lincoln st
address,2132 elm blvd
address,2132 oak ave
address,2133 lincoln st
address,2135 elm blvd
address,2139 oak ave
address,2140 river rd
address,2142 maple dr
address,2144 sunset blvd
address,2145 main st
address,2146 maple dr
address,2149 main st
address,2151 washington ave
address,2152 oak ave
address,2152 park rd
address,2152 sunset blvd
address,2153 elm blvd
address,2153 river rd
address,2154 main st
address,2154 oak ave
address,2155 main st
address,2156 park rd
address,2157 cedar lane
address,2159 park rd
address,2164 lincoln st
address,2165 park rd
address,2166 park rd
address,2167 sunset blvd
address,217 oak ave
address,2170 cedar lane
address,2173 washington ave
address,2179 maple dr
address,2181 elm blvd
address,2181 washington ave
address,2184 cedar lane
address,2189 main st
address,2189 maple dr
address,2189 washington ave
address,219 elm blvd
address,219 lincoln st
address,2190 elm blvd
address,2190 river rd
address,2191 cedar lane
address,2197 park rd
address,2198 maple dr
address,2199 park rd
address,2202 elm blvd
address,2202 maple dr
address,2206 main st
address,2208 cedar lane
address,2210 sunset blvd
address,2212 washington ave
address,2214 washington ave
address,2220 sunset blvd
address,2223 maple dr
address,2223 river rd
address,2224 river rd
address,223 oak ave
address,2230 main st
address,2230 park rd
address,2231 main st
address,2234 maple dr
address,2235 cedar lane
address,2239 cedar lane
address,2240 main st
address,2242 sunset blvd
address,2244 cedar lane
address,2244 oak ave
address,2244 river rd
address,2247 cedar lane
address,2249 river rd
address,2249 washington ave
address,2251 washington ave
address,2252 elm blvd
address,2254 elm blvd
address,2255 cedar lane
address,2256 oak ave
address,226 cedar lane
address,2263 elm blvd
address,2263 lincoln st
address,2263 maple dr
address,2264 elm blvd
address,2265 cedar lane
address,2265 maple dr
address,2265 sunset blvd
address,2268 river rd
address,227 elm blvd
address,2270 park rd
address,2270 river rd
address,2271 elm blvd
address,2274 main st
address,2275 elm blvd
address,2276 park rd
address,2277 lincoln st
address,2279 elm blvd
address,2281 washington ave
address,2283 cedar lane
address,2286 lincoln st
address,2286 river rd
address,2286 washington ave
address,229 lincoln st
address,2293 main st
address,2297 washington ave
address,2302 oak ave
address,2307 main st
address,2309 lincoln st
address,2309 oak ave
address,2309 park rd
address,2310 cedar lane
address,2310 elm blvd
address,2310 oak ave
address,2315 cedar lane
address,2315 maple dr
address,2318 washington ave
address,2319 river rd
address,2320 washington ave
address,2321 cedar lane
address,2322 park rd
address,2328 oak ave
address,233 cedar lane
address,2331 river rd
address,2332 main st
address,2334 oak ave
address,2335 main st
address,2336 river rd
address,2338 lincoln st
address,234 elm blvd
address,2343 elm blvd
address,235 park rd
address,2351 cedar lane
address,2353 cedar lane
address,2353 main st
address,2354 lincoln st
address,2354 park rd
address,2356 river rd
address,2357 oak ave
address,2359 elm blvd
address,2359 lincoln st
address,2359 park rd
address,2360 sunset blvd
address,2361 park rd
address,2365 oak ave
address,2366 park rd
address,2367 elm blvd
address,2368 cedar lane
address,237 cedar lane
address,237 maple dr
address,237 sunset blvd
address,2370 elm blvd
address,2372 river rd
address,2373 park rd
address,2373 washington ave
address,2374 maple dr
address,2376 sunset blvd
address,2378 oak ave
address,2379 park rd
address,2380 maple dr
address,2380 river rd
address,2384 maple dr
address,2386 lincoln st
address,2388 lincoln st
address,239 main st
address,239 washington ave
address,2390 elm blvd
address,2392 cedar lane
address,2393 main st
address,2394 river rd
address,2397 elm blvd
address,2398 elm blvd
address,2399 washington ave
address,240 river rd
address,2400 elm blvd
address,2406 sunset blvd
address,2407 main st
address,241 lincoln st
address,2415 oak ave
address,2415 river rd
address,2417 lincoln st
address,2417 oak ave
address,2417 river rd
address,2417 sunset blvd
address,2417 washington ave
address,2418 oak ave
address,2422 maple dr
address,2422 washington ave
address,2424 elm blvd
address,2429 river rd
address,2430 maple dr
address,2432 river rd
address,2434 maple dr
address,2436 elm blvd
address,2438 washington ave
address,2439 washington ave
address,244 maple dr
address,2441 park rd
address,2442 main st
address,2443 cedar lane
address,2444 lincoln st
address,2444 sunset blvd
address,2445 cedar lane
address,2449 main st
address,2449 washington ave
address,2450 cedar lane
address,2456 maple dr
address,2459 lincoln st
address,2462 maple dr
address,2464 sunset blvd
address,2465 cedar lane
address,2465 sunset blvd
address,2468 river rd
address,2480 maple dr
address,2480 river rd
address,2482 river rd
address,2486 cedar lane
address,2486 park rd
address,2486 river rd
address,2495 lincoln st
address,25 oak ave
address,2502 washington ave
address,2505 washington ave
address,2511 river rd
address,2512 park rd
address,2513 park rd
address,2514 maple dr
address,2516 river rd
address,2523 lincoln st
address,2523 maple dr
address,2524 cedar lane
address,2526 river rd
address,2527 lincoln st
address,2530 cedar lane
address,2532 oak ave
address,2533 cedar lane
address,2534 washington ave
address,2535 maple dr
address,2540 oak ave
address,2541 cedar lane
address,2542 lincoln st
address,2549 elm blvd
address,255 main st
address,2551 park rd
address,2551 washington ave
address,2553 elm blvd
address,2554 oak ave
address,256 cedar lane
address,256 lincoln st
address,256 oak ave
address,2561 park rd
address,2562 maple dr
address,2563 cedar lane
address,2565 river rd
address,2566 washington ave
address,2567 lincoln st
address,257 lincoln st
address,2580 river rd
address,2584 oak ave
address,2585 maple dr
address,2588 river rd
address,259 maple dr
address,2591 oak ave
address,2594 lincoln st
address,2595 lincoln st
address,2597 cedar lane
address,2597 main st
address,2599 park rd
address,2603 sunset blvd
address,2608 washington ave
address,2609 river rd
address,2614 river rd
address,2615 maple dr
address,2616 elm blvd
address,2622 river rd
address,2624 lincoln st
address,2629 park rd
address,2629 river rd
address,263 lincoln st
address,263 maple dr
address,2632 main st
address,2634 elm blvd
address,2634 washington ave
address,2636 washington ave
address,2640 elm blvd
address,2640 lincoln st
address,2647 cedar lane
address,2647 lincoln st
address,265 lincoln st
address,2653 river rd
address,2653 sunset blvd
address,2654 river rd
address,2656 park rd
address,2660 oak ave
address,2661 park rd
address,2662 park rd
address,2665 washington ave
address,2666 main st
address,2668 lincoln st
address,2669 park rd
address,2670 main st
address,2675 river rd
address,2676 oak ave
address,2677 oak ave
address,2677 river rd
address,2679 lincoln st
address,268 main st
address,2680 elm blvd
address,2681 washington ave
address,2685 oak ave
address,2686 washington ave
address,2687 main st
address,2689 sunset blvd
address,2690 washington ave
address,2691 cedar lane
address,2692 lincoln st
address,2695 elm blvd
address,2695 lincoln st
address,2695 main st
address,2702 cedar lane
address,2703 park rd
address,2704 lincoln st
address,2704 park rd
address,2704 washington ave
address,2707 river rd
address,2709 oak ave
address,2709 sunset blvd
address,2714 lincoln st
address,2715 cedar lane
address,2720 park rd
address,2722 oak ave
address,2727 maple dr
address,2728 river rd
address,273 maple dr
address,2730 river rd
address,2732 park rd
address,2737 river rd
address,274 lincoln st
address,2741 main st
address,2742 maple dr
address,2742 sunset blvd
address,2746 sunset blvd
address,2751 sunset blvd
address,2752 park rd
address,2765 maple dr
address,2765 river rd
address,2767 lincoln st
address,2767 river rd
address,2768 elm blvd
address,2768 maple dr
address,2770 sunset blvd
address,2771 elm blvd
address,2775 maple dr
address,2776 park rd
address,2776 washington ave
address,2777 elm blvd
address,2778 elm blvd
address,2778 washington ave
address,2779 oak ave
address,2785 lincoln st
address,2787 oak ave
address,2788 park rd
address,2788 washington ave
address,2789 washington ave
address,279 park rd
address,279 washington ave
address,2795 cedar lane
address,2795 main st
address,2795 maple dr
address,2797 cedar lane
address,2798 maple dr
address,2799 washington ave
address,28 cedar lane
address,28 park rd
address,2804 park rd
address,2807 oak ave
address,2809 elm blvd
address,2809 oak ave
address,2810 lincoln st
address,2814 park rd
address,2814 sunset blvd
address,2815 washington ave
address,2816 maple dr
address,282 oak ave
address,2822 sunset blvd
address,2826 river rd
address,2829 main st
address,283 sunset blvd
address,2830 cedar lane
address,2833 cedar lane
address,2833 oak ave
address,2835 lincoln st
address,2836 oak ave
address,2836 sunset blvd
address,2837 river rd
address,2845 maple dr
address,2846 elm blvd
address,2847 elm blvd
address,2847 maple dr
address,2848 lincoln st
address,2849 sunset blvd
address,285 maple dr
address,2851 oak ave
address,2854 river rd
address,2857 river rd
address,2858 park rd
address,2859 sunset blvd
address,286 oak ave
address,2860 lincoln st
address,2861 main st
address,2862 park rd
address,2864 cedar lane
address,2864 elm blvd
address,2867 washington ave
address,2872 elm blvd
address,2874 lincoln st
address,2876 lincoln st
address,2876 main st
address,2876 river rd
address,2878 park rd
address,2880 washington ave
address,2881 oak ave
address,2883 cedar lane
address,2885 oak ave
address,2886 elm blvd
address,2887 washington ave
address,2888 sunset blvd
address,2889 cedar lane
address,2891 sunset blvd
address,2892 lincoln st
address,2893 cedar lane
address,2893 park rd
address,2894 maple dr
address,2897 oak ave
address,29 lincoln st
address,290 lincoln st
address,2901 cedar lane
address,2903 river rd
address,2904 park rd
address,2906 lincoln st
address,2907 oak ave
address,2913 maple dr
address,2913 sunset blvd
address,2914 river rd
address,2922 park rd
address,2924 sunset blvd
address,2925 washington ave
address,2926 park rd
address,2927 maple dr
address,2927 oak ave
address,2929 main st
address,293 oak ave
address,2931 cedar lane
address,2935 lincoln st
address,2935 park rd
address,2941 washington ave
address,2942 sunset blvd
address,2945 park rd
address,2946 maple dr
address,2947 washington ave
address,2949 main st
address,2956 maple dr
address,2956 oak ave
address,2957 washington ave
address,296 lincoln st
address,2963 washington ave
address,2965 cedar lane
address,2965 lincoln st
address,2965 washington ave
address,2971 sunset blvd
address,2977 elm blvd
address,298 river rd
address,2980 park rd
address,2983 oak ave
address,2986 main st
address,2987 park rd
address,2988 cedar lane
address,2990 washington ave
address,2991 main st
address,2991 maple dr
address,2992 washington ave
address,2994 maple dr
address,2994 park rd
address,2996 main st
address,2997 washington ave
address,3 river rd
address,3000 maple dr
address,3001 main st
address,3002 river rd
address,3004 cedar lane
address,3007 maple dr
address,3007 park rd
address,3009 sunset blvd
address,3010 maple dr
address,3011 maple dr
address,3012 river rd
address,3017 river rd
address,3019 main st
address,3021 maple dr
address,3025 washington ave
address,3029 maple dr
address,303 elm blvd
address,3031 park rd
address,3031 sunset blvd
address,3034 oak ave
address,3034 park rd
address,304 cedar lane
address,3042 elm blvd
address,3045 cedar lane
address,3045 oak ave
address,3045 park rd
address,3046 washington ave
address,305 main st
address,3051 lincoln st
address,3053 cedar lane
address,3054 sunset blvd
address,3055 oak ave
address,3058 elm blvd
address,3059 elm blvd
address,3064 main st
address,3065 park rd
address,3072 main st
address,3073 lincoln st
address,3074 washington ave
address,3075 washington ave
address,3076 maple dr
address,3078 cedar lane
address,3084 elm blvd
address,3086 sunset blvd
address,3089 elm blvd
address,3091 sunset blvd
address,3099 cedar lane
address,3099 park rd
address,31 cedar lane
address,310 elm blvd
address,310 maple dr
address,3102 washington ave
address,3105 elm blvd
address,3108 cedar lane
address,3108 washington ave
address,3109 river rd
address,3118 river rd
address,3119 sunset blvd
address,3125 maple dr
address,3128 oak ave
address,3129 park rd
address,313 park rd
address,3135 maple dr
address,3135 river rd
address,3136 elm blvd
address,3138 elm blvd
address,3138 park rd
address,314 washington ave
address,3141 main st
address,3144 oak ave
address,3145 washington ave
address,3147 river rd
address,3149 sunset blvd
address,3153 main st
address,3154 elm blvd
address,3164 oak ave
address,3165 lincoln st
address,3171 sunset blvd
address,3171 washington ave
address,3172 oak ave
address,3172 washington ave
address,3175 river rd
address,3176 lincoln st
address,3178 washington ave
address,318 maple dr
address,3181 main st
address,3181 park rd
address,3182 maple dr
address,3185 maple dr
address,3187 washington ave
address,3188 maple dr
address,3188 park rd
address,3188 washington ave
address,3189 oak ave
address,3190 sunset blvd
address,3192 cedar lane
address,3195 main st
address,3197 maple dr
address,3197 park rd
address,3202 sunset blvd
address,3205 main st
address,3206 elm blvd
address,3209 cedar lane
address,3209 sunset blvd
address,3213 cedar lane
address,3214 lincoln st
address,3215 oak ave
address,3217 cedar lane
address,3217 lincoln st
address,322 river rd
address,3221 cedar lane
address,3221 park rd
address,3223 oak ave
address,3224 maple dr
address,3225 lincoln st
address,3226 cedar lane
address,3231 elm blvd
address,3232 maple dr
address,3236 cedar lane
address,3238 river rd
address,324 sunset blvd
address,3240 maple dr
address,3242 washington ave
address,3244 main st
address,3244 river rd
address,3244 sunset blvd
address,3246 elm blvd
address,3248 oak ave
address,3249 washington ave
address,3252 river rd
address,3254 lincoln st
address,3254 washington ave
address,326 maple dr
address,326 sunset blvd
address,3260 oak ave
address,3262 washington ave
address,3263 main st
address,3264 lincoln st
address,3265 washington ave
address,3266 maple dr
address,327 cedar lane
address,3274 sunset blvd
address,3276 sunset blvd
address,3279 maple dr
address,328 washington ave
address,3281 maple dr
address,3281 washington ave
address,3282 river rd
address,3284 cedar lane
address,3288 maple dr
address,3289 washington ave
address,3290 elm blvd
address,3291 park rd
address,3298 oak ave
address,33 lincoln st
address,3301 cedar lane
address,3301 river rd
address,3305 lincoln st
address,3305 park rd
address,3310 cedar lane
address,3313 cedar lane
address,3315 elm blvd
address,3319 main st
address,3321 park rd
address,3323 lincoln st
address,3323 sunset blvd
address,3324 elm blvd
address,3325 sunset blvd
address,3326 elm blvd
address,3326 maple dr
address,333 cedar lane
address,333 main st
address,3332 cedar lane
address,3336 elm blvd
address,3336 main st
address,3338 park rd
address,3341 elm blvd
address,3346 elm blvd
address,335 washington ave
address,3351 cedar lane
address,3353 park rd
address,3354 elm blvd
address,3355 oak ave
address,3356 lincoln st
address,3357 main st
address,3359 river rd
address,3360 sunset blvd
address,3361 lincoln st
address,3361 sunset blvd
address,3362 washington ave
address,3363 cedar lane
address,3364 maple dr
address,3367 washington ave
address,3374 elm blvd
address,3375 park rd
address,3376 lincoln st
address,3376 maple dr
address,3376 oak ave
address,338 park rd
address,3384 lincoln st
address,3384 park rd
address,3385 maple dr
address,3388 elm blvd
address,3388 lincoln st
address,3388 park rd
address,3389 maple dr
address,339 park rd
address,3393 elm blvd
address,3393 oak ave
address,3396 cedar lane
address,3397 sunset blvd
address,3398 elm blvd
address,34 lincoln st
address,3400 oak ave
address,3401 washington ave
address,3403 elm blvd
address,3403 river rd
address,3408 main st
address,3408 sunset blvd
address,3409 cedar lane
address,3409 main st
address,3410 lincoln st
address,3417 lincoln st
address,3421 washington ave
address,3422 park rd
address,3423 cedar lane
address,3424 washington ave
address,3427 washington ave
address,3432 main st
address,3433 maple dr
address,3434 maple dr
address,3435 elm blvd
address,3438 river rd
address,3439 maple dr
address,3441 lincoln st
address,3442 oak ave
address,3442 park rd
address,3444 sunset blvd
address,3446 cedar lane
address,3447 cedar lane
address,3447 sunset blvd
address,3447 washington ave
address,345 sunset blvd
address,3453 main st
address,3454 maple dr
address,3454 park rd
address,3456 lincoln st
address,3457 lincoln st
address,3457 oak ave
address,3462 washington ave
address,3463 cedar lane
address,3465 river rd
address,3468 elm blvd
address,3468 maple dr
address,3471 park rd
address,3473 elm blvd
address,3480 elm blvd
address,3481 lincoln st
address,3482 oak ave
address,3487 washington ave
address,349 maple dr
address,3496 lincoln st
address,3497 cedar lane
address,3497 elm blvd
address,3500 elm blvd
address,3507 river rd
address,3509 river rd
address,351 main st
address,351 washington ave
address,3512 lincoln st
address,3512 washington ave
address,3513 lincoln st
address,3516 oak ave
address,3517 lincoln st
address,3517 oak ave
address,3519 elm blvd
address,352 cedar lane
address,3520 park rd
address,3521 cedar lane
address,3523 park rd
address,3524 maple dr
address,3524 sunset blvd
address,3527 park rd
address,3528 lincoln st
address,353 lincoln st
address,3531 oak ave
address,3531 sunset blvd
address,3532 elm blvd
address,3532 river rd
address,3532 washington ave
address,3533 park rd
address,3537 elm blvd
address,3537 lincoln st
address,3539 cedar lane
address,3540 main st
address,3541 maple dr
address,3541 river rd
address,3541 washington ave
address,355 cedar lane
address,3550 main st
address,3551 elm blvd
address,3556 sunset blvd
address,3558 park rd
address,3561 lincoln st
address,3564 cedar lane
address,3564 maple dr
address,3567 washington ave
address,357 river rd
address,3570 park rd
address,3571 maple dr
address,3572 sunset blvd
address,3576 main st
address,3579 main st
address,3580 elm blvd
address,3582 washington ave
address,3583 sunset blvd
address,3584 sunset blvd
address,3585 oak ave
address,3588 park rd
address,3589 park rd
address,359 main st
address,3593 elm blvd
address,3593 oak ave
address,3594 elm blvd
address,3596 maple dr
address,3597 sunset blvd
address,3597 washington ave
address,3607 elm blvd
address,3609 river rd
address,3613 river rd
address,3614 elm blvd
address,3615 park rd
address,3616 oak ave
address,3617 park rd
address,3618 river rd
address,362 cedar lane
address,3624 maple dr
address,3627 main st
address,363 elm blvd
address,363 sunset blvd
address,3630 elm blvd
address,3631 sunset blvd
address,3634 elm blvd
address,3634 oak ave
address,3636 sunset blvd
address,3637 sunset blvd
address,3638 washington ave
address,364 park rd
address,3642 river rd
address,3643 lincoln st
address,3644 elm blvd
address,3645 oak ave
address,3646 washington ave
address,3648 sunset blvd
address,365 main st
address,3651 river rd
address,3655 park rd
address,3658 elm blvd
address,3661 maple dr
address,3665 lincoln st
address,3667 lincoln st
address,367 river rd
address,3672 oak ave
address,3673 river rd
address,3678 park rd
address,368 lincoln st
address,3683 river rd
address,3684 elm blvd
address,3684 sunset blvd
address,3685 elm blvd
address,3686 main st
address,3688 river rd
address,3689 park rd
address,3690 main st
address,3695 cedar lane
address,3695 elm blvd
address,3695 oak ave
address,3699 elm blvd
address,3704 sunset blvd
address,3707 elm blvd
address,3707 washington ave
address,3708 maple dr
address,3708 oak ave
address,371 maple dr
address,3711 cedar lane
address,3713 elm blvd
address,3715 oak ave
address,3715 river rd
address,3717 main st
address,3717 maple dr
address,372 elm blvd
address,372 maple dr
address,3722 elm blvd
address,3724 sunset blvd
address,3725 lincoln st
address,3726 sunset blvd
address,3727 river rd
address,3728 park rd
address,3728 sunset blvd
address,373 elm blvd
address,3730 maple dr
address,3731 main st
address,3735 cedar lane
address,3735 lincoln st
address,3738 main st
address,3738 maple dr
address,3739 elm blvd
address,374 river rd
address,3741 maple dr
address,3742 maple dr
address,3742 park rd
address,3746 cedar lane
address,3746 river rd
address,3749 park rd
address,3750 elm blvd
address,3750 maple dr
address,3756 lincoln st
address,3756 maple dr
address,3759 river rd
address,3763 main st
address,3764 main st
address,3765 lincoln st
address,3765 park rd
address,3766 cedar lane
address,3769 sunset blvd
address,377 main st
address,377 oak ave
address,3770 washington ave
address,3773 park rd
address,3774 lincoln st
address,3775 cedar lane
address,3775 park rd
address,3778 main st
address,3778 oak ave
address,378 oak ave
address,3781 sunset blvd
address,3781 washington ave
address,3782 washington ave
address,3783 cedar lane
address,3787 lincoln st
address,3787 oak ave
address,3787 sunset blvd
address,3788 river rd
address,3790 cedar lane
address,3792 main st
address,3792 maple dr
address,3795 elm blvd
address,3796 maple dr
address,3798 park rd
address,3799 lincoln st
address,380 elm blvd
address,380 maple dr
address,3802 maple dr
address,3803 cedar lane
address,3806 cedar lane
address,3806 washington ave
address,3811 lincoln st
address,3814 park rd
address,3817 sunset blvd
address,382 lincoln st
address,3823 river rd
address,3827 park rd
address,383 cedar lane
address,3831 lincoln st
address,3838 sunset blvd
address,3844 elm blvd
address,3847 oak ave
address,3851 sunset blvd
address,3852 river rd
address,3853 elm blvd
address,3853 maple dr
address,3858 washington ave
address,386 washington ave
address,3868 elm blvd
address,3870 washington ave
address,3871 river rd
address,3874 lincoln st
address,3878 river rd
address,3879 elm blvd
address,388 elm blvd
address,3881 river rd
address,3883 elm blvd
address,3888 park rd
address,3891 cedar lane
address,3892 elm blvd
address,3892 river rd
address,3893 cedar lane
address,3893 lincoln st
address,3894 sunset blvd
address,3896 river rd
address,3898 washington ave
address,3901 washington ave
address,3903 park rd
address,3904 lincoln st
address,3905 lincoln st
address,3905 park rd
address,3909 oak ave
address,3911 park rd
address,3913 maple dr
address,3916 elm blvd
address,3917 cedar lane
address,3919 oak ave
address,3920 cedar lane
address,3922 washington ave
address,3925 washington ave
address,3926 elm blvd
address,3926 park rd
address,3927 sunset blvd
address,3929 lincoln st
address,393 elm blvd
address,393 sunset blvd
address,3931 main st
address,3935 maple dr
address,3940 main st
address,3942 maple dr
address,3942 washington ave
address,3943 maple dr
address,3946 lincoln st
address,395 cedar lane
address,395 sunset blvd
address,3951 elm blvd
address,3951 main st
address,3951 maple dr
address,3951 sunset blvd
address,3952 main st
address,3952 maple dr
address,3952 sunset blvd
address,3958 elm blvd
address,3960 washington ave
address,3967 park rd
address,3969 washington ave
address,397 lincoln st
address,3970 elm blvd
address,3972 oak ave
address,3975 maple dr
address,3978 oak ave
address,3979 washington ave
address,398 park rd
address,3980 river rd
address,3981 cedar lane
address,3983 washington ave
address,3984 sunset blvd
address,3985 maple dr
address,3987 park rd
address,3987 river rd
address,3988 maple dr
address,3989 oak ave
address,3989 sunset blvd
address,3990 maple dr
address,3993 sunset blvd
address,3997 washington ave
address,3999 cedar lane
address,3999 lincoln st
address,4 main st
address,4 river rd
address,4000 cedar lane
address,4001 sunset blvd
address,4002 maple dr
address,4006 cedar lane
address,4006 oak ave
address,4009 maple dr
address,4014 sunset blvd
address,4016 sunset blvd
address,4018 maple dr
address,4018 washington ave
address,4019 park rd
address,4020 maple dr
address,4023 elm blvd
address,4025 river rd
address,4026 lincoln st
address,4030 maple dr
address,4035 park rd
address,4038 lincoln st
address,404 river rd
address,4040 lincoln st
address,4041 lincoln st
address,4041 maple dr
address,4043 elm blvd
address,4044 maple dr
address,4046 sunset blvd
address,4053 elm blvd
address,4054 main st
address,4056 washington ave
address,4058 main st
address,4059 cedar lane
address,4060 river rd
address,4065 main st
address,4068 elm blvd
address,4070 sunset blvd
address,4071 maple dr
address,4072 oak ave
address,4083 park rd
address,4087 river rd
address,4087 washington ave
address,4088 maple dr
address,4089 cedar lane
address,4091 maple dr
address,4094 river rd
address,4096 elm blvd
address,4096 main st
address,4097 park rd
address,410 maple dr
address,4104 main st
address,4107 park rd
address,4109 maple dr
address,4111 river rd
address,4113 washington ave
address,4114 main st
address,4114 sunset blvd
address,4115 cedar lane
address,4116 oak ave
address,4119 elm blvd
address,412 river rd
address,4120 elm blvd
address,4120 oak ave
address,4121 park rd
address,4124 elm blvd
address,4125 maple dr
address,4125 oak ave
address,4126 lincoln st
address,4130 washington ave
address,4131 elm blvd
address,4135 park rd
address,4136 park rd
address,414 park rd
address,4142 oak ave
address,4143 washington ave
address,4145 washington ave
address,4148 washington ave
address,4149 lincoln st
address,415 maple dr
address,4150 cedar lane
address,4150 park rd
address,4151 cedar lane
address,4155 cedar lane
address,4158 maple dr
address,4163 lincoln st
address,4164 lincoln st
address,4164 washington ave
address,4165 main st
address,4167 elm blvd
address,4169 maple dr
address,417 elm blvd
address,4173 oak ave
address,4173 washington ave
address,4175 main st
address,4175 maple dr
address,4178 elm blvd
address,4179 elm blvd
address,4186 lincoln st
address,4187 main st
address,4187 maple dr
address,4187 park rd
address,4187 sunset blvd
address,4188 lincoln st
address,4188 washington ave
address,4189 river rd
address,419 river rd
address,4194 main st
address,4195 main st
address,4196 oak ave
address,4203 sunset blvd
address,4205 oak ave
address,4206 oak ave
address,4207 elm blvd
address,4207 lincoln st
address,4208 cedar lane
address,4209 river rd
address,4217 park rd
address,4218 sunset blvd
address,4218 washington ave
address,4220 maple dr
address,4220 oak ave
address,4222 cedar lane
address,4225 washington ave
address,4227 main st
address,4227 park rd
address,4227 washington ave
address,4229 washington ave
address,423 oak ave
address,4230 park rd
address,4231 cedar lane
address,4231 main st
address,4232 lincoln st
address,4234 oak ave
address,4235 washington ave
address,4237 cedar lane
address,4240 cedar lane
address,4240 maple dr
address,425 washington ave
address,4250 river rd
address,4253 washington ave
address,4255 river rd
address,4256 park rd
address,4259 main st
address,4264 park rd
address,4265 maple dr
address,4266 cedar lane
address,4273 park rd
address,4275 lincoln st
address,428 elm blvd
address,428 park rd
address,4280 washington ave
address,4281 lincoln st
address,4283 park rd
address,4285 washington ave
address,4287 maple dr
address,4288 main st
address,4289 cedar lane
address,4290 elm blvd
address,4292 maple dr
address,4295 washington ave
address,4296 elm blvd
address,4298 maple dr
address,4300 main st
address,4301 cedar lane
address,4304 elm blvd
address,4307 lincoln st
address,4307 park rd
address,431 cedar lane
address,4310 washington ave
address,4311 oak ave
address,4311 river rd
address,4312 lincoln st
address,4312 maple dr
address,4312 oak ave
address,4313 lincoln st
address,4314 lincoln st
address,4317 river rd
address,432 washington ave
address,4323 elm blvd
address,4324 elm blvd
address,4325 oak ave
address,4329 elm blvd
address,4334 main st
address,4335 lincoln st
address,4336 river rd
address,4337 park rd
address,434 river rd
address,4343 maple dr
address,4345 main st
address,4345 park rd
address,4347 sunset blvd
address,4348 main st
address,435 maple dr
address,4350 elm blvd
address,4352 main st
address,4353 park rd
address,4356 river rd
address,4356 sunset blvd
address,4358 sunset blvd
address,4359 lincoln st
address,4360 cedar lane
address,4363 sunset blvd
address,4365 main st
address,4369 maple dr
address,4369 washington ave
address,4370 main st
address,4371 park rd
address,4376 cedar lane
address,4376 oak ave
address,438 cedar lane
address,438 lincoln st
address,438 maple dr
address,438 park rd
address,4380 park rd
address,4382 main st
address,4386 oak ave
address,4387 lincoln st
address,4388 sunset blvd
address,439 river rd
address,4390 oak ave
address,4392 maple dr
address,4393 river rd
address,4394 main st
address,4395 washington ave
address,4400 elm blvd
address,4403 river rd
address,4404 elm blvd
address,4408 lincoln st
address,4410 elm blvd
address,4414 sunset blvd
address,4415 park rd
address,4419 main st
address,442 washington ave
address,4420 washington ave
address,4421 cedar lane
address,4424 lincoln st
address,4429 elm blvd
address,4433 main st
address,4434 elm blvd
address,4435 main st
address,4440 river rd
address,4442 elm blvd
address,4443 elm blvd
address,4445 elm blvd
address,4445 river rd
address,4446 maple dr
address,4447 main st
address,4449 lincoln st
address,4454 lincoln st
address,4455 main st
address,4457 washington ave
address,4463 oak ave
address,4465 river rd
address,4467 elm blvd
address,4467 washington ave
address,447 oak ave
address,447 park rd
address,4472 maple dr
address,4472 oak ave
address,4475 main st
address,4476 park rd
address,4476 river rd
address,4476 washington ave
address,4477 elm blvd
address,4477 park rd
address,4478 oak ave
address,4478 river rd
address,4481 washington ave
address,4484 main st
address,4484 washington ave
address,4485 park rd
address,4489 river rd
address,449 maple dr
address,4490 oak ave
address,4492 oak ave
address,4498 elm blvd
address,450 sunset blvd
address,4500 oak ave
address,4500 river rd
address,4502 maple dr
address,4506 cedar lane
address,4507 washington ave
address,4510 cedar lane
address,4514 maple dr
address,4516 sunset blvd
address,4522 maple dr
address,4525 oak ave
address,4526 lincoln st
address,4527 river rd
address,4529 cedar lane
address,4530 washington ave
address,4531 oak ave
address,4531 park rd
address,4533 lincoln st
address,4533 main st
address,4539 elm blvd
address,4541 cedar lane
address,4541 main st
address,4542 main st
address,4544 river rd
address,4547 oak ave
address,4550 washington ave
address,4554 maple dr
address,4558 river rd
address,456 park rd
address,456 river rd
address,4561 cedar lane
address,4562 maple dr
address,4568 park rd
address,4569 cedar lane
address,4570 lincoln st
address,4573 river rd
address,4577 park rd
address,4579 maple dr
address,4581 cedar lane
address,4583 maple dr
address,4583 park rd
address,4587 elm blvd
address,4587 washington ave
address,459 maple dr
address,4590 oak ave
address,4591 lincoln st
address,4596 park rd
address,4597 river rd
address,4598 oak ave
address,4599 cedar lane
address,460 river rd
address,4600 river rd
address,4602 river rd
address,4604 main st
address,4604 park rd
address,4605 washington ave
address,462 elm blvd
address,4620 oak ave
address,4621 elm blvd
address,4623 main st
address,4625 oak ave
address,463 cedar lane
address,4630 sunset blvd
address,4633 cedar lane
address,4634 river rd
address,4634 washington ave
address,4635 park rd
address,4636 sunset blvd
address,4638 lincoln st
address,4639 river rd
address,4640 washington ave
address,4641 lincoln st
address,4642 main st
address,4642 river rd
address,4643 park rd
address,4644 oak ave
address,4644 park rd
address,4644 washington ave
address,4646 main st
address,4648 park rd
address,4651 maple dr
address,4657 elm blvd
address,4661 river rd
address,4664 elm blvd
address,4665 river rd
address,4666 washington ave
address,4667 elm blvd
address,4669 washington ave
address,467 cedar lane
address,467 oak ave
address,4670 river rd
address,4672 lincoln st
address,4675 lincoln st
address,4675 washington ave
address,4677 park rd
address,4683 park rd
address,4686 washington ave
address,4687 oak ave
address,4689 cedar lane
address,4689 washington ave
address,469 oak ave
address,4690 cedar lane
address,4690 park rd
address,4691 lincoln st
address,4693 elm blvd
address,4693 oak ave
address,470 elm blvd
address,4700 park rd
address,4701 washington ave
address,4707 washington ave
address,4713 main st
address,4713 washington ave
address,4714 main st
address,4718 sunset blvd
address,472 sunset blvd
address,4722 oak ave
address,4728 lincoln st
address,4729 main st
address,4731 washington ave
address,4735 park rd
address,4738 elm blvd
address,4739 washington ave
address,474 river rd
address,4740 washington ave
address,4744 oak ave
address,4749 lincoln st
address,475 elm blvd
address,4752 park rd
address,4759 main st
address,4759 park rd
address,4761 elm blvd
address,4761 maple dr
address,4763 sunset blvd
address,4764 lincoln st
address,4768 park rd
address,4768 washington ave
address,4771 elm blvd
address,4771 maple dr
address,4773 elm blvd
address,4773 river rd
address,4779 park rd
address,478 maple dr
address,4782 elm blvd
address,4786 cedar lane
address,4786 main st
address,4789 maple dr
address,4789 river rd
address,479 lincoln st
address,4794 cedar lane
address,4797 washington ave
address,4802 park rd
address,4806 elm blvd
address,4808 river rd
address,481 oak ave
address,481 washington ave
address,4812 washington ave
address,4821 lincoln st
address,4822 maple dr
address,4822 river rd
address,4824 sunset blvd
address,4826 elm blvd
address,4826 park rd
address,4827 elm blvd
address,483 river rd
address,4832 maple dr
address,4832 park rd
address,4833 park rd
address,4836 maple dr
address,4838 elm blvd
address,4838 main st
address,484 river rd
address,4841 maple dr
address,4842 main st
address,4842 maple dr
address,4844 main st
address,4844 maple dr
address,4846 river rd
address,4851 washington ave
address,4852 oak ave
address,4858 main st
address,486 elm blvd
address,4862 park rd
address,4866 oak ave
address,4866 washington ave
address,4869 cedar lane
address,4869 oak ave
address,487 sunset blvd
address,4873 park rd
address,4876 maple dr
address,4876 sunset blvd
address,4880 cedar lane
address,4881 washington ave
address,4888 elm blvd
address,4888 river rd
address,489 river rd
address,4891 lincoln st
address,4894 sunset blvd
address,4898 main st
address,4899 lincoln st
address,490 elm blvd
address,4904 washington ave
address,4905 cedar lane
address,4905 washington ave
address,4907 oak ave
address,4908 maple dr
address,4910 cedar lane
address,4912 maple dr
address,4913 oak ave
address,4913 sunset blvd
address,4914 elm blvd
address,4914 maple dr
address,4917 elm blvd
address,4925 sunset blvd
address,4925 washington ave
address,4926 elm blvd
address,4930 park rd
address,4931 lincoln st
address,4932 oak ave
address,4934 sunset blvd
address,4935 oak ave
address,4936 main st
address,4937 sunset blvd
address,4938 oak ave
address,4942 park rd
address,4943 lincoln st
address,4943 river rd
address,4943 sunset blvd
address,4944 washington ave
address,4945 elm blvd
address,4948 lincoln st
address,4948 maple dr
address,495 park rd
address,495 sunset blvd
address,4953 main st
address,4954 main st
address,4959 cedar lane
address,4961 main st
address,4962 river rd
address,4963 oak ave
address,4968 oak ave
address,4968 sunset blvd
address,497 main st
address,4970 main st
address,4974 river rd
address,4975 elm blvd
address,4975 lincoln st
address,4982 oak ave
address,4983 sunset blvd
address,4985 lincoln st
address,4985 river rd
address,4986 park rd
address,4987 lincoln st
address,499 river rd
address,4991 park rd
address,4995 park rd
address,50 maple dr
address,5004 cedar lane
address,5005 cedar lane
address,5005 elm blvd
address,5005 maple dr
address,5007 main st
address,501 oak ave
address,5011 park rd
address,5015 river rd
address,5019 river rd
address,502 sunset blvd
address,5020 park rd
address,5022 washington ave
address,5024 lincoln st
address,5025 lincoln st
address,5025 river rd
address,5030 river rd
address,5031 oak ave
address,5033 maple dr
address,5033 park rd
address,5034 river rd
address,5037 river rd
address,5040 washington ave
address,5041 river rd
address,5045 cedar lane
address,5046 lincoln st
address,5047 park rd
address,505 elm blvd
address,5050 washington ave
address,5051 cedar lane
address,5051 lincoln st
address,5051 oak ave
address,5051 park rd
address,5053 cedar lane
address,5053 river rd
address,5053 washington ave
address,5057 lincoln st
address,5061 river rd
address,5063 elm blvd
address,5067 oak ave
address,5069 main st
address,5071 sunset blvd
address,5072 elm blvd
address,5073 park rd
address,5074 sunset blvd
address,5075 lincoln st
address,5075 main st
address,5075 river rd
address,5076 lincoln st
address,5076 main st
address,5078 lincoln st
address,5079 oak ave
address,5086 elm blvd
address,5087 maple dr
address,5088 maple dr
address,5088 washington ave
address,5089 maple dr
address,5089 oak ave
address,509 lincoln st
address,5094 main st
address,5097 lincoln st
address,5098 park rd
address,51 lincoln st
address,5103 washington ave
address,5105 oak ave
address,5109 washington ave
address,5113 park rd
address,5116 sunset blvd
address,5123 elm blvd
address,5124 lincoln st
address,5126 river rd
address,5128 elm blvd
address,5129 washington ave
address,5133 maple dr
address,5133 oak ave
address,5135 cedar lane
address,5136 washington ave
address,5137 river rd
address,5140 river rd
address,5140 washington ave
address,5141 oak ave
address,5143 main st
address,5143 river rd
address,5146 lincoln st
address,5152 oak ave
address,5152 park rd
address,5153 washington ave
address,5154 cedar lane
address,5154 sunset blvd
address,5156 lincoln st
address,5157 park rd
address,5159 lincoln st
address,5161 cedar lane
address,5165 oak ave
address,5165 park rd
address,5167 cedar lane
address,5171 lincoln st
address,5178 river rd
address,518 lincoln st
address,5180 lincoln st
address,5181 oak ave
address,5181 sunset blvd
address,5182 cedar lane
address,5183 cedar lane
address,5183 main st
address,5184 washington ave
address,5186 elm blvd
address,5186 river rd
address,5189 cedar lane
address,519 lincoln st
address,519 sunset blvd
address,5190 park rd
address,5192 washington ave
address,5195 sunset blvd
address,5199 main st
address,520 park rd
address,5202 lincoln st
address,5202 sunset blvd
address,5204 lincoln st
address,5207 river rd
address,5208 main st
address,5209 sunset blvd
address,5211 oak ave
address,5214 washington ave
address,5217 washington ave
address,5219 sunset blvd
address,5221 oak ave
address,5223 maple dr
address,523 elm blvd
address,5230 oak ave
address,5232 sunset blvd
address,5233 lincoln st
address,5237 main st
address,524 maple dr
address,524 park rd
address,524 sunset blvd
address,5244 washington ave
address,5245 sunset blvd
address,5245 washington ave
address,5248 lincoln st
address,5249 oak ave
address,525 cedar lane
address,5250 cedar lane
address,5252 river rd
address,5253 park rd
address,5256 river rd
address,5259 cedar lane
address,5259 oak ave
address,526 elm blvd
address,5260 river rd
address,5262 river rd
address,5266 lincoln st
address,5268 maple dr
address,527 oak ave
address,5273 maple dr
address,5273 park rd
address,5275 elm blvd
address,528 park rd
address,5280 main st
address,5280 park rd
address,5280 river rd
address,5280 washington ave
address,5281 lincoln st
address,5284 main st
address,5284 oak ave
address,5286 oak ave
address,5287 oak ave
address,5288 cedar lane
address,5289 river rd
address,5292 park rd
address,5294 washington ave
address,5295 cedar lane
address,5295 elm blvd
address,5295 oak ave
address,5298 lincoln st
address,53 river rd
address,530 oak ave
address,5304 sunset blvd
address,5308 main st
address,5309 river rd
address,531 lincoln st
address,5313 main st
address,5316 maple dr
address,5317 cedar lane
address,5322 river rd
address,5323 river rd
address,5323 sunset blvd
address,5324 main st
address,5326 elm blvd
address,5327 main st
address,5327 oak ave
address,5328 elm blvd
address,5335 lincoln st
address,5337 cedar lane
address,5339 maple dr
address,5340 river rd
address,5342 elm blvd
address,5342 oak ave
address,5342 park rd
address,5344 sunset blvd
address,5345 elm blvd
address,5346 oak ave
address,5349 lincoln st
address,5349 washington ave
address,535 oak ave
address,535 sunset blvd
address,5350 main st
address,5354 elm blvd
address,5354 park rd
address,5357 elm blvd
address,5357 sunset blvd
address,536 lincoln st
address,5360 cedar lane
address,5364 sunset blvd
address,5365 river rd
address,5366 maple dr
address,5368 washington ave
address,5369 main st
address,5369 sunset blvd
address,5372 cedar lane
address,5376 oak ave
address,5377 lincoln st
address,5382 cedar lane
address,5384 oak ave
address,5385 lincoln st
address,5390 cedar lane
address,5392 oak ave
address,5396 cedar lane
address,5397 washington ave
address,5398 river rd
address,54 elm blvd
address,540 maple dr
address,5403 lincoln st
address,5403 park rd
address,5405 sunset blvd
address,5407 main st
address,5407 park rd
address,5408 sunset blvd
address,5409 river rd
address,5409 sunset blvd
address,541 park rd
address,541 sunset blvd
address,5414 oak ave
address,5416 river rd
address,5417 main st
address,542 main st
address,542 oak ave
address,5420 lincoln st
address,5420 river rd
address,5429 washington ave
address,5430 main st
address,5434 maple dr
address,5436 sunset blvd
address,5442 lincoln st
address,5445 park rd
address,5448 oak ave
address,5449 river rd
address,5450 washington ave
address,5452 lincoln st
address,5455 lincoln st
address,5455 sunset blvd
address,5457 sunset blvd
address,5457 washington ave
address,5462 cedar lane
address,5463 maple dr
address,5464 lincoln st
address,5464 oak ave
address,5468 oak ave
address,547 oak ave
address,5472 elm blvd
address,5479 main st
address,548 sunset blvd
address,5480 maple dr
address,5480 washington ave
address,5482 river rd
address,5484 elm blvd
address,5486 washington ave
address,5487 oak ave
address,5488 river rd
address,5489 maple dr
address,549 cedar lane
address,549 maple dr
address,5494 river rd
address,5496 maple dr
address,55 lincoln st
address,5500 park rd
address,5500 washington ave
address,5502 river rd
address,5506 lincoln st
address,5506 sunset blvd
address,5509 elm blvd
address,5510 river rd
address,5511 oak ave
address,5516 park rd
address,5519 oak ave
address,5523 maple dr
address,5523 oak ave
address,5524 oak ave
address,5525 lincoln st
address,5526 sunset blvd
address,5534 sunset blvd
address,5536 sunset blvd
address,5546 oak ave
address,5549 elm blvd
address,555 main st
address,555 maple dr
address,555 oak ave
address,5550 cedar lane
address,5550 lincoln st
address,5551 lincoln st
address,5551 park rd
address,5554 maple dr
address,5556 river rd
address,5559 park rd
address,5562 elm blvd
address,5563 lincoln st
address,5564 lincoln st
address,5564 maple dr
address,5564 washington ave
address,5565 lincoln st
address,5574 washington ave
address,558 maple dr
address,5585 park rd
address,5587 sunset blvd
address,5591 park rd
address,5594 sunset blvd
address,5596 sunset blvd
address,5598 main st
address,5599 maple dr
address,56 park rd
address,5605 elm blvd
address,5609 main st
address,5610 main st
address,5612 lincoln st
address,5614 cedar lane
address,5620 elm blvd
address,5621 cedar lane
address,5622 cedar lane
address,5622 elm blvd
address,5625 elm blvd
address,5625 maple dr
address,563 cedar lane
address,5630 main st
address,5633 main st
address,5634 main st
address,5636 park rd
address,5638 elm blvd
address,5641 river rd
address,5642 elm blvd
address,5642 park rd
address,5644 cedar lane
address,5645 sunset blvd
address,5647 cedar lane
address,5647 maple dr
address,5649 park rd
address,565 lincoln st
address,5650 washington ave
address,5651 elm blvd
address,5651 river rd
address,5655 sunset blvd
address,566 oak ave
address,5660 cedar lane
address,5662 main st
address,5664 oak ave
address,5664 sunset blvd
address,5665 main st
address,5666 cedar lane
address,5667 washington ave
address,5668 oak ave
address,5668 park rd
address,567 elm blvd
address,567 main st
address,5673 lincoln st
address,5673 main st
address,5673 river rd
address,5674 lincoln st
address,5677 cedar lane
address,5678 main st
address,568 lincoln st
address,5680 washington ave
address,5684 cedar lane
address,5684 elm blvd
address,5685 lincoln st
address,5690 elm blvd
address,5690 main st
address,5690 river rd
address,5692 washington ave
address,5694 elm blvd
address,5697 lincoln st
address,5698 river rd
address,5699 maple dr
address,5699 washington ave
address,570 park rd
address,5703 cedar lane
address,5704 maple dr
address,5705 maple dr
address,5705 river rd
address,5715 river rd
address,5715 sunset blvd
address,5717 maple dr
address,5719 sunset blvd
address,5723 lincoln st
address,5725 oak ave
address,5726 elm blvd
address,5726 washington ave
address,573 cedar lane
address,5731 sunset blvd
address,5733 river rd
address,5734 cedar lane
address,5734 river rd
address,5735 sunset blvd
address,5737 park rd
address,5738 river rd
address,5739 elm blvd
address,5741 sunset blvd
address,5743 elm blvd
address,5747 cedar lane
address,5747 oak ave
address,5748 elm blvd
address,5750 main st
address,5751 cedar lane
address,5754 main st
address,5755 river rd
address,5756 maple dr
address,5757 river rd
address,5758 lincoln st
address,576 maple dr
address,5765 river rd
address,5767 elm blvd
address,5768 cedar lane
address,577 lincoln st
address,577 oak ave
address,5771 sunset blvd
address,5775 main st
address,5777 elm blvd
address,578 main st
address,5783 main st
address,5783 oak ave
address,5787 river rd
address,5788 sunset blvd
address,5790 oak ave
address,5793 elm blvd
address,5794 cedar lane
address,5795 washington ave
address,5798 lincoln st
address,5799 lincoln st
address,5799 maple dr
address,580 cedar lane
address,5800 elm blvd
address,5801 washington ave
address,5802 oak ave
address,5803 elm blvd
address,5805 river rd
address,5805 sunset blvd
address,5808 maple dr
address,581 cedar lane
address,5811 park rd
address,5813 lincoln st
address,5817 lincoln st
address,5822 washington ave
address,5825 maple dr
address,5825 park rd
address,5827 cedar lane
address,5827 lincoln st
address,5828 main st
address,5829 lincoln st
address,5829 main st
address,5830 main st
address,5830 river rd
address,5834 maple dr
address,5835 lincoln st
address,5838 park rd
address,5841 river rd
address,5841 sunset blvd
address,5841 washington ave
address,5848 cedar lane
address,5848 oak ave
address,5849 main st
address,5851 river rd
address,5851 sunset blvd
address,5854 cedar lane
address,586 lincoln st
address,5861 sunset blvd
address,5865 lincoln st
address,5866 maple dr
address,5867 oak ave
address,5868 cedar lane
address,5868 elm blvd
address,5869 main st
address,5869 sunset blvd
address,587 main st
address,5870 maple dr
address,5870 washington ave
address,5872 park rd
address,5874 maple dr
address,5875 park rd
address,5876 oak ave
address,5879 elm blvd
address,588 oak ave
address,5881 park rd
address,5882 park rd
address,5888 washington ave
address,5889 elm blvd
address,5891 cedar lane
address,5894 park rd
address,5895 oak ave
address,5896 lincoln st
address,5897 river rd
address,59 park rd
address,59 washington ave
address,5901 sunset blvd
address,5904 sunset blvd
address,5905 washington ave
address,5906 river rd
address,5907 elm blvd
address,5910 river rd
address,5913 lincoln st
address,5915 main st
address,5917 elm blvd
address,5917 river rd
address,5918 river rd
address,5919 main st
address,5922 main st
address,5923 river rd
address,5924 sunset blvd
address,5925 maple dr
address,5928 cedar lane
address,5928 park rd
address,5929 washington ave
address,593 maple dr
address,5933 washington ave
address,5935 elm blvd
address,5939 oak ave
address,594 sunset blvd
address,5941 oak ave
address,5947 cedar lane
address,5949 elm blvd
address,5949 lincoln st
address,5954 park rd
address,5956 cedar lane
address,5960 park rd
address,5963 main st
address,5966 washington ave
address,5968 elm blvd
address,5975 cedar lane
address,5978 main st
address,598 oak ave
address,5980 elm blvd
address,5985 maple dr
address,5986 park rd
address,5987 elm blvd
address,5992 oak ave
address,5994 river rd
address,5996 elm blvd
address,5999 park rd
address,5999 river rd
address,5999 washington ave
address,60 washington ave
address,6000 oak ave
address,6006 lincoln st
address,6008 park rd
address,6009 cedar lane
address,6009 river rd
address,6010 cedar lane
address,6014 maple dr
address,6024 main st
address,6025 elm blvd
address,6029 park rd
address,6029 sunset blvd
address,603 washington ave
address,6030 oak ave
address,6030 washington ave
address,6032 sunset blvd
address,6035 main st
address,6036 cedar lane
address,6036 maple dr
address,6039 maple dr
address,604 park rd
address,6040 cedar lane
address,6040 sunset blvd
address,6040 washington ave
address,6041 river rd
address,6043 maple dr
address,6044 park rd
address,6047 river rd
address,6051 maple dr
address,6053 river rd
address,6056 maple dr
address,6056 sunset blvd
address,6061 elm blvd
address,6064 lincoln st
address,607 maple dr
address,6071 park rd
address,6074 maple dr
address,6074 sunset blvd
address,6075 elm blvd
address,6077 cedar lane
address,6078 cedar lane
address,6079 elm blvd
address,6080 main st
address,6082 oak ave
address,6089 park rd
address,6090 main st
address,6094 cedar lane
address,6096 cedar lane
address,6096 main st
address,610 washington ave
address,6100 cedar lane
address,6102 park rd
address,6105 elm blvd
address,6107 river rd
address,6111 main st
address,6113 sunset blvd
address,6115 cedar lane
address,6116 maple dr
address,6119 washington ave
address,6120 main st
address,6120 maple dr
address,6121 cedar lane
address,6121 maple dr
address,6121 oak ave
address,6122 oak ave
address,6123 oak ave
address,6125 park rd
address,6126 cedar lane
address,6126 main st
address,6129 elm blvd
address,6129 maple dr
address,6130 maple dr
address,6133 elm blvd
address,6137 river rd
address,614 main st
address,6146 lincoln st
address,615 elm blvd
address,6152 lincoln st
address,6153 river rd
address,6159 lincoln st
address,6160 oak ave
address,6161 main st
address,6163 elm blvd
address,6170 oak ave
address,6171 elm blvd
address,6171 park rd
address,6173 cedar lane
address,6173 elm blvd
address,6173 main st
address,6173 river rd
address,6174 park rd
address,6177 river rd
address,6178 main st
address,6180 sunset blvd
address,6188 elm blvd
address,6188 river rd
address,6189 oak ave
address,619 sunset blvd
address,6192 oak ave
address,6193 sunset blvd
address,6198 maple dr
address,62 maple dr
address,6200 elm blvd
address,6202 maple dr
address,6203 oak ave
address,6203 sunset blvd
address,6210 elm blvd
address,6215 main st
address,6215 oak ave
address,6218 maple dr
address,6220 oak ave
address,6224 lincoln st
address,6225 main st
address,6225 maple dr
address,6225 park rd
address,6225 river rd
address,6226 elm blvd
address,6226 sunset blvd
address,6227 washington ave
address,6231 oak ave
address,6233 cedar lane
address,624 lincoln st
address,624 maple dr
address,6240 sunset blvd
address,6241 elm blvd
address,6242 main st
address,6245 park rd
address,6245 washington ave
address,6249 cedar lane
address,625 park rd
address,6253 main st
address,6257 main st
address,6262 main st
address,6263 sunset blvd
address,6265 lincoln st
address,6268 elm blvd
address,627 maple dr
address,6275 cedar lane
address,6275 main st
address,6275 washington ave
address,6277 oak ave
address,6277 river rd
address,6279 oak ave
address,628 main st
address,6280 washington ave
address,6281 main st
address,6281 park rd
address,6282 oak ave
address,6282 river rd
address,6285 washington ave
address,6286 park rd
address,6286 river rd
address,6287 oak ave
address,6287 park rd
address,6293 park rd
address,6296 sunset blvd
address,6297 river rd
address,6302 oak ave
address,6305 cedar lane
address,6306 cedar lane
address,6308 main st
address,6316 washington ave
address,6317 park rd
address,6318 maple dr
address,6318 park rd
address,632 main st
address,632 oak ave
address,6322 park rd
address,6328 cedar lane
address,6330 elm blvd
address,6330 park rd
address,6330 river rd
address,6331 cedar lane
address,6333 main st
address,6334 main st
address,6336 maple dr
address,6337 river rd
address,6341 sunset blvd
address,6343 sunset blvd
address,6344 main st
address,6344 washington ave
address,6346 elm blvd
address,6348 maple dr
address,6350 maple dr
address,6351 oak ave
address,6351 park rd
address,6351 washington ave
address,6353 oak ave
address,6354 elm blvd
address,6357 park rd
address,6358 washington ave
address,6359 lincoln st
address,636 river rd
address,636 washington ave
address,6360 main st
address,6360 washington ave
address,6361 lincoln st
address,6361 maple dr
address,6364 lincoln st
address,6368 lincoln st
address,6374 park rd
address,6375 cedar lane
address,6375 sunset blvd
address,6376 lincoln st
address,6380 oak ave
address,6381 park rd
address,6383 cedar lane
address,6383 oak ave
address,6385 oak ave
address,6386 cedar lane
address,6386 river rd
address,6387 main st
address,6388 sunset blvd
address,639 elm blvd
address,6390 main st
address,6391 elm blvd
address,6392 sunset blvd
address,6393 cedar lane
address,6393 park rd
address,6394 lincoln st
address,6396 lincoln st
address,6396 maple dr
address,6399 cedar lane
address,6401 elm blvd
address,6404 main st
address,6406 washington ave
address,6407 elm blvd
address,6407 lincoln st
address,6407 washington ave
address,6408 oak ave
address,6413 sunset blvd
address,6416 river rd
address,6419 sunset blvd
address,6427 river rd
address,6430 lincoln st
address,6432 park rd
address,6433 cedar lane
address,6436 sunset blvd
address,6437 maple dr
address,6438 elm blvd
address,6439 maple dr
address,644 elm blvd
address,6441 park rd
address,6442 main st
address,6444 washington ave
address,6446 maple dr
address,6446 river rd
address,6450 river rd
address,6454 main st
address,6455 elm blvd
address,6456 cedar lane
address,6464 oak ave
address,6465 main st
address,6468 maple dr
address,6469 main st
address,6471 oak ave
address,6472 cedar lane
address,6473 park rd
address,6475 cedar lane
address,6475 washington ave
address,6476 oak ave
address,6481 lincoln st
address,6481 maple dr
address,6484 river rd
address,6490 park rd
address,6492 oak ave
address,6493 elm blvd
address,6494 elm blvd
address,6494 sunset blvd
address,6496 washington ave
address,6497 main st
address,6497 maple dr
address,6499 park rd
address,65 oak ave
address,6502 river rd
address,6503 main st
address,6503 river rd
address,6506 oak ave
address,6508 maple dr
address,6509 cedar lane
address,6509 elm blvd
address,651 maple dr
address,651 sunset blvd
address,6513 oak ave
address,6513 river rd
address,652 park rd
address,6520 cedar lane
address,6520 sunset blvd
address,6522 river rd
address,6524 river rd
address,6525 cedar lane
address,6525 sunset blvd
address,6528 elm blvd
address,6529 sunset blvd
address,6533 park rd
address,6534 lincoln st
address,6535 main st
address,6539 main st
address,6543 sunset blvd
address,6547 main st
address,6557 elm blvd
address,6557 lincoln st
address,6558 main st
address,6558 park rd
address,6559 main st
address,6559 maple dr
address,6559 park rd
address,656 main st
address,656 maple dr
address,6560 park rd
address,6560 sunset blvd
address,6561 washington ave
address,6565 main st
address,6566 main st
address,6568 elm blvd
address,6568 washington ave
address,6572 washington ave
address,6573 oak ave
address,6575 main st
address,6577 maple dr
address,6578 lincoln st
address,6578 oak ave
address,6584 washington ave
address,6587 elm blvd
address,6587 maple dr
address,6588 sunset blvd
address,6590 elm blvd
address,6590 maple dr
address,6592 cedar lane
address,6592 washington ave
address,6593 cedar lane
address,6593 park rd
address,6595 cedar lane
address,6595 main st
address,6597 main st
address,6599 main st
address,6601 elm blvd
address,6603 sunset blvd
address,6605 lincoln st
address,6607 cedar lane
address,6608 elm blvd
address,6610 river rd
address,6611 river rd
address,6613 park rd
address,6615 main st
address,6617 cedar lane
address,6617 park rd
address,6619 lincoln st
address,6619 oak ave
address,6623 elm blvd
address,6625 river rd
address,6626 park rd
address,6627 lincoln st
address,6628 elm blvd
address,6629 river rd
address,6629 sunset blvd
address,6630 main st
address,6633 elm blvd
address,6637 lincoln st
address,6637 main st
address,6642 elm blvd
address,6643 washington ave
address,6644 elm blvd
address,6644 maple dr
address,6645 sunset blvd
address,6646 river rd
address,6653 main st
address,6654 river rd
address,6656 oak ave
address,6657 washington ave
address,6662 lincoln st
address,6668 maple dr
address,667 oak ave
address,6672 lincoln st
address,6673 maple dr
address,6677 washington ave
address,6681 sunset blvd
address,6683 washington ave
address,6685 main st
address,6685 sunset blvd
address,6686 river rd
address,6687 sunset blvd
address,6689 maple dr
address,6691 cedar lane
address,6691 washington ave
address,6693 lincoln st
address,6694 lincoln st
address,6695 elm blvd
address,6695 oak ave
address,670 elm blvd
address,670 sunset blvd
address,6700 park rd
address,6709 cedar lane
address,6709 maple dr
address,6712 oak ave
address,672 river rd
address,672 washington ave
address,6723 park rd
address,6730 park rd
address,6731 washington ave
address,6734 sunset blvd
address,6735 oak ave
address,6737 lincoln st
address,6738 park rd
address,6739 washington ave
address,674 sunset blvd
address,6740 main st
address,6740 park rd
address,6744 elm blvd
address,6745 maple dr
address,6745 park rd
address,6747 lincoln st
address,6750 river rd
address,6752 lincoln st
address,6756 cedar lane
address,6756 river rd
address,6760 washington ave
address,6761 sunset blvd
address,6762 cedar lane
address,6762 park rd
address,6765 elm blvd
address,6766 oak ave
address,6767 washington ave
address,6768 washington ave
address,6769 maple dr
address,6773 park rd
address,6777 oak ave
address,6777 park rd
address,6779 lincoln st
address,678 elm blvd
address,678 sunset blvd
address,6780 maple dr
address,6781 maple dr
address,6783 oak ave
address,6784 maple dr
address,6785 cedar lane
address,6789 maple dr
address,6791 elm blvd
address,6793 sunset blvd
address,6795 maple dr
address,6797 cedar lane
address,6800 sunset blvd
address,6801 oak ave
address,6801 river rd
address,6805 maple dr
address,6807 maple dr
address,6810 oak ave
address,6810 park rd
address,6812 oak ave
address,6828 maple dr
address,6830 washington ave
address,6831 lincoln st
address,6838 park rd
address,6839 maple dr
address,6841 main st
address,6842 oak ave
address,6842 washington ave
address,6843 main st
address,685 sunset blvd
address,6850 cedar lane
address,6851 park rd
address,6853 sunset blvd
address,6854 park rd
address,6856 maple dr
address,6858 washington ave
address,6859 oak ave
address,6860 sunset blvd
address,6864 washington ave
address,6865 oak ave
address,6869 lincoln st
address,6870 elm blvd
address,6870 oak ave
address,6871 maple dr
address,6874 elm blvd
address,6879 river rd
address,6881 main st
address,6884 oak ave
address,689 oak ave
address,6892 park rd
address,6893 maple dr
address,6893 washington ave
address,6894 elm blvd
address,6895 lincoln st
address,6895 oak ave
address,6898 lincoln st
address,6899 sunset blvd
address,69 cedar lane
address,69 main st
address,690 cedar lane
address,6900 oak ave
address,6904 maple dr
address,6906 park rd
address,6910 river rd
address,6911 oak ave
address,6914 sunset blvd
address,6916 main st
address,6918 main st
address,6919 cedar lane
address,6919 park rd
address,6920 elm blvd
address,6929 oak ave
address,6929 river rd
address,6930 elm blvd
address,6931 elm blvd
address,6931 washington ave
address,6932 lincoln st
address,6935 main st
address,6936 maple dr
address,6938 cedar lane
address,6940 maple dr
address,6941 maple dr
address,6942 elm blvd
address,6944 cedar lane
address,695 washington ave
address,6951 lincoln st
address,6952 maple dr
address,6958 cedar lane
address,6958 maple dr
address,6962 elm blvd
address,6963 washington ave
address,6967 cedar lane
address,6967 elm blvd
address,6968 oak ave
address,697 park rd
address,6970 elm blvd
address,6973 lincoln st
address,6973 washington ave
address,6974 park rd
address,6975 lincoln st
address,6975 river rd
address,6976 cedar lane
address,6976 main st
address,6977 maple dr
address,6977 sunset blvd
address,6979 river rd
address,698 cedar lane
address,6980 oak ave
address,6981 main st
address,6985 main st
address,6986 river rd
address,6989 main st
address,6989 oak ave
address,699 oak ave
address,6994 washington ave
address,7 cedar lane
address,7000 maple dr
address,7000 river rd
address,7002 main st
address,7010 lincoln st
address,7012 elm blvd
address,7013 sunset blvd
address,7014 washington ave
address,7022 cedar lane
address,7022 park rd
address,7024 maple dr
address,7030 park rd
address,7032 washington ave
address,7033 maple dr
address,7034 lincoln st
address,7035 washington ave
address,7036 lincoln st
address,7039 lincoln st
address,704 park rd
address,7042 oak ave
address,7043 river rd
address,7043 washington ave
address,7048 lincoln st
address,7049 oak ave
address,7049 washington ave
address,7053 lincoln st
address,7053 river rd
address,7055 elm blvd
address,7058 sunset blvd
address,7059 washington ave
address,706 river rd
address,7060 maple dr
address,7060 river rd
address,7060 washington ave
address,7061 elm blvd
address,7061 river rd
address,7062 main st
address,7069 main st
address,7072 maple dr
address,7079 main st
address,7080 sunset blvd
address,7081 lincoln st
address,7083 sunset blvd
address,7084 sunset blvd
address,7087 washington ave
address,7088 oak ave
address,7089 oak ave
address,7090 main st
address,7090 washington ave
address,71 sunset blvd
address,7100 lincoln st
address,7100 oak ave
address,7102 sunset blvd
address,7103 cedar lane
address,7110 cedar lane
address,7113 washington ave
address,7114 park rd
address,7115 maple dr
address,7118 elm blvd
address,7120 oak ave
address,7121 river rd
address,7127 elm blvd
address,7133 washington ave
address,7137 lincoln st
address,7137 park rd
address,714 park rd
address,7140 cedar lane
address,7141 sunset blvd
address,7142 river rd
address,7147 oak ave
address,7147 washington ave
address,7149 oak ave
address,7152 main st
address,7154 maple dr
address,7154 sunset blvd
address,7155 park rd
address,7160 lincoln st
address,7163 park rd
address,7164 maple dr
address,7165 maple dr
address,7166 sunset blvd
address,717 maple dr
address,717 sunset blvd
address,7173 washington ave
address,7174 main st
address,7178 washington ave
address,7179 cedar lane
address,718 cedar lane
address,718 main st
address,7180 lincoln st
address,7184 washington ave
address,7189 main st
address,7190 lincoln st
address,7197 cedar lane
address,7198 park rd
address,7200 park rd
address,7203 sunset blvd
address,7205 main st
address,7206 river rd
address,7208 oak ave
address,7209 sunset blvd
address,7210 maple dr
address,7211 washington ave
address,7212 lincoln st
address,7213 main st
address,7213 park rd
address,7215 oak ave
address,7215 sunset blvd
address,7220 river rd
address,7221 maple dr
address,7222 elm blvd
address,7226 cedar lane
address,7226 oak ave
address,7227 elm blvd
address,7227 maple dr
address,7228 main st
address,7228 maple dr
address,7234 elm blvd
address,7236 elm blvd
address,7236 maple dr
address,7240 river rd
address,7244 maple dr
address,7247 elm blvd
address,7248 river rd
address,7249 elm blvd
address,7249 park rd
address,725 maple dr
address,7250 cedar lane
address,7251 elm blvd
address,7251 lincoln st
address,7253 main st
address,7254 maple dr
address,7255 sunset blvd
address,7259 cedar lane
address,7259 river rd
address,726 elm blvd
address,7260 oak ave
address,7260 park rd
address,7260 washington ave
address,7263 maple dr
address,7264 oak ave
address,727 lincoln st
address,727 maple dr
address,727 park rd
address,7272 elm blvd
address,7272 maple dr
address,7273 cedar lane
address,728 park rd
address,7280 maple dr
address,7289 elm blvd
address,729 washington ave
address,7292 cedar lane
address,7292 river rd
address,7293 lincoln st
address,730 cedar lane
address,730 oak ave
address,7300 elm blvd
address,7301 sunset blvd
address,7302 cedar lane
address,7302 main st
address,7303 oak ave
address,7304 river rd
address,7306 cedar lane
address,7306 park rd
address,7308 river rd
address,7309 lincoln st
address,7309 main st
address,7309 park rd
address,7309 river rd
address,731 park rd
address,731 washington ave
address,7310 river rd
address,7310 washington ave
address,7311 elm blvd
address,7319 river rd
address,732 river rd
address,7324 cedar lane
address,7326 park rd
address,7330 maple dr
address,7331 park rd
address,7332 cedar lane
address,7336 park rd
address,7339 park rd
address,7342 sunset blvd
address,7344 elm blvd
address,7344 park rd
address,7349 park rd
address,7350 elm blvd
address,7350 lincoln st
address,7351 oak ave
address,7358 cedar lane
address,7358 oak ave
address,7361 cedar lane
address,7362 river rd
address,7365 river rd
address,7366 river rd
address,7369 lincoln st
address,7375 elm blvd
address,7375 main st
address,7376 washington ave
address,7379 park rd
address,738 cedar lane
address,7384 elm blvd
address,7384 park rd
address,7385 cedar lane
address,7386 main st
address,7388 main st
address,739 elm blvd
address,7394 cedar lane
address,7395 washington ave
address,7399 sunset blvd
address,740 elm blvd
address,7400 oak ave
address,7403 river rd
address,7404 main st
address,7405 park rd
address,7406 washington ave
address,741 lincoln st
address,7416 elm blvd
address,7418 main st
address,7419 river rd
address,7421 elm blvd
address,7423 river rd
address,7424 lincoln st
address,7424 park rd
address,7424 washington ave
address,7427 main st
address,7428 maple dr
address,7428 washington ave
address,743 maple dr
address,743 oak ave
address,7430 main st
address,7434 sunset blvd
address,7437 elm blvd
address,7438 sunset blvd
address,7441 main st
address,7445 oak ave
address,7447 elm blvd
address,7447 river rd
address,7448 river rd
address,7450 sunset blvd
address,7451 maple dr
address,7464 cedar lane
address,7466 cedar lane
address,7467 main st
address,7467 oak ave
address,747 sunset blvd
address,7472 lincoln st
address,7472 main st
address,7473 oak ave
address,7475 cedar lane
address,7476 maple dr
address,7476 sunset blvd
address,7477 maple dr
address,7478 elm blvd
address,7478 maple dr
address,7480 main st
address,7480 washington ave
address,7481 oak ave
address,7482 elm blvd
address,7482 washington ave
address,7485 main st
address,7486 maple dr
address,7490 park rd
address,7490 sunset blvd
address,7492 lincoln st
address,7494 sunset blvd
address,7496 oak ave
address,7497 elm blvd
address,7500 elm blvd
address,7500 park rd
address,7508 river rd
address,7509 sunset blvd
address,751 park rd
address,7510 oak ave
address,7510 sunset blvd
address,7515 elm blvd
address,7519 sunset blvd
address,7519 washington ave
address,752 sunset blvd
address,7522 main st
address,7525 river rd
address,7530 elm blvd
address,7531 maple dr
address,7533 cedar lane
address,7536 maple dr
address,7536 river rd
address,7536 washington ave
address,7537 cedar lane
address,7537 oak ave
address,7540 oak ave
address,7540 river rd
address,7541 oak ave
address,7543 cedar lane
address,7544 oak ave
address,7546 cedar lane
address,7549 cedar lane
address,7550 oak ave
address,7551 cedar lane
address,7552 sunset blvd
address,7558 oak ave
address,756 cedar lane
address,7560 cedar lane
address,7561 maple dr
address,7562 elm blvd
address,7564 lincoln st
address,757 washington ave
address,7573 park rd
address,7575 elm blvd
address,7575 main st
address,7576 main st
address,7577 river rd
address,758 park rd
address,758 river rd
address,7584 oak ave
address,7584 park rd
address,7585 washington ave
address,7588 elm blvd
address,759 oak ave
address,7591 cedar lane
address,7591 lincoln st
address,7594 sunset blvd
address,7596 elm blvd
address,7598 maple dr
address,76 sunset blvd
address,760 elm blvd
address,760 oak ave
address,760 river rd
address,7600 washington ave
address,7603 park rd
address,7603 river rd
address,7610 cedar lane
address,7614 main st
address,7618 main st
address,7619 maple dr
address,7623 elm blvd
address,7624 main st
address,7625 park rd
address,7629 sunset blvd
address,7633 washington ave
address,7636 washington ave
address,7637 sunset blvd
address,7638 main st
address,764 cedar lane
address,7643 maple dr
address,765 river rd
address,7650 maple dr
address,7650 oak ave
address,7651 sunset blvd
address,7653 park rd
address,7656 maple dr
address,7657 elm blvd
address,7661 cedar lane
address,7662 river rd
address,7664 lincoln st
address,7664 washington ave
address,7668 oak ave
address,7668 washington ave
address,767 washington ave
address,7673 cedar lane
address,7673 park rd
address,7675 washington ave
address,7678 maple dr
address,7683 park rd
address,7689 river rd
address,7693 sunset blvd
address,7694 cedar lane
address,7698 oak ave
address,7700 sunset blvd
address,7701 maple dr
address,7702 lincoln st
address,7703 elm blvd
address,7703 river rd
address,7704 sunset blvd
address,7705 oak ave
address,771 elm blvd
address,7712 maple dr
address,7714 washington ave
address,7717 elm blvd
address,7718 main st
address,7722 oak ave
address,7726 washington ave
address,7728 oak ave
address,7732 maple dr
address,7733 washington ave
address,7734 main st
address,7735 cedar lane
address,7735 lincoln st
address,7735 main st
address,7735 sunset blvd
address,7737 park rd
address,7739 main st
address,774 maple dr
address,774 river rd
address,7740 main st
address,7742 cedar lane
address,7744 maple dr
address,7746 maple dr
address,7747 washington ave
address,7748 oak ave
address,775 cedar lane
address,775 park rd
address,7750 elm blvd
address,7750 lincoln st
address,7751 main st
address,7751 washington ave
address,7752 lincoln st
address,7754 main st
address,7760 oak ave
address,7763 lincoln st
address,7765 elm blvd
address,7773 maple dr
address,7773 sunset blvd
address,7775 cedar lane
address,7778 sunset blvd
address,7779 maple dr
address,7779 park rd
address,778 lincoln st
address,7780 park rd
address,7781 elm blvd
address,7781 sunset blvd
address,7784 main st
address,7784 washington ave
address,7785 oak ave
address,7789 river rd
address,779 cedar lane
address,7793 cedar lane
address,7794 cedar lane
address,7797 oak ave
address,7798 maple dr
address,7801 maple dr
address,7802 washington ave
address,7804 river rd
address,7805 lincoln st
address,781 elm blvd
address,7810 elm blvd
address,7812 cedar lane
address,7813 river rd
address,782 lincoln st
address,782 oak ave
address,782 washington ave
address,7824 main st
address,7824 maple dr
address,7833 main st
address,7834 river rd
address,7837 river rd
address,784 main st
address,7840 oak ave
address,7843 river rd
address,7845 maple dr
address,7850 main st
address,7852 lincoln st
address,7857 washington ave
address,7858 elm blvd
address,7863 sunset blvd
address,7864 sunset blvd
address,7867 maple dr
address,7868 river rd
address,7872 river rd
address,7873 washington ave
address,7874 oak ave
address,7874 washington ave
address,7878 cedar lane
address,7881 sunset blvd
address,7883 lincoln st
address,7883 park rd
address,7884 park rd
address,7885 sunset blvd
address,7887 lincoln st
address,7887 main st
address,7887 oak ave
address,7888 elm blvd
address,7888 lincoln st
address,7889 main st
address,7889 park rd
address,789 sunset blvd
address,7891 elm blvd
address,7892 lincoln st
address,7894 oak ave
address,7895 river rd
address,7898 main st
address,7899 elm blvd
address,790 lincoln st
address,7900 lincoln st
address,7900 park rd
address,7901 maple dr
address,7903 park rd
address,7904 main st
address,7906 lincoln st
address,7906 park rd
address,7906 sunset blvd
address,7908 oak ave
address,7911 elm blvd
address,7914 main st
address,7914 maple dr
address,7918 cedar lane
address,7924 maple dr
address,7926 lincoln st
address,7927 main st
address,7927 oak ave
address,7929 lincoln st
address,7931 sunset blvd
address,7935 maple dr
address,7937 elm blvd
address,7939 washington ave
address,7940 park rd
address,7942 river rd
address,7945 elm blvd
address,7949 washington ave
address,7950 river rd
address,7952 park rd
address,7957 sunset blvd
address,7960 river rd
address,7962 river rd
address,7966 cedar lane
address,7968 cedar lane
address,797 oak ave
address,7974 main st
address,7981 park rd
address,7982 main st
address,7984 river rd
address,7985 main st
address,7989 elm blvd
address,7994 cedar lane
address,7994 lincoln st
address,7994 washington ave
address,8 river rd
address,80 lincoln st
address,8000 oak ave
address,8004 maple dr
address,8009 lincoln st
address,8010 park rd
address,8013 main st
address,8013 river rd
address,8013 sunset blvd
address,8016 elm blvd
address,802 elm blvd
address,8021 maple dr
address,8024 lincoln st
address,8024 park rd
address,8025 elm blvd
address,8027 elm blvd
address,8027 maple dr
address,8030 main st
address,8033 river rd
address,8036 river rd
address,8038 washington ave
address,8040 sunset blvd
address,8042 cedar lane
address,8044 oak ave
address,8046 maple dr
address,8048 park rd
address,805 main st
address,8050 sunset blvd
address,8053 maple dr
address,8054 lincoln st
address,8060 oak ave
address,8061 oak ave
address,8061 river rd
address,8063 elm blvd
address,8066 park rd
address,8069 maple dr
address,807 park rd
address,8073 main st
address,8073 maple dr
address,8073 oak ave
address,8075 park rd
address,8076 river rd
address,8078 cedar lane
address,8078 elm blvd
address,8078 maple dr
address,8079 oak ave
address,808 main st
address,808 park rd
address,808 washington ave
address,8080 lincoln st
address,8085 sunset blvd
address,8086 park rd
address,809 elm blvd
address,809 sunset blvd
address,8094 elm blvd
address,8095 cedar lane
address,8095 maple dr
address,8097 lincoln st
address,8099 cedar lane
address,810 main st
address,810 sunset blvd
address,8101 sunset blvd
address,8103 main st
address,8105 maple dr
address,8106 lincoln st
address,8118 cedar lane
address,8118 maple dr
address,8119 elm blvd
address,8121 maple dr
address,8126 park rd
address,8136 lincoln st
address,8136 oak ave
address,8137 cedar lane
address,8137 sunset blvd
address,8139 oak ave
address,8139 sunset blvd
address,8142 oak ave
address,8142 sunset blvd
address,8143 maple dr
address,8144 sunset blvd
address,8149 sunset blvd
address,815 sunset blvd
address,8150 park rd
address,8151 river rd
address,8154 main st
address,8160 park rd
address,8164 elm blvd
address,8164 sunset blvd
address,8171 river rd
address,8171 sunset blvd
address,8175 cedar lane
address,818 elm blvd
address,8180 river rd
address,8183 maple dr
address,8183 sunset blvd
address,8186 cedar lane
address,8186 main st
address,819 cedar lane
address,8190 sunset blvd
address,8197 maple dr
address,8197 river rd
address,8199 cedar lane
address,8200 oak ave
address,8201 lincoln st
address,8203 elm blvd
address,8203 oak ave
address,8205 cedar lane
address,8206 washington ave
address,8209 main st
address,821 main st
address,8211 elm blvd
address,8214 sunset blvd
address,8218 park rd
address,822 lincoln st
address,822 maple dr
address,8221 lincoln st
address,8221 sunset blvd
address,8221 washington ave
address,8227 cedar lane
address,823 river rd
address,8230 oak ave
address,8236 elm blvd
address,8239 main st
address,824 maple dr
address,8244 cedar lane
address,8244 oak ave
address,8246 oak ave
address,8249 main st
address,8250 lincoln st
address,8251 sunset blvd
address,8252 sunset blvd
address,8261 elm blvd
address,8262 park rd
address,8266 lincoln st
address,8268 sunset blvd
address,8270 lincoln st
address,8272 sunset blvd
address,8273 cedar lane
address,8273 elm blvd
address,8276 maple dr
address,8279 park rd
address,828 cedar lane
address,828 park rd
address,8280 lincoln st
address,8280 sunset blvd
address,8284 maple dr
address,8287 river rd
address,8290 sunset blvd
address,8293 river rd
address,8293 sunset blvd
address,8293 washington ave
address,8294 sunset blvd
address,8295 elm blvd
address,8295 main st
address,8296 maple dr
address,8297 elm blvd
address,8298 sunset blvd
address,8299 main st
address,83 elm blvd
address,8301 main st
address,8303 lincoln st
address,8304 cedar lane
address,8305 elm blvd
address,8307 washington ave
address,8308 oak ave
address,8309 park rd
address,8311 lincoln st
address,8314 elm blvd
address,8315 river rd
address,8317 cedar lane
address,8317 maple dr
address,8318 lincoln st
address,8319 main st
address,8319 washington ave
address,832 park rd
address,8320 oak ave
address,8323 oak ave
address,8329 elm blvd
address,8330 main st
address,8330 sunset blvd
address,8331 maple dr
address,8332 elm blvd
address,8332 lincoln st
address,8333 maple dr
address,8334 cedar lane
address,8336 maple dr
address,8338 sunset blvd
address,834 main st
address,8341 washington ave
address,8345 washington ave
address,8347 park rd
address,8348 river rd
address,835 cedar lane
address,835 elm blvd
address,835 river rd
address,8353 oak ave
address,8355 washington ave
address,8356 elm blvd
address,8356 main st
address,8356 maple dr
address,8356 oak ave
address,8357 washington ave
address,8358 cedar lane
address,8359 cedar lane
address,836 sunset blvd
address,8360 sunset blvd
address,8362 sunset blvd
address,8365 sunset blvd
address,8368 oak ave
address,8368 river rd
address,8368 sunset blvd
address,8369 river rd
address,8369 washington ave
address,8373 park rd
address,8373 river rd
address,8374 park rd
address,8377 cedar lane
address,8377 park rd
address,8379 sunset blvd
address,8380 lincoln st
address,8382 lincoln st
address,8382 maple dr
address,8384 oak ave
address,8385 main st
address,839 sunset blvd
address,8391 river rd
address,8393 park rd
address,8393 sunset blvd
address,8396 main st
address,8399 main st
address,84 lincoln st
address,84 river rd
address,84 sunset blvd
address,840 washington ave
address,8402 sunset blvd
address,8405 cedar lane
address,8407 sunset blvd
address,8408 main st
address,841 lincoln st
address,8412 washington ave
address,8417 park rd
address,8418 main st
address,8419 lincoln st
address,8419 main st
address,842 elm blvd
address,842 river rd
address,8420 river rd
address,8423 oak ave
address,8425 washington ave
address,8427 river rd
address,8429 washington ave
address,8434 sunset blvd
address,8435 oak ave
address,8437 elm blvd
address,8440 oak ave
address,8443 river rd
address,8444 lincoln st
address,8445 cedar lane
address,8445 park rd
address,8446 main st
address,8448 lincoln st
address,845 river rd
address,8456 maple dr
address,8457 lincoln st
address,8458 main st
address,8458 river rd
address,8463 cedar lane
address,8464 lincoln st
address,8465 washington ave
address,8475 elm blvd
address,8476 oak ave
address,8477 elm blvd
address,8477 lincoln st
address,848 cedar lane
address,848 river rd
address,8482 elm blvd
address,8483 washington ave
address,8485 maple dr
address,8486 river rd
address,8487 oak ave
address,8488 main st
address,8489 washington ave
address,849 lincoln st
address,849 park rd
address,8490 cedar lane
address,8494 river rd
address,8495 cedar lane
address,85 river rd
address,85 washington ave
address,8501 lincoln st
address,8501 washington ave
address,8502 park rd
address,8504 river rd
address,8505 lincoln st
address,8509 main st
address,8511 cedar lane
address,8519 sunset blvd
address,852 sunset blvd
address,8521 cedar lane
address,8521 park rd
address,8523 washington ave
address,8524 elm blvd
address,8525 cedar lane
address,8525 park rd
address,8529 washington ave
address,8530 oak ave
address,8530 washington ave
address,8536 maple dr
address,8538 elm blvd
address,8539 river rd
address,8540 lincoln st
address,8542 washington ave
address,8544 lincoln st
address,8546 main st
address,8547 river rd
address,8549 lincoln st
address,855 cedar lane
address,8554 elm blvd
address,8554 oak ave
address,8555 sunset blvd
address,8556 park rd
address,8557 lincoln st
address,8562 river rd
address,8563 park rd
address,8566 elm blvd
address,8567 river rd
address,8570 park rd
address,8572 river rd
address,8575 maple dr
address,8576 oak ave
address,8576 sunset blvd
address,8579 main st
address,8581 river rd
address,8584 sunset blvd
address,859 elm blvd
address,8590 sunset blvd
address,8591 lincoln st
address,8591 sunset blvd
address,8592 maple dr
address,8595 sunset blvd
address,86 sunset blvd
address,860 elm blvd
address,8603 main st
address,8604 elm blvd
address,8604 maple dr
address,8607 sunset blvd
address,8608 main st
address,8609 elm blvd
address,8613 river rd
address,8614 maple dr
address,8615 maple dr
address,8617 oak ave
address,8617 washington ave
address,8619 park rd
address,8620 cedar lane
address,8623 washington ave
address,8624 main st
address,8629 maple dr
address,8631 maple dr
address,8633 maple dr
address,8634 river rd
address,8635 park rd
address,8636 park rd
address,8636 washington ave
address,8638 main st
address,8638 river rd
address,8639 elm blvd
address,8649 cedar lane
address,865 sunset blvd
address,8650 elm blvd
address,8653 river rd
address,8666 maple dr
address,8667 main st
address,8667 maple dr
address,8668 main st
address,8668 river rd
address,867 park rd
address,8671 oak ave
address,8671 washington ave
address,8677 oak ave
address,8678 lincoln st
address,8678 sunset blvd
address,8685 oak ave
address,8687 maple dr
address,8690 cedar lane
address,8691 lincoln st
address,8692 park rd
address,8694 washington ave
address,8695 oak ave
address,8697 sunset blvd
address,870 park rd
address,8700 park rd
address,8701 oak ave
address,8701 washington ave
address,8702 elm blvd
address,8703 river rd
address,8703 washington ave
address,8705 cedar lane
address,8709 maple dr
address,871 oak ave
address,8719 lincoln st
address,8719 park rd
address,8719 washington ave
address,8723 oak ave
address,8724 oak ave
address,8725 main st
address,8725 river rd
address,8726 main st
address,8729 lincoln st
address,8729 sunset blvd
address,8732 river rd
address,8734 sunset blvd
address,8735 cedar lane
address,8735 oak ave
address,8738 river rd
address,8739 lincoln st
address,8739 washington ave
address,874 lincoln st
address,874 oak ave
address,8740 cedar lane
address,8743 elm blvd
address,8744 lincoln st
address,8745 main st
address,8745 washington ave
address,8746 main st
address,8749 park rd
address,875 washington ave
address,8751 washington ave
address,8752 elm blvd
address,8752 main st
address,8754 park rd
address,8754 sunset blvd
address,8755 main st
address,8758 oak ave
address,8759 sunset blvd
address,876 sunset blvd
address,8760 main st
address,8760 sunset blvd
address,8763 oak ave
address,8764 oak ave
address,8765 park rd
address,8766 oak ave
address,8770 main st
address,8770 maple dr
address,8770 sunset blvd
address,8770 washington ave
address,8772 sunset blvd
address,8773 lincoln st
address,8773 oak ave
address,8773 park rd
address,8777 elm blvd
address,8779 elm blvd
address,8779 main st
address,8782 river rd
address,8782 sunset blvd
address,8784 oak ave
address,8784 washington ave
address,8787 sunset blvd
address,8788 oak ave
address,8789 elm blvd
address,8789 washington ave
address,8794 elm blvd
address,8794 park rd
address,8796 lincoln st
address,8797 sunset blvd
address,88 oak ave
address,8805 elm blvd
address,8807 park rd
address,8807 sunset blvd
address,8808 elm blvd
address,8811 lincoln st
address,8811 river rd
address,8813 cedar lane
address,8813 lincoln st
address,8816 oak ave
address,882 oak ave
address,8820 sunset blvd
address,8821 sunset blvd
address,8822 maple dr
address,8822 park rd
address,8824 elm blvd
address,8825 maple dr
address,883 elm blvd
address,8830 park rd
address,8832 river rd
address,8834 maple dr
address,8835 washington ave
address,8836 river rd
address,8837 washington ave
address,8839 oak ave
address,8841 oak ave
address,8842 cedar lane
address,8843 cedar lane
address,8846 maple dr
address,8846 river rd
address,8849 park rd
address,885 main st
address,8857 main st
address,8857 maple dr
address,8858 cedar lane
address,8858 elm blvd
address,8859 maple dr
address,8859 sunset blvd
address,8862 lincoln st
address,8865 cedar lane
address,8867 washington ave
address,8869 park rd
address,887 lincoln st
address,887 maple dr
address,8872 lincoln st
address,8876 lincoln st
address,8878 maple dr
address,8882 maple dr
address,8884 lincoln st
address,8887 oak ave
address,8888 lincoln st
address,8889 sunset blvd
address,889 sunset blvd
address,8891 lincoln st
address,8900 park rd
address,8902 maple dr
address,8904 washington ave
address,8909 elm blvd
address,8909 washington ave
address,8913 maple dr
address,8913 park rd
address,8915 main st
address,8917 lincoln st
address,892 sunset blvd
address,8920 main st
address,8920 maple dr
address,8921 lincoln st
address,8921 river rd
address,8922 main st
address,8923 lincoln st
address,8924 washington ave
address,8925 washington ave
address,8928 lincoln st
address,8929 lincoln st
address,8930 sunset blvd
address,8939 main st
address,8939 sunset blvd
address,8939 washington ave
address,8940 elm blvd
address,8940 lincoln st
address,8944 lincoln st
address,8944 oak ave
address,8945 main st
address,8945 park rd
address,8946 river rd
address,895 river rd
address,8951 main st
address,8952 river rd
address,8952 sunset blvd
address,8952 washington ave
address,896 cedar lane
address,8960 main st
address,8961 oak ave
address,8961 sunset blvd
address,8962 lincoln st
address,8964 main st
address,8968 river rd
address,897 oak ave
address,8970 sunset blvd
address,8974 park rd
address,8976 lincoln st
address,8976 oak ave
address,8977 park rd
address,8978 main st
address,8980 sunset blvd
address,8984 oak ave
address,8989 river rd
address,899 elm blvd
address,899 maple dr
address,8990 sunset blvd
address,8991 elm blvd
address,8996 elm blvd
address,8997 maple dr
address,8998 lincoln st
address,9001 cedar lane
address,9002 cedar lane
address,9003 elm blvd
address,9005 washington ave
address,9006 lincoln st
address,9017 sunset blvd
address,9017 washington ave
address,9018 oak ave
address,902 elm blvd
address,9020 lincoln st
address,9020 park rd
address,9021 washington ave
address,9023 park rd
address,9023 washington ave
address,9030 park rd
address,9032 lincoln st
address,9032 maple dr
address,9033 main st
address,9035 maple dr
address,9035 river rd
address,9037 oak ave
address,9042 park rd
address,9042 washington ave
address,9044 river rd
address,9045 river rd
address,9046 maple dr
address,9047 maple dr
address,9048 cedar lane
address,9048 sunset blvd
address,905 river rd
address,9053 main st
address,9053 river rd
address,9058 maple dr
address,9061 river rd
address,9062 cedar lane
address,9063 maple dr
address,9063 park rd
address,9063 washington ave
address,9065 elm blvd
address,9069 sunset blvd
address,907 elm blvd
address,9070 lincoln st
address,9072 washington ave
address,9074 river rd
address,9075 main st
address,9077 sunset blvd
address,908 washington ave
address,9085 lincoln st
address,9086 cedar lane
address,9087 river rd
address,9089 main st
address,9090 cedar lane
address,9094 maple dr
address,9097 elm blvd
address,91 washington ave
address,9102 main st
address,9102 maple dr
address,9105 elm blvd
address,9106 lincoln st
address,9106 oak ave
address,9108 lincoln st
address,9109 maple dr
address,9118 cedar lane
address,912 river rd
address,9121 main st
address,9122 cedar lane
address,9125 park rd
address,9127 river rd
address,9129 sunset blvd
address,9132 park rd
address,9137 oak ave
address,9137 washington ave
address,914 sunset blvd
address,9140 park rd
address,9143 elm blvd
address,9145 elm blvd
address,9146 lincoln st
address,9146 main st
address,9146 sunset blvd
address,9147 main st
address,9148 main st
address,9150 maple dr
address,9158 elm blvd
address,9160 washington ave
address,9161 maple dr
address,9161 park rd
address,9169 main st
address,9170 main st
address,9171 washington ave
address,9173 maple dr
address,9174 river rd
address,918 river rd
address,9181 maple dr
address,9182 sunset blvd
address,9183 elm blvd
address,9183 sunset blvd
address,9185 elm blvd
address,9185 river rd
address,9186 river rd
address,919 sunset blvd
address,9194 lincoln st
address,9196 main st
address,9199 elm blvd
address,92 oak ave
address,920 park rd
address,920 river rd
address,9200 lincoln st
address,9200 washington ave
address,9201 sunset blvd
address,9209 park rd
address,921 cedar lane
address,921 elm blvd
address,921 washington ave
address,9211 main st
address,922 river rd
address,9221 oak ave
address,9222 cedar lane
address,9222 maple dr
address,9223 main st
address,9227 park rd
address,9228 main st
address,9231 lincoln st
address,9232 main st
address,9233 main st
address,9233 park rd
address,9233 river rd
address,9233 sunset blvd
address,9234 main st
address,9235 washington ave
address,9241 main st
address,9241 maple dr
address,9244 maple dr
address,9246 park rd
address,9248 maple dr
address,9253 park rd
address,9255 lincoln st
address,9259 main st
address,9260 oak ave
address,9263 elm blvd
address,9268 lincoln st
address,9270 elm blvd
address,9274 elm blvd
address,9280 river rd
address,9285 sunset blvd
address,9286 river rd
address,9289 cedar lane
address,929 main st
address,9290 maple dr
address,9292 oak ave
address,9294 oak ave
address,9296 oak ave
address,9297 main st
address,9297 washington ave
address,9303 park rd
address,9303 river rd
address,9304 maple dr
address,9304 park rd
address,9307 oak ave
address,9313 main st
address,9315 cedar lane
address,9317 lincoln st
address,9319 washington ave
address,9320 main st
address,9324 oak ave
address,933 cedar lane
address,9330 main st
address,9330 river rd
address,9331 maple dr
address,9333 elm blvd
address,9334 river rd
address,9337 cedar lane
address,9340 lincoln st
address,9341 lincoln st
address,9342 main st
address,9343 lincoln st
address,9343 main st
address,9343 river rd
address,9346 cedar lane
address,9346 main st
address,9346 sunset blvd
address,9349 sunset blvd
address,9350 cedar lane
address,9350 sunset blvd
address,9351 main st
address,9354 elm blvd
address,9356 sunset blvd
address,9357 cedar lane
address,936 oak ave
address,936 sunset blvd
address,9360 maple dr
address,9366 park rd
address,9366 river rd
address,9368 lincoln st
address,9375 river rd
address,9375 washington ave
address,9379 lincoln st
address,938 maple dr
address,9381 maple dr
address,9381 river rd
address,9383 sunset blvd
address,9388 lincoln st
address,9390 main st
address,9392 elm blvd
address,9393 main st
address,9393 maple dr
address,9395 main st
address,9395 oak ave
address,9399 cedar lane
address,9401 lincoln st
address,9404 main st
address,9405 elm blvd
address,9405 sunset blvd
address,9411 maple dr
address,9413 oak ave
address,942 sunset blvd
address,9424 elm blvd
address,9425 lincoln st
address,9426 cedar lane
address,9426 maple dr
address,9427 washington ave
address,9430 lincoln st
address,9432 lincoln st
address,9432 maple dr
address,9434 cedar lane
address,9435 oak ave
address,9435 river rd
address,9437 lincoln st
address,9439 maple dr
address,944 main st
address,9444 oak ave
address,9445 sunset blvd
address,9448 lincoln st
address,9450 lincoln st
address,9453 oak ave
address,9453 sunset blvd
address,9455 washington ave
address,9457 sunset blvd
address,9458 maple dr
address,9461 maple dr
address,9462 lincoln st
address,9465 maple dr
address,9467 river rd
address,9468 cedar lane
address,9469 washington ave
address,9471 park rd
address,9478 sunset blvd
address,9480 oak ave
address,9482 washington ave
address,9483 park rd
address,9484 maple dr
address,9485 sunset blvd
address,9486 maple dr
address,9486 oak ave
address,9489 elm blvd
address,9492 cedar lane
address,9494 maple dr
address,9496 lincoln st
address,9496 washington ave
address,9497 cedar lane
address,95 elm blvd
address,95 sunset blvd
address,9501 park rd
address,9503 park rd
address,9506 lincoln st
address,9509 washington ave
address,951 lincoln st
address,951 oak ave
address,9516 sunset blvd
address,9518 elm blvd
address,9522 main st
address,9523 elm blvd
address,9525 sunset blvd
address,9525 washington ave
address,9527 maple dr
address,9528 cedar lane
address,9530 washington ave
address,9534 park rd
address,9535 oak ave
address,9537 lincoln st
address,9542 lincoln st
address,9544 elm blvd
address,9546 cedar lane
address,9548 main st
address,9549 oak ave
address,9550 park rd
address,9552 elm blvd
address,9553 cedar lane
address,956 oak ave
address,9568 elm blvd
address,9571 cedar lane
address,9575 elm blvd
address,9575 lincoln st
address,9575 oak ave
address,9580 main st
address,9586 elm blvd
address,9588 park rd
address,96 maple dr
address,9602 elm blvd
address,9604 maple dr
address,9604 oak ave
address,9609 main st
address,9609 sunset blvd
address,9614 maple dr
address,9615 river rd
address,9619 park rd
address,9620 river rd
address,9624 cedar lane
address,9624 oak ave
address,9627 elm blvd
address,9628 oak ave
address,9628 river rd
address,9632 cedar lane
address,9648 oak ave
address,9649 main st
address,9649 sunset blvd
address,9651 oak ave
address,9651 washington ave
address,9653 oak ave
address,9654 main st
address,9654 oak ave
address,9656 park rd
address,9657 maple dr
address,9657 park rd
address,9659 elm blvd
address,966 maple dr
address,9660 lincoln st
address,9660 river rd
address,9668 oak ave
address,9670 main st
address,9672 oak ave
address,9674 cedar lane
address,9674 oak ave
address,9674 river rd
address,9675 lincoln st
address,9685 park rd
address,9686 park rd
address,9688 cedar lane
address,9690 washington ave
address,9691 lincoln st
address,9693 sunset blvd
address,9695 elm blvd
address,9696 elm blvd
address,970 sunset blvd
address,9705 elm blvd
address,9708 cedar lane
address,9709 elm blvd
address,9709 river rd
address,971 park rd
address,9711 elm blvd
address,9716 river rd
address,9718 elm blvd
address,9719 elm blvd
address,9719 river rd
address,9720 cedar lane
address,9727 sunset blvd
address,9732 lincoln st
address,9734 cedar lane
address,9734 sunset blvd
address,9739 maple dr
address,9740 elm blvd
address,9744 maple dr
address,9745 washington ave
address,9747 cedar lane
address,9747 main st
address,9749 elm blvd
address,9750 oak ave
address,9752 washington ave
address,9755 elm blvd
address,9759 park rd
address,9763 sunset blvd
address,9764 cedar lane
address,9767 park rd
address,9768 cedar lane
address,9768 elm blvd
address,9768 maple dr
address,9769 main st
address,977 washington ave
address,9776 maple dr
address,9777 oak ave
address,9779 cedar lane
address,978 river rd
address,9783 cedar lane
address,9783 washington ave
address,979 sunset blvd
address,9792 oak ave
address,9792 park rd
address,9793 river rd
address,9794 lincoln st
address,9794 maple dr
address,9796 lincoln st
address,9798 elm blvd
address,980 park rd
address,9802 main st
address,9802 river rd
address,9803 park rd
address,9804 sunset blvd
address,9809 maple dr
address,9812 cedar lane
address,9814 park rd
address,9815 park rd
address,9815 sunset blvd
address,9816 main st
address,9819 park rd
address,9819 sunset blvd
address,982 oak ave
address,982 park rd
address,982 washington ave
address,9820 washington ave
address,9822 maple dr
address,9826 maple dr
address,9827 lincoln st
address,9828 sunset blvd
address,9828 washington ave
address,983 oak ave
address,9834 river rd
address,984 main st
address,984 oak ave
address,9840 lincoln st
address,9840 main st
address,9854 elm blvd
address,9855 main st
address,9856 sunset blvd
address,9857 elm blvd
address,986 main st
address,9860 park rd
address,9860 washington ave
address,9862 main st
address,9863 elm blvd
address,9863 park rd
address,9864 oak ave
address,9867 park rd
address,9868 main st
address,9868 park rd
address,9869 main st
address,9874 oak ave
address,9876 lincoln st
address,9876 river rd
address,9879 oak ave
address,9880 park rd
address,9881 lincoln st
address,9884 sunset blvd
address,9885 cedar lane
address,9885 oak ave
address,9887 lincoln st
address,9889 sunset blvd
address,989 lincoln st
address,9890 sunset blvd
address,9891 washington ave
address,9892 oak ave
address,9892 washington ave
address,9893 main st
address,9898 cedar lane
address,9898 elm blvd
address,99 sunset blvd
address,9903 main st
address,9903 oak ave
address,9904 lincoln st
address,9910 washington ave
address,9911 washington ave
address,992 maple dr
address,9921 river rd
address,9922 maple dr
address,9924 elm blvd
address,9926 oak ave
address,9928 lincoln st
address,9932 washington ave
address,9933 main st
address,9935 washington ave
address,9944 lincoln st
address,9944 washington ave
address,9946 elm blvd
address,9946 river rd
address,9947 maple dr
address,9949 river rd
address,995 oak ave
address,9952 lincoln st
address,9953 cedar lane
address,9958 river rd
address,9959 cedar lane
address,996 cedar lane
address,996 lincoln st
address,9967 elm blvd
address,9967 oak ave
address,9971 lincoln st
address,9971 washington ave
address,9972 park rd
address,9973 lincoln st
address,9974 sunset blvd
address,9978 cedar lane
address,9978 lincoln st
address,9978 washington ave
address,9979 park rd
address,9981 park rd
address,9984 main st
address,9985 elm blvd
address,9985 lincoln st
address,9985 park rd
address,9985 washington ave
address,9986 cedar lane
address,9990 maple dr
address,9991 main st
address,9991 river rd
address,9993 park rd
address,9994 elm blvd
address,9999 lincoln st
incident_datetime,01-01-2024
incident_datetime,01-02-2018
incident_datetime,01-08-2019
incident_datetime,01-08-2022
incident_datetime,01-09-2022
incident_datetime,01-10-2018
incident_datetime,01-10-2019
incident_datetime,01/01/2018 11:26
incident_datetime,01/04/2018 11:06
incident_datetime,01/05/2024 11:32
incident_datetime,01/06/2023 08:01
incident_datetime,01/13/2018 00:13
incident_datetime,01/14/2024 02:24
incident_datetime,01/15/2024 22:26
incident_datetime,01/21/2024 05:02
incident_datetime,01/24/2023 07:55
incident_datetime,01/28/2024 17:48
incident_datetime,02-01-2021
incident_datetime,02-09-2018
incident_datetime,02/03/2021 22:18
incident_datetime,02/03/2023 23:30
incident_datetime,02/05/2021 12:38
incident_datetime,02/05/2022 03:55
incident_datetime,02/06/2019 22:04
incident_datetime,02/07/2019 16:42
incident_datetime,02/08/2022 10:55
incident_datetime,02/09/2019 15:34
incident_datetime,02/09/2020 19:29
incident_datetime,02/09/2022 11:59
incident_datetime,02/11/2019 22:41
incident_datetime,02/14/2024 13:07
incident_datetime,02/19/2021 03:11
incident_datetime,02/22/2019 23:08
incident_datetime,02/24/2023 04:39
incident_datetime,02/25/2021 03:15
incident_datetime,02/26/2021 00:08
incident_datetime,02/26/2022 14:59
incident_datetime,02/27/2023 06:10
incident_datetime,02/27/2024 23:14
incident_datetime,03-02-2020
incident_datetime,03/01/2020 06:02
incident_datetime,03/01/2023 18:27
incident_datetime,03/03/2022 15:36
incident_datetime,03/06/2024 10:58
incident_datetime,03/07/2020 05:48
incident_datetime,03/08/2022 04:22
incident_datetime,03/10/2020 09:03
incident_datetime,03/10/2021 00:27
incident_datetime,03/15/2018 01:22
incident_datetime,03/19/2021 04:42
incident_datetime,03/21/2018 00:40
incident_datetime,03/24/2022 14:51
incident_datetime,03/27/2019 02:06
incident_datetime,03/29/2020 01:31
incident_datetime,03/30/2020 14:25
incident_datetime,04-03-2018
incident_datetime,04-04-2020
incident_datetime,04-05-2021
incident_datetime,04-07-2021
incident_datetime,04-08-2022
incident_datetime,04-10-2019
incident_datetime,04-10-2021
incident_datetime,04-11-2022
incident_datetime,04-11-2023
incident_datetime,04/01/2020 03:09
incident_datetime,04/01/2020 19:59
incident_datetime,04/02/2024 17:18
incident_datetime,04/03/2019 03:22
incident_datetime,04/03/2023 11:45
incident_datetime,04/04/2020 21:23
incident_datetime,04/05/2018 04:39
incident_datetime,04/08/2020 22:30
incident_datetime,04/09/2022 21:56
incident_datetime,04/11/2020 23:27
incident_datetime,04/13/2018 21:38
incident_datetime,04/17/2022 17:56
incident_datetime,04/18/2023 16:40
incident_datetime,04/24/2024 13:18
incident_datetime,04/25/2024 04:34
incident_datetime,04/29/2020 08:17
incident_datetime,04/29/2020 20:16
incident_datetime,05-02-2024
incident_datetime,05-03-2020
incident_datetime,05-04-2021
incident_datetime,05-06-2023
incident_datetime,05-11-2018
incident_datetime,05/01/2024 01:11
incident_datetime,05/02/2019 08:02
incident_datetime,05/03/2022 19:53
incident_datetime,05/04/2020 19:19
incident_datetime,05/10/2023 13:23
incident_datetime,05/11/2018 00:57
incident_datetime,05/11/2019 02:26
incident_datetime,05/11/2024 03:22
incident_datetime,05/15/2018 03:19
incident_datetime,05/15/2021 23:05
incident_datetime,05/17/2021 23:35
incident_datetime,05/20/2021 15:20
incident_datetime,05/24/2022 05:28
incident_datetime,05/25/2022 02:23
incident_datetime,05/26/2019 07:01
incident_datetime,05/28/2020 00:57
incident_datetime,05/29/2024 22:22
incident_datetime,05/31/2024 22:36
incident_datetime,06-01-2022
incident_datetime,06-04-2024
incident_datetime,06-05-2024
incident_datetime,06-06-2019
incident_datetime,06-07-2019
incident_datetime,06-09-2020
incident_datetime,06-09-2021
incident_datetime,06/01/2023 09:36
incident_datetime,06/03/2022 16:33
incident_datetime,06/03/2024 14:53
incident_datetime,06/07/2024 19:03
incident_datetime,06/08/2018 03:20
incident_datetime,06/09/2020 22:14
incident_datetime,06/09/2024 10:54
incident_datetime,06/10/2019 20:54
incident_datetime,06/10/2021 19:34
incident_datetime,06/11/2019 04:47
incident_datetime,06/13/2023 15:55
incident_datetime,06/15/2018 21:23
incident_datetime,06/16/2023 04:34
incident_datetime,06/22/2020 14:51
incident_datetime,06/25/2021 18:13
incident_datetime,06/27/2020 00:56
incident_datetime,07-01-2023
incident_datetime,07-02-2022
incident_datetime,07-06-2022
incident_datetime,07-06-2023
incident_datetime,07-07-2020
incident_datetime,07-08-2021
incident_datetime,07-08-2023
incident_datetime,07-08-2024
incident_datetime,07-09-2019
incident_datetime,07-12-2019
incident_datetime,07-12-2020
incident_datetime,07/03/2023 16:48
incident_datetime,07/05/2023 07:09
incident_datetime,07/11/2020 17:16
incident_datetime,07/11/2021 04:12
incident_datetime,07/15/2024 23:29
incident_datetime,07/19/2024 05:36
incident_datetime,07/19/2024 19:30
incident_datetime,07/21/2023 14:12
incident_datetime,07/21/2024 11:56
incident_datetime,07/22/2021 23:17
incident_datetime,07/26/2019 13:32
incident_datetime,07/26/2021 21:43
incident_datetime,07/27/2019 00:47
incident_datetime,07/28/2018 05:30
incident_datetime,07/28/2024 19:40
incident_datetime,07/29/2018 08:49
incident_datetime,07/29/2022 04:30
incident_datetime,07/30/2018 15:29
incident_datetime,07/31/2023 13:14
incident_datetime,08-03-2020
incident_datetime,08-03-2022
incident_datetime,08-04-2019
incident_datetime,08-08-2018
incident_datetime,08-11-2021
incident_datetime,08/01/2022 10:06
incident_datetime,08/05/2021 05:38
incident_datetime,08/05/2023 10:43
incident_datetime,08/06/2023 04:30
incident_datetime,08/07/2019 08:30
incident_datetime,08/09/2019 04:03
incident_datetime,08/09/2024 14:50
incident_datetime,08/10/2021 18:00
incident_datetime,08/10/2021 20:18
incident_datetime,08/12/2024 12:12
incident_datetime,08/13/2020 00:06
incident_datetime,08/14/2019 02:14
incident_datetime,08/15/2022 01:51
incident_datetime,08/15/2023 14:15
incident_datetime,08/17/2020 23:34
incident_datetime,08/18/2019 10:08
incident_datetime,08/22/2018 20:22
incident_datetime,08/22/2021 07:33
incident_datetime,08/25/2020 19:26
incident_datetime,08/26/2020 05:45
incident_datetime,08/28/2023 23:42
incident_datetime,09-05-2019
incident_datetime,09-06-2018
incident_datetime,09-06-2023
incident_datetime,09-08-2022
incident_datetime,09-10-2020
incident_datetime,09-12-2024
incident_datetime,09/04/2023 08:07
incident_datetime,09/05/2019 10:34
incident_datetime,09/05/2023 05:36
incident_datetime,09/10/2021 13:24
incident_datetime,09/11/2019 18:17
incident_datetime,09/11/2024 02:08
incident_datetime,09/13/2018 00:15
incident_datetime,09/14/2019 16:21
incident_datetime,09/16/2018 02:56
incident_datetime,09/16/2023 16:33
incident_datetime,09/17/2022 20:08
incident_datetime,09/19/2024 07:52
incident_datetime,09/19/2024 08:07
incident_datetime,09/24/2020 00:32
incident_datetime,09/25/2021 23:21
incident_datetime,09/28/2019 09:03
incident_datetime,09/29/2019 19:03
incident_datetime,10-07-2021
incident_datetime,10/02/2022 06:11
incident_datetime,10/02/2023 15:49
incident_datetime,10/04/2021 19:54
incident_datetime,10/07/2023 03:46
incident_datetime,10/08/2019 04:52
incident_datetime,10/09/2020 18:15
incident_datetime,10/10/2024 01:28
incident_datetime,10/11/2024 19:41
incident_datetime,10/17/2018 07:47
incident_datetime,10/17/2023 06:46
incident_datetime,10/20/2022 18:35
incident_datetime,10/22/2022 21:18
incident_datetime,10/22/2024 22:32
incident_datetime,10/24/2024 15:46
incident_datetime,10/26/2020 01:25
incident_datetime,10/27/2019 14:39
incident_datetime,10/29/2024 16:17
incident_datetime,11-09-2022
incident_datetime,11-09-2024
incident_datetime,11-10-2019
incident_datetime,11/02/2021 21:32
incident_datetime,11/02/2023 02:24
incident_datetime,11/02/2023 17:07
incident_datetime,11/03/2019 08:59
incident_datetime,11/05/2019 10:22
incident_datetime,11/07/2020 18:26
incident_datetime,11/07/2023 10:10
incident_datetime,11/12/2019 17:34
incident_datetime,11/12/2022 08:03
incident_datetime,11/13/2024 07:44
incident_datetime,11/15/2020 19:01
incident_datetime,11/17/2021 10:34
incident_datetime,11/18/2018 13:15
incident_datetime,11/18/2019 18:36
incident_datetime,11/19/2018 23:53
incident_datetime,11/20/2023 21:30
incident_datetime,11/21/2019 14:43
incident_datetime,11/22/2023 12:15
incident_datetime,11/28/2024 15:57
incident_datetime,11/30/2021 22:07
incident_datetime,12-01-2019
incident_datetime,12-01-2021
incident_datetime,12-04-2019
incident_datetime,12-04-2022
incident_datetime,12-04-2023
incident_datetime,12-09-2019
incident_datetime,12-09-2022
incident_datetime,12-12-2024
incident_datetime,12/01/2024 09:56
incident_datetime,12/02/2024 18:35
incident_datetime,12/04/2021 00:15
incident_datetime,12/05/2018 23:28
incident_datetime,12/05/2020 10:57
incident_datetime,12/05/2021 08:32
incident_datetime,12/06/2020 20:56
incident_datetime,12/08/2022 09:08
incident_datetime,12/08/2023 12:13
incident_datetime,12/09/2023 19:36
incident_datetime,12/12/2020 12:57
incident_datetime,12/13/2022 20:27
incident_datetime,12/25/2020 09:10
incident_datetime,12/30/2022 17:38
incident_datetime,12/31/2021 16:25
incident_datetime,13-01-2023
incident_datetime,13-02-2019
incident_datetime,13-04-2024
incident_datetime,13-09-2022
incident_datetime,14-01-2020
incident_datetime,14-06-2018
incident_datetime,14-08-2023
incident_datetime,14-08-2024
incident_datetime,15-03-2019
incident_datetime,15-03-2024
incident_datetime,15-05-2024
incident_datetime,15-06-2022
incident_datetime,15-06-2024
incident_datetime,15-09-2020
incident_datetime,15-10-2020
incident_datetime,16-09-2020
incident_datetime,16-11-2018
incident_datetime,16-12-2023
incident_datetime,17-03-2019
incident_datetime,17-04-2021
incident_datetime,17-05-2018
incident_datetime,17-05-2021
incident_datetime,17-06-2021
incident_datetime,17-09-2020
incident_datetime,17-10-2022
incident_datetime,18-03-2018
incident_datetime,18-06-2020
incident_datetime,18-08-2019
incident_datetime,18-09-2022
incident_datetime,18-11-2021
incident_datetime,18-11-2023
incident_datetime,19-05-2019
incident_datetime,19-06-2023
incident_datetime,19-06-2024
incident_datetime,19-08-2021
incident_datetime,19-12-2018
incident_datetime,20-07-2021
incident_datetime,20-07-2023
incident_datetime,2018-01-01 14:44:18
incident_datetime,2018-01-02 07:38:55
incident_datetime,2018-01-02 10:03:35
incident_datetime,2018-01-02 16:45:58
incident_datetime,2018-01-03 04:24:40
incident_datetime,2018-01-04 23:31:48
incident_datetime,2018-01-05 16:28:28
incident_datetime,2018-01-05 18:23:31
incident_datetime,2018-01-07 07:17:52
incident_datetime,2018-01-08 05:22:14
incident_datetime,2018-01-08 15:21:38
incident_datetime,2018-01-09 08:45:42
incident_datetime,2018-01-09 19:54:08
incident_datetime,2018-01-10 06:27:04
incident_datetime,2018-01-12 03:04:45
incident_datetime,2018-01-12 09:39:51
incident_datetime,2018-01-12 21:59:10
incident_datetime,2018-01-14 05:12:24
incident_datetime,2018-01-14 11:31:21
incident_datetime,2018-01-14 22:21:19
incident_datetime,2018-01-15 08:13:18
incident_datetime,2018-01-16 01:24:58
incident_datetime,2018-01-17 02:12:50
incident_datetime,2018-01-17 04:03:01
incident_datetime,2018-01-17 20:07:18
incident_datetime,2018-01-19 11:51:47
incident_datetime,2018-01-20 09:18:28
incident_datetime,2018-01-20 11:27:14
incident_datetime,2018-01-21 16:28:27
incident_datetime,2018-01-21 18:07:49
incident_datetime,2018-01-22 00:15:42
incident_datetime,2018-01-23 01:32:57
incident_datetime,2018-01-23 09:11:23
incident_datetime,2018-01-24 15:33:18
incident_datetime,2018-01-25 11:07:06
incident_datetime,2018-01-25 19:00:25
incident_datetime,2018-01-29 12:35:04
incident_datetime,2018-01-30 00:39:04
incident_datetime,2018-01-30 08:09:16
incident_datetime,2018-01-30 13:08:03
incident_datetime,2018-01-30 16:57:51
incident_datetime,2018-01-30 20:00:44
incident_datetime,2018-01-31 11:57:54
incident_datetime,2018-01-31 14:55:26
incident_datetime,2018-02-01 01:16:51
incident_datetime,2018-02-01 02:04:04
incident_datetime,2018-02-01 23:39:50
incident_datetime,2018-02-02 04:02:06
incident_datetime,2018-02-02 14:04:16
incident_datetime,2018-02-03 02:28:47
incident_datetime,2018-02-03 13:33:15
incident_datetime,2018-02-06 16:48:44
incident_datetime,2018-02-07 08:26:09
incident_datetime,2018-02-09 15:48:45
incident_datetime,2018-02-10 00:28:32
incident_datetime,2018-02-10 18:54:08
incident_datetime,2018-02-11 04:34:02
incident_datetime,2018-02-11 12:32:21
incident_datetime,2018-02-12 02:30:53
incident_datetime,2018-02-12 03:18:48
incident_datetime,2018-02-13 21:02:40
incident_datetime,2018-02-14 03:31:30
incident_datetime,2018-02-14 07:34:37
incident_datetime,2018-02-14 19:42:19
incident_datetime,2018-02-15 03:16:33
incident_datetime,2018-02-15 14:31:36
incident_datetime,2018-02-15 16:49:55
incident_datetime,2018-02-16 06:55:01
incident_datetime,2018-02-16 09:35:36
incident_datetime,2018-02-16 14:23:23
incident_datetime,2018-02-16 17:46:15
incident_datetime,2018-02-17 02:30:15
incident_datetime,2018-02-18 06:22:07
incident_datetime,2018-02-18 14:38:06
incident_datetime,2018-02-18 16:33:47
incident_datetime,2018-02-18 18:56:53
incident_datetime,2018-02-20 07:19:37
incident_datetime,2018-02-20 12:48:09
incident_datetime,2018-02-21 01:58:13
incident_datetime,2018-02-21 23:29:41
incident_datetime,2018-02-24 08:50:24
incident_datetime,2018-02-25 08:37:27
incident_datetime,2018-02-25 10:23:41
incident_datetime,2018-02-25 13:40:15
incident_datetime,2018-02-26 03:21:48
incident_datetime,2018-02-27 17:21:24
incident_datetime,2018-02-27 21:26:52
incident_datetime,2018-02-27 22:25:41
incident_datetime,2018-02-28 05:41:15
incident_datetime,2018-02-28 11:07:04
incident_datetime,2018-03-03 02:01:45
incident_datetime,2018-03-03 16:49:34
incident_datetime,2018-03-04 07:12:43
incident_datetime,2018-03-04 07:24:06
incident_datetime,2018-03-04 12:04:47
incident_datetime,2018-03-04 20:58:17
incident_datetime,2018-03-05 08:05:05
incident_datetime,2018-03-06 14:02:18
incident_datetime,2018-03-06 17:54:02
incident_datetime,2018-03-06 19:08:34
incident_datetime,2018-03-07 04:08:06
incident_datetime,2018-03-07 05:50:28
incident_datetime,2018-03-09 23:06:21
incident_datetime,2018-03-11 11:13:55
incident_datetime,2018-03-11 11:18:03
incident_datetime,2018-03-12 17:06:26
incident_datetime,2018-03-13 02:02:13
incident_datetime,2018-03-13 05:33:11
incident_datetime,2018-03-14 00:09:01
incident_datetime,2018-03-14 00:32:35
incident_datetime,2018-03-14 03:37:28
incident_datetime,2018-03-14 14:48:03
incident_datetime,2018-03-15 04:23:22
incident_datetime,2018-03-15 12:31:25
incident_datetime,2018-03-17 06:06:51
incident_datetime,2018-03-17 07:47:26
incident_datetime,2018-03-18 02:58:10
incident_datetime,2018-03-18 06:55:34
incident_datetime,2018-03-20 06:52:14
incident_datetime,2018-03-20 13:17:21
incident_datetime,2018-03-20 21:54:44
incident_datetime,2018-03-20 22:19:18
incident_datetime,2018-03-21 01:21:04
incident_datetime,2018-03-21 02:06:36
incident_datetime,2018-03-21 11:10:25
incident_datetime,2018-03-21 14:46:22
incident_datetime,2018-03-22 06:01:36
incident_datetime,2018-03-22 23:52:17
incident_datetime,2018-03-23 03:03:42
incident_datetime,2018-03-23 14:53:39
incident_datetime,2018-03-24 15:55:59
incident_datetime,2018-03-24 19:12:26
incident_datetime,2018-03-26 22:11:44
incident_datetime,2018-03-27 07:11:22
incident_datetime,2018-03-27 13:51:37
incident_datetime,2018-03-28 00:22:14
incident_datetime,2018-03-29 06:26:20
incident_datetime,2018-03-29 06:48:37
incident_datetime,2018-03-29 12:57:37
incident_datetime,2018-03-29 19:59:20
incident_datetime,2018-03-31 15:42:20
incident_datetime,2018-03-31 16:42:09
incident_datetime,2018-03-31 18:17:38
incident_datetime,2018-04-02 19:51:46
incident_datetime,2018-04-05 13:25:58
incident_datetime,2018-04-06 03:45:42
incident_datetime,2018-04-07 10:34:15
incident_datetime,2018-04-07 18:39:05
incident_datetime,2018-04-08 11:49:32
incident_datetime,2018-04-09 09:28:54
incident_datetime,2018-04-09 11:29:59
incident_datetime,2018-04-10 09:58:03
incident_datetime,2018-04-11 07:30:02
incident_datetime,2018-04-12 13:49:29
incident_datetime,2018-04-12 20:46:46
incident_datetime,2018-04-13 05:03:44
incident_datetime,2018-04-13 08:01:05
incident_datetime,2018-04-14 01:24:16
incident_datetime,2018-04-14 06:05:49
incident_datetime,2018-04-14 09:11:35
incident_datetime,2018-04-14 12:38:50
incident_datetime,2018-04-15 03:48:24
incident_datetime,2018-04-16 05:34:49
incident_datetime,2018-04-16 07:13:50
incident_datetime,2018-04-16 11:54:15
incident_datetime,2018-04-16 14:15:47
incident_datetime,2018-04-16 15:06:49
incident_datetime,2018-04-16 22:48:20
incident_datetime,2018-04-17 04:54:07
incident_datetime,2018-04-17 09:12:14
incident_datetime,2018-04-18 10:42:46
incident_datetime,2018-04-18 18:23:06
incident_datetime,2018-04-20 05:03:53
incident_datetime,2018-04-20 11:24:00
incident_datetime,2018-04-21 00:54:18
incident_datetime,2018-04-22 00:37:31
incident_datetime,2018-04-24 05:42:40
incident_datetime,2018-04-24 10:31:37
incident_datetime,2018-04-25 02:26:42
incident_datetime,2018-04-25 14:38:24
incident_datetime,2018-04-26 12:32:07
incident_datetime,2018-04-26 18:27:15
incident_datetime,2018-04-27 02:59:54
incident_datetime,2018-04-27 07:12:52
incident_datetime,2018-04-27 10:13:13
incident_datetime,2018-04-29 01:43:52
incident_datetime,2018-05-01 14:04:16
incident_datetime,2018-05-02 18:04:13
incident_datetime,2018-05-03 05:19:46
incident_datetime,2018-05-03 10:02:24
incident_datetime,2018-05-03 10:34:20
incident_datetime,2018-05-03 12:22:25
incident_datetime,2018-05-04 17:22:07
incident_datetime,2018-05-05 12:38:59
incident_datetime,2018-05-05 19:55:11
incident_datetime,2018-05-06 06:05:16
incident_datetime,2018-05-06 18:50:31
incident_datetime,2018-05-07 07:52:43
incident_datetime,2018-05-07 17:57:38
incident_datetime,2018-05-07 19:14:31
incident_datetime,2018-05-08 05:34:25
incident_datetime,2018-05-08 10:16:24
incident_datetime,2018-05-08 10:52:30
incident_datetime,2018-05-08 12:05:04
incident_datetime,2018-05-08 23:29:25
incident_datetime,2018-05-09 03:52:45
incident_datetime,2018-05-09 05:02:54
incident_datetime,2018-05-09 18:04:05
incident_datetime,2018-05-09 21:49:50
incident_datetime,2018-05-11 06:53:52
incident_datetime,2018-05-11 11:22:57
incident_datetime,2018-05-12 12:17:02
incident_datetime,2018-05-14 00:28:58
incident_datetime,2018-05-14 07:03:26
incident_datetime,2018-05-14 08:24:57
incident_datetime,2018-05-14 21:31:36
incident_datetime,2018-05-15 00:38:05
incident_datetime,2018-05-16 10:47:27
incident_datetime,2018-05-16 12:14:30
incident_datetime,2018-05-17 07:10:04
incident_datetime,2018-05-17 12:25:34
incident_datetime,2018-05-17 14:44:18
incident_datetime,2018-05-17 16:13:30
incident_datetime,2018-05-17 19:08:02
incident_datetime,2018-05-17 21:45:38
incident_datetime,2018-05-19 08:06:15
incident_datetime,2018-05-19 20:10:01
incident_datetime,2018-05-20 06:11:56
incident_datetime,2018-05-21 20:28:48
incident_datetime,2018-05-23 12:03:04
incident_datetime,2018-05-24 11:30:44
incident_datetime,2018-05-24 13:25:44
incident_datetime,2018-05-24 14:36:28
incident_datetime,2018-05-24 15:58:33
incident_datetime,2018-05-24 20:48:45
incident_datetime,2018-05-25 10:29:25
incident_datetime,2018-05-25 18:23:30
incident_datetime,2018-05-26 03:28:55
incident_datetime,2018-05-26 04:14:02
incident_datetime,2018-05-26 13:21:47
incident_datetime,2018-05-27 09:15:05
incident_datetime,2018-05-27 18:40:49
incident_datetime,2018-05-28 06:33:27
incident_datetime,2018-05-29 10:57:21
incident_datetime,2018-05-29 19:47:34
incident_datetime,2018-05-30 00:29:44
incident_datetime,2018-05-31 23:04:58
incident_datetime,2018-06-01 11:47:25
incident_datetime,2018-06-01 20:32:21
incident_datetime,2018-06-02 07:09:30
incident_datetime,2018-06-03 13:39:29
incident_datetime,2018-06-05 18:22:26
incident_datetime,2018-06-06 17:03:52
incident_datetime,2018-06-07 08:08:11
incident_datetime,2018-06-08 17:00:07
incident_datetime,2018-06-09 13:25:27
incident_datetime,2018-06-10 03:34:11
incident_datetime,2018-06-10 23:19:55
incident_datetime,2018-06-11 19:02:39
incident_datetime,2018-06-12 16:32:33
incident_datetime,2018-06-13 00:56:24
incident_datetime,2018-06-13 02:11:03
incident_datetime,2018-06-13 10:01:27
incident_datetime,2018-06-13 21:31:37
incident_datetime,2018-06-15 01:37:06
incident_datetime,2018-06-15 03:40:43
incident_datetime,2018-06-15 20:50:57
incident_datetime,2018-06-15 21:23:18
incident_datetime,2018-06-15 23:41:22
incident_datetime,2018-06-16 00:49:14
incident_datetime,2018-06-16 21:49:15
incident_datetime,2018-06-17 12:21:45
incident_datetime,2018-06-18 04:04:21
incident_datetime,2018-06-18 07:17:46
incident_datetime,2018-06-18 10:51:32
incident_datetime,2018-06-18 14:17:31
incident_datetime,2018-06-19 17:45:32
incident_datetime,2018-06-19 21:13:43
incident_datetime,2018-06-21 00:57:37
incident_datetime,2018-06-21 01:34:36
incident_datetime,2018-06-21 02:53:32
incident_datetime,2018-06-22 01:11:02
incident_datetime,2018-06-22 21:48:38
incident_datetime,2018-06-25 05:59:33
incident_datetime,2018-06-26 08:42:17
incident_datetime,2018-06-27 03:12:06
incident_datetime,2018-06-28 18:11:08
incident_datetime,2018-06-29 00:29:41
incident_datetime,2018-06-29 09:05:10
incident_datetime,2018-06-30 20:37:53
incident_datetime,2018-07-01 22:36:07
incident_datetime,2018-07-02 10:59:08
incident_datetime,2018-07-02 11:47:43
incident_datetime,2018-07-04 17:51:08
incident_datetime,2018-07-05 03:31:31
incident_datetime,2018-07-05 15:26:50
incident_datetime,2018-07-05 17:59:14
incident_datetime,2018-07-06 01:47:21
incident_datetime,2018-07-06 02:06:01
incident_datetime,2018-07-07 07:14:58
incident_datetime,2018-07-07 15:59:32
incident_datetime,2018-07-08 19:57:07
incident_datetime,2018-07-09 02:48:51
incident_datetime,2018-07-09 22:16:17
incident_datetime,2018-07-09 23:22:38
incident_datetime,2018-07-10 06:32:09
incident_datetime,2018-07-11 19:32:43
incident_datetime,2018-07-12 13:26:43
incident_datetime,2018-07-12 18:49:01
incident_datetime,2018-07-13 12:16:06
incident_datetime,2018-07-13 12:56:52
incident_datetime,2018-07-15 12:44:40
incident_datetime,2018-07-15 17:19:16
incident_datetime,2018-07-16 04:51:45
incident_datetime,2018-07-16 09:58:14
incident_datetime,2018-07-16 10:55:10
incident_datetime,2018-07-17 16:48:35
incident_datetime,2018-07-18 20:22:14
incident_datetime,2018-07-19 09:54:24
incident_datetime,2018-07-20 21:54:29
incident_datetime,2018-07-21 17:00:12
incident_datetime,2018-07-22 06:49:15
incident_datetime,2018-07-22 14:32:31
incident_datetime,2018-07-23 03:55:15
incident_datetime,2018-07-23 06:55:13
incident_datetime,2018-07-24 00:25:43
incident_datetime,2018-07-24 08:49:29
incident_datetime,2018-07-24 11:23:33
incident_datetime,2018-07-25 00:48:10
incident_datetime,2018-07-25 01:26:11
incident_datetime,2018-07-25 03:17:22
incident_datetime,2018-07-26 02:20:53
incident_datetime,2018-07-26 23:43:21
incident_datetime,2018-07-27 00:46:05
incident_datetime,2018-07-27 10:12:41
incident_datetime,2018-07-27 12:30:06
incident_datetime,2018-07-29 23:12:10
incident_datetime,2018-07-30 11:56:11
incident_datetime,2018-07-31 21:30:29
incident_datetime,2018-08-01 15:06:31
incident_datetime,2018-08-02 02:19:33
incident_datetime,2018-08-02 19:10:44
incident_datetime,2018-08-03 02:56:09
incident_datetime,2018-08-03 05:47:15
incident_datetime,2018-08-03 16:04:51
incident_datetime,2018-08-04 00:51:32
incident_datetime,2018-08-04 10:05:42
incident_datetime,2018-08-04 12:34:22
incident_datetime,2018-08-04 22:49:44
incident_datetime,2018-08-08 11:09:46
incident_datetime,2018-08-08 13:32:28
incident_datetime,2018-08-08 17:23:12
incident_datetime,2018-08-09 23:08:23
incident_datetime,2018-08-10 23:48:19
incident_datetime,2018-08-11 13:13:15
incident_datetime,2018-08-12 02:31:08
incident_datetime,2018-08-13 16:56:00
incident_datetime,2018-08-18 03:15:06
incident_datetime,2018-08-18 04:42:42
incident_datetime,2018-08-19 02:24:39
incident_datetime,2018-08-19 08:48:48
incident_datetime,2018-08-19 10:04:35
incident_datetime,2018-08-20 02:42:12
incident_datetime,2018-08-20 11:58:22
incident_datetime,2018-08-20 12:46:40
incident_datetime,2018-08-20 15:19:44
incident_datetime,2018-08-21 20:28:49
incident_datetime,2018-08-22 00:16:39
incident_datetime,2018-08-22 23:00:30
incident_datetime,2018-08-24 03:37:42
incident_datetime,2018-08-24 23:25:56
incident_datetime,2018-08-25 08:01:11
incident_datetime,2018-08-25 15:24:58
incident_datetime,2018-08-25 23:08:45
incident_datetime,2018-08-26 03:26:20
incident_datetime,2018-08-26 04:50:54
incident_datetime,2018-08-26 17:28:26
incident_datetime,2018-08-26 19:38:44
incident_datetime,2018-08-27 07:58:52
incident_datetime,2018-08-27 18:39:24
incident_datetime,2018-08-27 21:46:56
incident_datetime,2018-08-28 00:54:20
incident_datetime,2018-08-28 10:58:53
incident_datetime,2018-08-28 21:26:41
incident_datetime,2018-08-29 05:19:59
incident_datetime,2018-08-29 05:30:34
incident_datetime,2018-08-29 08:30:20
incident_datetime,2018-08-30 09:02:27
incident_datetime,2018-08-31 07:01:03
incident_datetime,2018-08-31 11:12:11
incident_datetime,2018-09-02 03:13:29
incident_datetime,2018-09-03 12:12:49
incident_datetime,2018-09-04 03:22:57
incident_datetime,2018-09-04 17:13:06
incident_datetime,2018-09-04 20:58:10
incident_datetime,2018-09-05 03:32:56
incident_datetime,2018-09-06 07:57:53
incident_datetime,2018-09-07 02:27:33
incident_datetime,2018-09-07 11:16:29
incident_datetime,2018-09-07 12:49:33
incident_datetime,2018-09-07 22:10:45
incident_datetime,2018-09-08 12:27:31
incident_datetime,2018-09-08 19:36:56
incident_datetime,2018-09-08 22:33:52
incident_datetime,2018-09-09 02:11:36
incident_datetime,2018-09-09 12:44:36
incident_datetime,2018-09-09 13:56:43
incident_datetime,2018-09-10 03:30:53
incident_datetime,2018-09-11 00:10:54
incident_datetime,2018-09-11 04:07:38
incident_datetime,2018-09-11 05:30:22
incident_datetime,2018-09-11 14:44:42
incident_datetime,2018-09-11 19:01:23
incident_datetime,2018-09-12 08:56:35
incident_datetime,2018-09-13 06:28:29
incident_datetime,2018-09-13 18:05:08
incident_datetime,2018-09-13 21:50:15
incident_datetime,2018-09-14 02:01:21
incident_datetime,2018-09-16 02:18:22
incident_datetime,2018-09-16 11:57:00
incident_datetime,2018-09-17 14:47:23
incident_datetime,2018-09-18 12:05:55
incident_datetime,2018-09-19 06:55:10
incident_datetime,2018-09-19 12:12:04
incident_datetime,2018-09-19 17:42:57
incident_datetime,2018-09-19 22:27:18
incident_datetime,2018-09-20 05:25:44
incident_datetime,2018-09-20 09:32:57
incident_datetime,2018-09-20 15:23:13
incident_datetime,2018-09-20 15:29:09
incident_datetime,2018-09-20 16:55:27
incident_datetime,2018-09-20 17:45:41
incident_datetime,2018-09-22 00:15:09
incident_datetime,2018-09-23 07:17:52
incident_datetime,2018-09-23 12:51:53
incident_datetime,2018-09-23 14:38:11
incident_datetime,2018-09-23 22:38:38
incident_datetime,2018-09-24 15:08:05
incident_datetime,2018-09-24 15:16:57
incident_datetime,2018-09-24 18:17:47
incident_datetime,2018-09-24 19:30:55
incident_datetime,2018-09-25 18:27:54
incident_datetime,2018-09-26 12:04:27
incident_datetime,2018-09-26 21:21:00
incident_datetime,2018-09-26 21:26:23
incident_datetime,2018-09-27 03:45:08
incident_datetime,2018-09-27 06:03:14
incident_datetime,2018-09-27 08:10:13
incident_datetime,2018-09-27 19:28:08
incident_datetime,2018-10-02 06:18:49
incident_datetime,2018-10-02 06:24:23
incident_datetime,2018-10-03 20:29:52
incident_datetime,2018-10-04 02:32:07
incident_datetime,2018-10-04 04:27:29
incident_datetime,2018-10-04 08:18:26
incident_datetime,2018-10-04 17:05:39
incident_datetime,2018-10-04 20:33:42
incident_datetime,2018-10-05 11:50:51
incident_datetime,2018-10-05 13:06:48
incident_datetime,2018-10-06 01:43:39
incident_datetime,2018-10-06 08:41:56
incident_datetime,2018-10-06 20:57:38
incident_datetime,2018-10-06 22:46:47
incident_datetime,2018-10-07 19:03:34
incident_datetime,2018-10-08 05:26:47
incident_datetime,2018-10-08 22:23:37
incident_datetime,2018-10-09 04:07:59
incident_datetime,2018-10-09 09:23:48
incident_datetime,2018-10-09 21:51:49
incident_datetime,2018-10-09 23:26:06
incident_datetime,2018-10-10 09:39:47
incident_datetime,2018-10-10 14:56:57
incident_datetime,2018-10-10 20:46:12
incident_datetime,2018-10-11 00:06:31
incident_datetime,2018-10-11 02:11:24
incident_datetime,2018-10-14 12:20:46
incident_datetime,2018-10-14 21:45:47
incident_datetime,2018-10-16 23:15:41
incident_datetime,2018-10-18 21:20:39
incident_datetime,2018-10-19 02:26:22
incident_datetime,2018-10-19 14:21:21
incident_datetime,2018-10-20 15:11:25
incident_datetime,2018-10-20 20:48:54
incident_datetime,2018-10-21 06:21:54
incident_datetime,2018-10-21 18:24:00
incident_datetime,2018-10-23 10:29:33
incident_datetime,2018-10-23 11:31:43
incident_datetime,2018-10-23 21:15:12
incident_datetime,2018-10-26 16:59:18
incident_datetime,2018-10-26 20:56:45
incident_datetime,2018-10-27 19:48:57
incident_datetime,2018-10-30 13:11:52
incident_datetime,2018-10-30 21:54:35
incident_datetime,2018-10-31 20:36:21
incident_datetime,2018-11-01 03:44:08
incident_datetime,2018-11-01 09:18:54
incident_datetime,2018-11-01 14:35:49
incident_datetime,2018-11-01 17:58:42
incident_datetime,2018-11-02 16:07:46
incident_datetime,2018-11-02 16:42:40
incident_datetime,2018-11-03 07:40:24
incident_datetime,2018-11-03 11:58:04
incident_datetime,2018-11-05 07:23:28
incident_datetime,2018-11-05 13:30:16
incident_datetime,2018-11-05 15:18:12
incident_datetime,2018-11-06 06:29:27
incident_datetime,2018-11-07 01:54:06
incident_datetime,2018-11-08 04:04:00
incident_datetime,2018-11-08 11:20:41
incident_datetime,2018-11-09 18:53:03
incident_datetime,2018-11-09 21:21:59
incident_datetime,2018-11-09 22:15:23
incident_datetime,2018-11-11 23:42:59
incident_datetime,2018-11-12 02:35:48
incident_datetime,2018-11-12 14:30:30
incident_datetime,2018-11-13 19:59:23
incident_datetime,2018-11-14 16:35:55
incident_datetime,2018-11-14 16:57:46
incident_datetime,2018-11-15 02:35:54
incident_datetime,2018-11-15 03:41:15
incident_datetime,2018-11-15 09:57:53
incident_datetime,2018-11-15 10:46:26
incident_datetime,2018-11-15 16:10:16
incident_datetime,2018-11-17 07:53:17
incident_datetime,2018-11-17 15:47:53
incident_datetime,2018-11-17 23:52:55
incident_datetime,2018-11-18 00:27:23
incident_datetime,2018-11-19 03:47:51
incident_datetime,2018-11-19 21:20:41
incident_datetime,2018-11-21 05:18:18
incident_datetime,2018-11-22 02:27:10
incident_datetime,2018-11-22 13:19:44
incident_datetime,2018-11-26 03:22:26
incident_datetime,2018-11-26 06:35:46
incident_datetime,2018-11-26 11:08:39
incident_datetime,2018-11-27 00:16:15
incident_datetime,2018-11-27 08:19:00
incident_datetime,2018-11-28 10:40:44
incident_datetime,2018-11-28 21:17:46
incident_datetime,2018-11-29 05:20:52
incident_datetime,2018-11-29 07:59:37
incident_datetime,2018-11-29 18:34:03
incident_datetime,2018-11-30 01:44:16
incident_datetime,2018-12-01 17:22:58
incident_datetime,2018-12-02 04:02:02
incident_datetime,2018-12-02 13:02:00
incident_datetime,2018-12-03 18:49:17
incident_datetime,2018-12-04 09:22:38
incident_datetime,2018-12-04 18:57:32
incident_datetime,2018-12-05 06:31:56
incident_datetime,2018-12-06 07:33:29
incident_datetime,2018-12-06 09:49:49
incident_datetime,2018-12-07 05:52:31
incident_datetime,2018-12-07 09:24:33
incident_datetime,2018-12-07 10:03:20
incident_datetime,2018-12-08 23:12:25
incident_datetime,2018-12-09 11:11:51
incident_datetime,2018-12-11 07:37:15
incident_datetime,2018-12-11 18:23:28
incident_datetime,2018-12-13 17:58:28
incident_datetime,2018-12-15 04:49:22
incident_datetime,2018-12-15 19:29:25
incident_datetime,2018-12-16 09:14:08
incident_datetime,2018-12-16 21:33:28
incident_datetime,2018-12-17 16:00:42
incident_datetime,2018-12-18 06:33:19
incident_datetime,2018-12-19 23:58:30
incident_datetime,2018-12-20 10:28:56
incident_datetime,2018-12-20 21:09:56
incident_datetime,2018-12-21 02:09:59
incident_datetime,2018-12-21 02:40:13
incident_datetime,2018-12-22 10:31:42
incident_datetime,2018-12-22 15:53:15
incident_datetime,2018-12-22 19:12:14
incident_datetime,2018-12-22 21:09:51
incident_datetime,2018-12-23 15:16:44
incident_datetime,2018-12-23 22:48:14
incident_datetime,2018-12-24 18:19:04
incident_datetime,2018-12-25 03:37:59
incident_datetime,2018-12-25 10:30:22
incident_datetime,2018-12-26 11:16:18
incident_datetime,2018-12-26 13:18:23
incident_datetime,2018-12-26 18:06:13
incident_datetime,2018-12-26 21:47:16
incident_datetime,2018-12-27 01:07:46
incident_datetime,2018-12-27 17:39:29
incident_datetime,2018-12-29 09:55:28
incident_datetime,2018-12-29 18:08:20
incident_datetime,2018-12-29 20:51:40
incident_datetime,2018-12-30 03:07:17
incident_datetime,2018-12-31 13:31:09
incident_datetime,2018-12-31 14:27:49
incident_datetime,2018-12-31 17:40:36
incident_datetime,2019-01-01 07:27:35
incident_datetime,2019-01-02 00:31:04
incident_datetime,2019-01-02 07:47:33
incident_datetime,2019-01-03 16:32:02
incident_datetime,2019-01-04 05:16:46
incident_datetime,2019-01-04 12:51:58
incident_datetime,2019-01-05 09:02:07
incident_datetime,2019-01-05 16:42:43
incident_datetime,2019-01-06 00:57:12
incident_datetime,2019-01-06 17:51:24
incident_datetime,2019-01-07 01:24:05
incident_datetime,2019-01-07 04:56:32
incident_datetime,2019-01-07 21:21:43
incident_datetime,2019-01-08 05:01:25
incident_datetime,2019-01-08 10:07:23
incident_datetime,2019-01-09 00:51:08
incident_datetime,2019-01-09 16:57:22
incident_datetime,2019-01-10 08:29:17
incident_datetime,2019-01-10 23:01:28
incident_datetime,2019-01-11 03:02:24
incident_datetime,2019-01-12 10:09:05
incident_datetime,2019-01-12 18:47:43
incident_datetime,2019-01-13 06:19:15
incident_datetime,2019-01-13 18:56:59
incident_datetime,2019-01-15 13:15:28
incident_datetime,2019-01-15 17:06:13
incident_datetime,2019-01-16 02:05:02
incident_datetime,2019-01-16 19:16:05
incident_datetime,2019-01-17 08:01:08
incident_datetime,2019-01-17 22:51:48
incident_datetime,2019-01-18 12:03:59
incident_datetime,2019-01-18 12:53:31
incident_datetime,2019-01-18 15:49:39
incident_datetime,2019-01-19 07:29:06
incident_datetime,2019-01-20 12:43:16
incident_datetime,2019-01-20 13:59:11
incident_datetime,2019-01-21 03:37:53
incident_datetime,2019-01-25 16:44:53
incident_datetime,2019-01-26 00:48:23
incident_datetime,2019-01-26 09:25:24
incident_datetime,2019-01-26 09:50:45
incident_datetime,2019-01-27 05:08:08
incident_datetime,2019-01-27 15:50:07
incident_datetime,2019-01-27 15:57:36
incident_datetime,2019-01-27 19:44:51
incident_datetime,2019-01-28 07:31:50
incident_datetime,2019-01-28 09:18:34
incident_datetime,2019-01-28 13:31:16
incident_datetime,2019-01-29 00:50:12
incident_datetime,2019-01-30 05:21:22
incident_datetime,2019-02-01 17:54:21
incident_datetime,2019-02-01 18:55:46
incident_datetime,2019-02-02 17:48:33
incident_datetime,2019-02-03 15:55:38
incident_datetime,2019-02-03 16:45:05
incident_datetime,2019-02-05 20:17:40
incident_datetime,2019-02-06 05:32:17
incident_datetime,2019-02-09 17:53:05
incident_datetime,2019-02-10 08:50:05
incident_datetime,2019-02-10 23:20:12
incident_datetime,2019-02-11 00:22:02
incident_datetime,2019-02-11 04:35:02
incident_datetime,2019-02-12 08:43:51
incident_datetime,2019-02-14 00:32:12
incident_datetime,2019-02-14 18:20:17
incident_datetime,2019-02-15 05:27:10
incident_datetime,2019-02-15 08:06:44
incident_datetime,2019-02-17 12:29:19
incident_datetime,2019-02-18 05:01:08
incident_datetime,2019-02-18 13:44:53
incident_datetime,2019-02-19 03:35:46
incident_datetime,2019-02-19 09:49:02
incident_datetime,2019-02-19 20:26:25
incident_datetime,2019-02-20 16:47:51
incident_datetime,2019-02-21 06:06:59
incident_datetime,2019-02-21 12:51:13
incident_datetime,2019-02-21 14:53:03
incident_datetime,2019-02-22 08:31:28
incident_datetime,2019-02-22 10:38:06
incident_datetime,2019-02-22 12:13:02
incident_datetime,2019-02-22 17:29:01
incident_datetime,2019-02-22 18:57:34
incident_datetime,2019-02-22 21:07:25
incident_datetime,2019-02-22 21:34:29
incident_datetime,2019-02-24 02:06:06
incident_datetime,2019-02-25 19:27:38
incident_datetime,2019-02-25 20:04:44
incident_datetime,2019-02-26 03:14:20
incident_datetime,2019-02-26 15:53:31
incident_datetime,2019-02-26 16:11:24
incident_datetime,2019-02-26 20:10:24
incident_datetime,2019-02-27 09:58:15
incident_datetime,2019-02-27 17:50:58
incident_datetime,2019-02-28 06:04:00
incident_datetime,2019-02-28 21:14:21
incident_datetime,2019-03-01 22:54:13
incident_datetime,2019-03-02 18:31:24
incident_datetime,2019-03-03 14:00:54
incident_datetime,2019-03-04 20:11:53
incident_datetime,2019-03-05 08:54:07
incident_datetime,2019-03-05 18:53:33
incident_datetime,2019-03-05 22:27:42
incident_datetime,2019-03-05 23:08:05
incident_datetime,2019-03-06 11:54:19
incident_datetime,2019-03-07 09:12:02
incident_datetime,2019-03-07 23:46:52
incident_datetime,2019-03-08 04:48:00
incident_datetime,2019-03-08 09:06:03
incident_datetime,2019-03-09 02:37:58
incident_datetime,2019-03-09 13:29:37
incident_datetime,2019-03-09 19:43:30
incident_datetime,2019-03-10 09:38:16
incident_datetime,2019-03-10 10:48:25
incident_datetime,2019-03-10 19:48:55
incident_datetime,2019-03-11 02:57:44
incident_datetime,2019-03-11 09:14:13
incident_datetime,2019-03-11 11:51:52
incident_datetime,2019-03-12 01:47:30
incident_datetime,2019-03-12 21:16:05
incident_datetime,2019-03-13 13:10:06
incident_datetime,2019-03-13 16:55:29
incident_datetime,2019-03-14 10:28:06
incident_datetime,2019-03-14 11:59:20
incident_datetime,2019-03-14 13:56:22
incident_datetime,2019-03-14 23:23:56
incident_datetime,2019-03-15 14:19:08
incident_datetime,2019-03-15 19:22:45
incident_datetime,2019-03-16 08:44:12
incident_datetime,2019-03-16 12:53:30
incident_datetime,2019-03-16 13:03:37
incident_datetime,2019-03-16 14:15:47
incident_datetime,2019-03-17 22:57:42
incident_datetime,2019-03-18 00:34:07
incident_datetime,2019-03-18 05:35:09
incident_datetime,2019-03-19 04:10:45
incident_datetime,2019-03-19 14:38:58
incident_datetime,2019-03-21 21:30:34
incident_datetime,2019-03-22 10:15:36
incident_datetime,2019-03-24 09:50:05
incident_datetime,2019-03-25 04:51:29
incident_datetime,2019-03-25 06:17:17
incident_datetime,2019-03-25 08:54:46
incident_datetime,2019-03-26 01:41:11
incident_datetime,2019-03-26 13:35:42
incident_datetime,2019-03-27 01:42:00
incident_datetime,2019-03-27 06:32:02
incident_datetime,2019-03-27 06:33:23
incident_datetime,2019-03-27 09:47:19
incident_datetime,2019-03-28 14:13:13
incident_datetime,2019-03-29 09:01:13
incident_datetime,2019-03-29 19:04:48
incident_datetime,2019-03-30 05:19:54
incident_datetime,2019-03-30 09:41:21
incident_datetime,2019-03-31 23:40:50
incident_datetime,2019-04-02 06:48:37
incident_datetime,2019-04-02 15:07:13
incident_datetime,2019-04-03 01:44:15
incident_datetime,2019-04-03 15:57:05
incident_datetime,2019-04-03 18:36:38
incident_datetime,2019-04-04 09:17:24
incident_datetime,2019-04-05 07:10:27
incident_datetime,2019-04-05 07:55:12
incident_datetime,2019-04-05 18:11:07
incident_datetime,2019-04-05 22:32:33
incident_datetime,2019-04-07 13:16:52
incident_datetime,2019-04-08 08:58:56
incident_datetime,2019-04-09 03:54:41
incident_datetime,2019-04-09 14:28:17
incident_datetime,2019-04-09 15:21:08
incident_datetime,2019-04-10 01:44:29
incident_datetime,2019-04-10 05:38:44
incident_datetime,2019-04-10 10:48:12
incident_datetime,2019-04-10 12:38:13
incident_datetime,2019-04-11 14:54:52
incident_datetime,2019-04-14 13:57:21
incident_datetime,2019-04-17 07:57:46
incident_datetime,2019-04-17 17:55:30
incident_datetime,2019-04-17 19:23:39
incident_datetime,2019-04-18 00:39:28
incident_datetime,2019-04-18 01:41:48
incident_datetime,2019-04-18 21:03:32
incident_datetime,2019-04-19 14:06:53
incident_datetime,2019-04-19 15:30:32
incident_datetime,2019-04-20 03:10:10
incident_datetime,2019-04-20 05:52:07
incident_datetime,2019-04-20 19:58:27
incident_datetime,2019-04-20 20:53:31
incident_datetime,2019-04-23 03:40:48
incident_datetime,2019-04-23 08:01:57
incident_datetime,2019-04-24 00:31:34
incident_datetime,2019-04-25 14:48:56
incident_datetime,2019-04-26 05:29:51
incident_datetime,2019-04-26 11:15:32
incident_datetime,2019-04-26 23:11:11
incident_datetime,2019-04-28 08:36:30
incident_datetime,2019-04-29 22:48:04
incident_datetime,2019-05-01 12:30:14
incident_datetime,2019-05-01 18:09:06
incident_datetime,2019-05-02 09:25:08
incident_datetime,2019-05-02 15:00:23
incident_datetime,2019-05-03 07:24:40
incident_datetime,2019-05-04 01:58:38
incident_datetime,2019-05-04 03:29:57
incident_datetime,2019-05-04 16:04:36
incident_datetime,2019-05-04 23:04:15
incident_datetime,2019-05-05 08:20:26
incident_datetime,2019-05-05 09:30:04
incident_datetime,2019-05-06 10:50:58
incident_datetime,2019-05-07 04:49:04
incident_datetime,2019-05-07 06:21:08
incident_datetime,2019-05-07 18:13:46
incident_datetime,2019-05-10 19:13:55
incident_datetime,2019-05-10 21:38:03
incident_datetime,2019-05-11 01:18:58
incident_datetime,2019-05-11 17:34:55
incident_datetime,2019-05-11 23:48:22
incident_datetime,2019-05-12 12:15:27
incident_datetime,2019-05-12 17:10:11
incident_datetime,2019-05-12 21:26:00
incident_datetime,2019-05-13 01:00:57
incident_datetime,2019-05-14 02:26:22
incident_datetime,2019-05-15 06:06:15
incident_datetime,2019-05-16 00:28:30
incident_datetime,2019-05-16 00:38:13
incident_datetime,2019-05-16 04:22:45
incident_datetime,2019-05-16 11:29:26
incident_datetime,2019-05-17 15:42:17
incident_datetime,2019-05-19 07:33:27
incident_datetime,2019-05-19 15:35:29
incident_datetime,2019-05-19 17:34:46
incident_datetime,2019-05-20 20:51:34
incident_datetime,2019-05-21 04:15:10
incident_datetime,2019-05-22 19:45:27
incident_datetime,2019-05-23 09:50:05
incident_datetime,2019-05-23 10:39:13
incident_datetime,2019-05-23 18:35:40
incident_datetime,2019-05-24 04:25:34
incident_datetime,2019-05-25 00:14:47
incident_datetime,2019-05-26 02:05:12
incident_datetime,2019-05-26 08:02:46
incident_datetime,2019-05-27 12:01:41
incident_datetime,2019-05-27 18:39:13
incident_datetime,2019-05-27 22:58:19
incident_datetime,2019-05-29 22:57:18
incident_datetime,2019-05-30 07:45:58
incident_datetime,2019-05-30 18:52:18
incident_datetime,2019-05-31 05:00:14
incident_datetime,2019-05-31 19:48:16
incident_datetime,2019-05-31 23:01:53
incident_datetime,2019-06-01 07:57:48
incident_datetime,2019-06-02 11:45:55
incident_datetime,2019-06-03 02:00:31
incident_datetime,2019-06-04 02:42:00
incident_datetime,2019-06-04 07:14:29
incident_datetime,2019-06-04 09:53:46
incident_datetime,2019-06-06 01:15:49
incident_datetime,2019-06-06 07:15:55
incident_datetime,2019-06-06 23:37:07
incident_datetime,2019-06-07 04:46:51
incident_datetime,2019-06-08 10:39:22
incident_datetime,2019-06-08 14:37:20
incident_datetime,2019-06-09 15:28:30
incident_datetime,2019-06-10 10:07:31
incident_datetime,2019-06-11 02:35:43
incident_datetime,2019-06-11 09:17:06
incident_datetime,2019-06-11 15:36:51
incident_datetime,2019-06-12 15:44:03
incident_datetime,2019-06-12 21:18:56
incident_datetime,2019-06-13 03:01:47
incident_datetime,2019-06-13 17:39:41
incident_datetime,2019-06-13 21:27:39
incident_datetime,2019-06-14 01:42:29
incident_datetime,2019-06-15 06:01:53
incident_datetime,2019-06-15 18:55:09
incident_datetime,2019-06-15 22:59:56
incident_datetime,2019-06-16 22:17:34
incident_datetime,2019-06-17 01:34:51
incident_datetime,2019-06-17 16:51:55
incident_datetime,2019-06-17 19:20:01
incident_datetime,2019-06-18 08:03:46
incident_datetime,2019-06-20 01:49:45
incident_datetime,2019-06-21 02:20:07
incident_datetime,2019-06-22 21:10:06
incident_datetime,2019-06-23 02:35:43
incident_datetime,2019-06-23 09:13:24
incident_datetime,2019-06-23 13:41:16
incident_datetime,2019-06-23 14:06:57
incident_datetime,2019-06-26 18:07:05
incident_datetime,2019-06-27 05:03:57
incident_datetime,2019-06-27 11:01:18
incident_datetime,2019-06-27 16:50:06
incident_datetime,2019-06-27 19:02:09
incident_datetime,2019-06-27 20:25:13
incident_datetime,2019-06-28 00:54:06
incident_datetime,2019-06-28 03:39:50
incident_datetime,2019-06-28 23:35:28
incident_datetime,2019-06-29 14:17:22
incident_datetime,2019-06-29 20:32:19
incident_datetime,2019-07-01 01:45:27
incident_datetime,2019-07-02 04:09:30
incident_datetime,2019-07-02 19:19:47
incident_datetime,2019-07-02 22:10:07
incident_datetime,2019-07-03 14:13:37
incident_datetime,2019-07-03 15:50:35
incident_datetime,2019-07-04 02:38:32
incident_datetime,2019-07-04 03:11:51
incident_datetime,2019-07-04 05:49:56
incident_datetime,2019-07-04 12:52:20
incident_datetime,2019-07-05 20:19:57
incident_datetime,2019-07-05 22:26:59
incident_datetime,2019-07-06 09:54:26
incident_datetime,2019-07-07 02:15:50
incident_datetime,2019-07-07 10:04:45
incident_datetime,2019-07-08 07:56:51
incident_datetime,2019-07-08 10:51:52
incident_datetime,2019-07-09 09:17:51
incident_datetime,2019-07-10 13:10:33
incident_datetime,2019-07-10 20:05:44
incident_datetime,2019-07-11 21:45:54
incident_datetime,2019-07-12 20:16:55
incident_datetime,2019-07-14 02:11:20
incident_datetime,2019-07-14 07:25:46
incident_datetime,2019-07-14 10:08:05
incident_datetime,2019-07-14 15:01:18
incident_datetime,2019-07-15 00:55:56
incident_datetime,2019-07-15 15:15:03
incident_datetime,2019-07-16 06:26:54
incident_datetime,2019-07-17 03:18:31
incident_datetime,2019-07-17 16:31:26
incident_datetime,2019-07-17 18:16:22
incident_datetime,2019-07-18 12:10:48
incident_datetime,2019-07-18 15:40:03
incident_datetime,2019-07-19 00:15:55
incident_datetime,2019-07-19 11:25:19
incident_datetime,2019-07-19 22:29:14
incident_datetime,2019-07-20 07:01:04
incident_datetime,2019-07-20 08:22:39
incident_datetime,2019-07-20 21:22:19
incident_datetime,2019-07-21 16:12:28
incident_datetime,2019-07-21 20:43:33
incident_datetime,2019-07-21 23:14:56
incident_datetime,2019-07-23 14:20:04
incident_datetime,2019-07-24 01:03:03
incident_datetime,2019-07-24 04:33:52
incident_datetime,2019-07-24 18:26:10
incident_datetime,2019-07-25 06:32:51
incident_datetime,2019-07-25 08:54:00
incident_datetime,2019-07-25 16:42:42
incident_datetime,2019-07-26 13:32:27
incident_datetime,2019-07-27 10:09:32
incident_datetime,2019-07-27 18:19:52
incident_datetime,2019-07-28 14:05:44
incident_datetime,2019-07-28 16:30:31
incident_datetime,2019-07-28 18:27:59
incident_datetime,2019-07-28 21:25:00
incident_datetime,2019-07-29 20:36:47
incident_datetime,2019-07-29 21:59:18
incident_datetime,2019-07-30 08:46:34
incident_datetime,2019-07-31 05:41:07
incident_datetime,2019-08-01 01:41:23
incident_datetime,2019-08-01 03:34:37
incident_datetime,2019-08-01 08:06:49
incident_datetime,2019-08-02 05:15:01
incident_datetime,2019-08-04 17:07:39
incident_datetime,2019-08-04 19:07:30
incident_datetime,2019-08-05 14:01:39
incident_datetime,2019-08-05 14:55:25
incident_datetime,2019-08-07 13:41:32
incident_datetime,2019-08-07 15:55:35
incident_datetime,2019-08-08 01:53:15
incident_datetime,2019-08-08 07:48:07
incident_datetime,2019-08-09 03:15:53
incident_datetime,2019-08-09 08:35:42
incident_datetime,2019-08-10 19:34:32
incident_datetime,2019-08-11 21:12:22
incident_datetime,2019-08-13 06:33:59
incident_datetime,2019-08-13 19:02:37
incident_datetime,2019-08-14 11:02:28
incident_datetime,2019-08-15 11:12:43
incident_datetime,2019-08-17 03:06:38
incident_datetime,2019-08-17 03:49:31
incident_datetime,2019-08-17 07:23:16
incident_datetime,2019-08-18 06:07:58
incident_datetime,2019-08-18 16:01:48
incident_datetime,2019-08-18 17:20:48
incident_datetime,2019-08-20 03:46:49
incident_datetime,2019-08-20 08:40:14
incident_datetime,2019-08-20 19:50:52
incident_datetime,2019-08-21 05:08:11
incident_datetime,2019-08-21 23:15:50
incident_datetime,2019-08-25 11:36:45
incident_datetime,2019-08-25 14:38:37
incident_datetime,2019-08-26 07:49:53
incident_datetime,2019-08-26 10:30:28
incident_datetime,2019-08-26 16:45:02
incident_datetime,2019-08-27 01:16:54
incident_datetime,2019-08-29 22:34:07
incident_datetime,2019-08-30 00:01:13
incident_datetime,2019-08-30 05:50:04
incident_datetime,2019-08-30 08:53:55
incident_datetime,2019-08-30 14:20:40
incident_datetime,2019-08-30 15:07:51
incident_datetime,2019-08-31 14:24:37
incident_datetime,2019-08-31 21:57:38
incident_datetime,2019-09-01 08:08:50
incident_datetime,2019-09-01 21:31:09
incident_datetime,2019-09-02 02:44:20
incident_datetime,2019-09-03 00:22:54
incident_datetime,2019-09-03 18:01:13
incident_datetime,2019-09-03 22:42:05
incident_datetime,2019-09-05 02:59:08
incident_datetime,2019-09-06 17:53:46
incident_datetime,2019-09-07 11:59:16
incident_datetime,2019-09-07 18:54:18
incident_datetime,2019-09-08 08:38:56
incident_datetime,2019-09-10 06:47:13
incident_datetime,2019-09-11 18:43:10
incident_datetime,2019-09-12 09:05:33
incident_datetime,2019-09-13 02:39:16
incident_datetime,2019-09-13 13:16:43
incident_datetime,2019-09-14 05:28:13
incident_datetime,2019-09-14 11:23:29
incident_datetime,2019-09-15 00:23:16
incident_datetime,2019-09-15 05:24:09
incident_datetime,2019-09-15 08:04:22
incident_datetime,2019-09-15 22:15:17
incident_datetime,2019-09-17 06:46:51
incident_datetime,2019-09-17 10:18:58
incident_datetime,2019-09-17 21:09:26
incident_datetime,2019-09-18 07:13:06
incident_datetime,2019-09-18 18:04:16
incident_datetime,2019-09-18 23:37:03
incident_datetime,2019-09-20 02:25:10
incident_datetime,2019-09-21 06:14:59
incident_datetime,2019-09-21 14:56:56
incident_datetime,2019-09-21 18:39:23
incident_datetime,2019-09-22 02:05:12
incident_datetime,2019-09-22 16:17:14
incident_datetime,2019-09-23 06:45:19
incident_datetime,2019-09-25 15:20:28
incident_datetime,2019-09-25 16:12:59
incident_datetime,2019-09-25 18:58:30
incident_datetime,2019-09-26 06:08:54
incident_datetime,2019-09-27 05:34:59
incident_datetime,2019-09-27 21:25:33
incident_datetime,2019-09-28 02:53:35
incident_datetime,2019-09-28 07:08:10
incident_datetime,2019-09-28 13:14:27
incident_datetime,2019-09-28 16:28:50
incident_datetime,2019-09-30 18:50:46
incident_datetime,2019-10-01 03:02:26
incident_datetime,2019-10-01 08:16:11
incident_datetime,2019-10-02 03:46:54
incident_datetime,2019-10-02 07:58:38
incident_datetime,2019-10-03 09:42:35
incident_datetime,2019-10-05 12:48:21
incident_datetime,2019-10-05 17:00:48
incident_datetime,2019-10-06 20:30:56
incident_datetime,2019-10-07 03:42:27
incident_datetime,2019-10-07 19:05:29
incident_datetime,2019-10-08 18:30:39
incident_datetime,2019-10-09 17:01:22
incident_datetime,2019-10-10 11:08:59
incident_datetime,2019-10-10 14:13:00
incident_datetime,2019-10-10 16:43:18
incident_datetime,2019-10-12 07:38:51
incident_datetime,2019-10-13 03:16:11
incident_datetime,2019-10-13 11:38:40
incident_datetime,2019-10-14 19:28:19
incident_datetime,2019-10-15 02:00:17
incident_datetime,2019-10-15 08:23:45
incident_datetime,2019-10-15 18:58:36
incident_datetime,2019-10-15 21:48:39
incident_datetime,2019-10-16 00:11:11
incident_datetime,2019-10-16 00:46:18
incident_datetime,2019-10-16 02:03:40
incident_datetime,2019-10-16 07:59:28
incident_datetime,2019-10-16 09:47:55
incident_datetime,2019-10-17 01:14:42
incident_datetime,2019-10-17 13:50:22
incident_datetime,2019-10-17 16:03:32
incident_datetime,2019-10-17 20:51:08
incident_datetime,2019-10-17 23:14:20
incident_datetime,2019-10-18 08:21:53
incident_datetime,2019-10-19 01:36:53
incident_datetime,2019-10-19 03:12:39
incident_datetime,2019-10-20 02:03:08
incident_datetime,2019-10-20 10:57:08
incident_datetime,2019-10-21 04:37:22
incident_datetime,2019-10-22 05:17:20
incident_datetime,2019-10-22 05:26:36
incident_datetime,2019-10-22 14:41:12
incident_datetime,2019-10-22 19:07:50
incident_datetime,2019-10-22 21:58:02
incident_datetime,2019-10-23 06:21:42
incident_datetime,2019-10-23 10:01:18
incident_datetime,2019-10-25 14:15:37
incident_datetime,2019-10-26 03:21:27
incident_datetime,2019-10-26 14:32:51
incident_datetime,2019-10-26 23:05:49
incident_datetime,2019-10-27 09:27:59
incident_datetime,2019-10-27 22:08:37
incident_datetime,2019-10-28 01:52:43
incident_datetime,2019-10-28 04:55:32
incident_datetime,2019-10-29 01:38:01
incident_datetime,2019-10-29 05:16:40
incident_datetime,2019-10-29 15:31:48
incident_datetime,2019-10-29 17:10:36
incident_datetime,2019-10-29 17:35:41
incident_datetime,2019-10-29 21:55:05
incident_datetime,2019-10-30 00:49:03
incident_datetime,2019-10-30 02:58:05
incident_datetime,2019-10-30 11:06:49
incident_datetime,2019-10-30 15:34:07
incident_datetime,2019-10-31 15:50:44
incident_datetime,2019-10-31 21:35:27
incident_datetime,2019-11-02 18:40:31
incident_datetime,2019-11-04 07:25:28
incident_datetime,2019-11-04 09:42:34
incident_datetime,2019-11-04 20:55:37
incident_datetime,2019-11-05 07:54:22
incident_datetime,2019-11-05 17:01:49
incident_datetime,2019-11-06 10:20:04
incident_datetime,2019-11-07 00:44:13
incident_datetime,2019-11-07 19:47:43
incident_datetime,2019-11-08 08:28:50
incident_datetime,2019-11-08 14:20:59
incident_datetime,2019-11-08 23:53:57
incident_datetime,2019-11-09 09:45:45
incident_datetime,2019-11-09 16:28:36
incident_datetime,2019-11-09 19:55:00
incident_datetime,2019-11-10 02:24:30
incident_datetime,2019-11-10 19:28:22
incident_datetime,2019-11-10 22:07:28
incident_datetime,2019-11-11 18:13:31
incident_datetime,2019-11-11 22:08:26
incident_datetime,2019-11-12 14:32:29
incident_datetime,2019-11-13 02:03:43
incident_datetime,2019-11-13 12:38:57
incident_datetime,2019-11-15 12:37:51
incident_datetime,2019-11-16 07:26:52
incident_datetime,2019-11-16 16:53:49
incident_datetime,2019-11-16 21:05:30
incident_datetime,2019-11-17 02:43:32
incident_datetime,2019-11-17 06:39:52
incident_datetime,2019-11-17 11:05:26
incident_datetime,2019-11-18 05:43:52
incident_datetime,2019-11-18 09:49:15
incident_datetime,2019-11-18 15:50:48
incident_datetime,2019-11-18 23:33:43
incident_datetime,2019-11-19 11:53:45
incident_datetime,2019-11-20 15:45:28
incident_datetime,2019-11-23 09:33:05
incident_datetime,2019-11-24 10:00:17
incident_datetime,2019-11-24 14:59:37
incident_datetime,2019-11-27 10:03:00
incident_datetime,2019-11-27 17:57:55
incident_datetime,2019-11-27 18:41:57
incident_datetime,2019-11-28 00:13:58
incident_datetime,2019-11-28 12:55:14
incident_datetime,2019-11-29 00:45:00
incident_datetime,2019-11-30 04:19:03
incident_datetime,2019-11-30 05:46:40
incident_datetime,2019-11-30 17:18:10
incident_datetime,2019-12-01 10:10:01
incident_datetime,2019-12-01 19:29:14
incident_datetime,2019-12-02 12:03:12
incident_datetime,2019-12-02 23:20:57
incident_datetime,2019-12-04 03:38:33
incident_datetime,2019-12-04 10:55:31
incident_datetime,2019-12-04 17:49:42
incident_datetime,2019-12-04 20:26:22
incident_datetime,2019-12-05 00:55:34
incident_datetime,2019-12-05 05:05:38
incident_datetime,2019-12-05 19:00:36
incident_datetime,2019-12-05 23:04:38
incident_datetime,2019-12-05 23:56:52
incident_datetime,2019-12-06 14:19:19
incident_datetime,2019-12-06 19:57:54
incident_datetime,2019-12-07 00:31:23
incident_datetime,2019-12-08 09:23:38
incident_datetime,2019-12-08 16:10:34
incident_datetime,2019-12-08 17:18:45
incident_datetime,2019-12-09 02:42:59
incident_datetime,2019-12-09 11:42:06
incident_datetime,2019-12-09 19:28:45
incident_datetime,2019-12-10 02:52:25
incident_datetime,2019-12-10 07:04:20
incident_datetime,2019-12-12 00:12:36
incident_datetime,2019-12-12 01:27:20
incident_datetime,2019-12-12 17:19:55
incident_datetime,2019-12-13 02:36:54
incident_datetime,2019-12-13 07:38:37
incident_datetime,2019-12-13 13:35:46
incident_datetime,2019-12-14 04:43:43
incident_datetime,2019-12-14 11:49:50
incident_datetime,2019-12-15 17:51:29
incident_datetime,2019-12-15 18:45:48
incident_datetime,2019-12-16 14:15:54
incident_datetime,2019-12-17 23:05:43
incident_datetime,2019-12-19 01:58:55
incident_datetime,2019-12-19 14:41:40
incident_datetime,2019-12-21 23:00:58
incident_datetime,2019-12-22 06:06:26
incident_datetime,2019-12-22 21:34:18
incident_datetime,2019-12-23 13:26:19
incident_datetime,2019-12-24 12:02:54
incident_datetime,2019-12-24 12:59:04
incident_datetime,2019-12-24 22:19:35
incident_datetime,2019-12-25 06:08:47
incident_datetime,2019-12-25 10:04:47
incident_datetime,2019-12-27 15:10:12
incident_datetime,2019-12-28 02:55:26
incident_datetime,2019-12-28 15:28:35
incident_datetime,2019-12-28 21:50:04
incident_datetime,2019-12-29 18:08:12
incident_datetime,2019-12-29 20:19:20
incident_datetime,2019-12-29 21:55:10
incident_datetime,2019-12-30 07:05:16
incident_datetime,2020-01-01 02:36:50
incident_datetime,2020-01-01 04:10:49
incident_datetime,2020-01-02 02:07:24
incident_datetime,2020-01-03 01:00:36
incident_datetime,2020-01-04 00:43:41
incident_datetime,2020-01-04 20:29:19
incident_datetime,2020-01-05 07:10:59
incident_datetime,2020-01-05 15:25:03
incident_datetime,2020-01-07 03:03:18
incident_datetime,2020-01-08 15:38:53
incident_datetime,2020-01-09 01:23:48
incident_datetime,2020-01-09 13:01:24
incident_datetime,2020-01-09 16:25:57
incident_datetime,2020-01-10 17:31:23
incident_datetime,2020-01-10 17:54:13
incident_datetime,2020-01-11 08:12:10
incident_datetime,2020-01-11 14:18:57
incident_datetime,2020-01-12 02:18:38
incident_datetime,2020-01-12 03:48:48
incident_datetime,2020-01-12 05:56:09
incident_datetime,2020-01-12 18:11:41
incident_datetime,2020-01-13 18:00:25
incident_datetime,2020-01-13 20:20:59
incident_datetime,2020-01-14 15:33:15
incident_datetime,2020-01-15 04:09:08
incident_datetime,2020-01-16 07:00:22
incident_datetime,2020-01-16 15:10:15
incident_datetime,2020-01-17 00:42:34
incident_datetime,2020-01-17 19:34:50
incident_datetime,2020-01-17 22:06:54
incident_datetime,2020-01-18 23:00:29
incident_datetime,2020-01-19 08:49:59
incident_datetime,2020-01-19 17:06:39
incident_datetime,2020-01-20 17:26:16
incident_datetime,2020-01-21 20:30:49
incident_datetime,2020-01-23 00:20:04
incident_datetime,2020-01-23 03:12:39
incident_datetime,2020-01-23 17:49:51
incident_datetime,2020-01-24 05:09:02
incident_datetime,2020-01-25 04:19:14
incident_datetime,2020-01-25 08:18:38
incident_datetime,2020-01-26 16:58:52
incident_datetime,2020-01-26 17:47:08
incident_datetime,2020-01-27 08:11:54
incident_datetime,2020-01-27 22:23:38
incident_datetime,2020-01-28 21:14:29
incident_datetime,2020-01-29 23:34:12
incident_datetime,2020-01-30 05:30:35
incident_datetime,2020-01-30 07:23:50
incident_datetime,2020-01-30 10:10:23
incident_datetime,2020-01-31 05:13:20
incident_datetime,2020-02-01 01:52:52
incident_datetime,2020-02-01 10:57:52
incident_datetime,2020-02-01 15:48:58
incident_datetime,2020-02-02 00:59:18
incident_datetime,2020-02-02 02:38:08
incident_datetime,2020-02-02 10:30:54
incident_datetime,2020-02-03 10:38:35
incident_datetime,2020-02-03 12:43:00
incident_datetime,2020-02-03 13:03:27
incident_datetime,2020-02-03 19:44:11
incident_datetime,2020-02-03 22:52:22
incident_datetime,2020-02-05 18:17:24
incident_datetime,2020-02-06 11:07:27
incident_datetime,2020-02-06 19:35:36
incident_datetime,2020-02-06 19:58:30
incident_datetime,2020-02-07 03:26:11
incident_datetime,2020-02-07 16:21:10
incident_datetime,2020-02-07 17:49:16
incident_datetime,2020-02-08 17:54:56
incident_datetime,2020-02-09 07:24:46
incident_datetime,2020-02-09 10:42:04
incident_datetime,2020-02-09 13:39:00
incident_datetime,2020-02-09 19:08:48
incident_datetime,2020-02-09 20:32:26
incident_datetime,2020-02-10 01:08:51
incident_datetime,2020-02-10 23:52:14
incident_datetime,2020-02-11 09:19:53
incident_datetime,2020-02-12 03:55:40
incident_datetime,2020-02-12 07:45:19
incident_datetime,2020-02-12 16:54:13
incident_datetime,2020-02-12 17:38:36
incident_datetime,2020-02-12 18:59:45
incident_datetime,2020-02-12 19:42:06
incident_datetime,2020-02-13 04:01:44
incident_datetime,2020-02-18 04:58:26
incident_datetime,2020-02-18 09:02:17
incident_datetime,2020-02-18 13:33:13
incident_datetime,2020-02-19 05:09:52
incident_datetime,2020-02-20 17:14:08
incident_datetime,2020-02-21 17:07:52
incident_datetime,2020-02-22 10:31:36
incident_datetime,2020-02-25 05:53:42
incident_datetime,2020-02-25 10:19:34
incident_datetime,2020-02-26 06:39:30
incident_datetime,2020-02-27 07:52:20
incident_datetime,2020-02-27 13:31:36
incident_datetime,2020-02-27 15:23:26
incident_datetime,2020-02-28 04:46:05
incident_datetime,2020-02-29 08:08:43
incident_datetime,2020-02-29 14:23:36
incident_datetime,2020-02-29 15:49:09
incident_datetime,2020-03-02 19:53:50
incident_datetime,2020-03-03 06:46:12
incident_datetime,2020-03-04 14:37:35
incident_datetime,2020-03-05 00:53:04
incident_datetime,2020-03-06 03:04:16
incident_datetime,2020-03-06 07:47:23
incident_datetime,2020-03-06 20:42:10
incident_datetime,2020-03-07 08:35:54
incident_datetime,2020-03-09 07:16:07
incident_datetime,2020-03-10 16:58:33
incident_datetime,2020-03-10 19:42:11
incident_datetime,2020-03-10 19:53:06
incident_datetime,2020-03-11 11:05:20
incident_datetime,2020-03-12 01:00:52
incident_datetime,2020-03-14 07:54:09
incident_datetime,2020-03-14 19:01:34
incident_datetime,2020-03-16 00:47:42
incident_datetime,2020-03-17 00:13:28
incident_datetime,2020-03-17 10:12:31
incident_datetime,2020-03-17 13:54:18
incident_datetime,2020-03-18 11:31:22
incident_datetime,2020-03-19 20:41:21
incident_datetime,2020-03-20 03:59:19
incident_datetime,2020-03-20 14:28:36
incident_datetime,2020-03-21 14:25:42
incident_datetime,2020-03-22 07:46:40
incident_datetime,2020-03-22 09:25:08
incident_datetime,2020-03-22 19:48:20
incident_datetime,2020-03-22 21:00:01
incident_datetime,2020-03-22 22:13:44
incident_datetime,2020-03-24 18:47:34
incident_datetime,2020-03-25 05:55:21
incident_datetime,2020-03-25 07:15:39
incident_datetime,2020-03-25 11:07:39
incident_datetime,2020-03-27 05:34:27
incident_datetime,2020-03-27 14:57:06
incident_datetime,2020-03-27 17:25:32
incident_datetime,2020-03-27 21:58:18
incident_datetime,2020-03-28 04:25:12
incident_datetime,2020-03-28 20:26:52
incident_datetime,2020-03-29 18:16:39
incident_datetime,2020-03-29 19:36:19
incident_datetime,2020-03-30 06:48:03
incident_datetime,2020-03-31 01:14:37
incident_datetime,2020-03-31 05:53:52
incident_datetime,2020-03-31 13:44:47
incident_datetime,2020-04-01 01:39:34
incident_datetime,2020-04-02 04:14:28
incident_datetime,2020-04-02 20:50:20
incident_datetime,2020-04-02 21:49:05
incident_datetime,2020-04-03 15:59:04
incident_datetime,2020-04-05 10:05:17
incident_datetime,2020-04-06 00:35:12
incident_datetime,2020-04-07 20:46:09
incident_datetime,2020-04-09 22:01:43
incident_datetime,2020-04-10 01:50:14
incident_datetime,2020-04-10 05:20:29
incident_datetime,2020-04-10 13:18:36
incident_datetime,2020-04-12 02:24:37
incident_datetime,2020-04-12 10:04:48
incident_datetime,2020-04-13 14:26:24
incident_datetime,2020-04-13 22:16:40
incident_datetime,2020-04-15 05:20:12
incident_datetime,2020-04-15 15:03:59
incident_datetime,2020-04-16 08:11:15
incident_datetime,2020-04-16 09:30:25
incident_datetime,2020-04-18 00:19:23
incident_datetime,2020-04-19 02:43:55
incident_datetime,2020-04-19 05:00:13
incident_datetime,2020-04-20 22:33:11
incident_datetime,2020-04-21 12:22:34
incident_datetime,2020-04-21 14:37:25
incident_datetime,2020-04-21 16:54:28
incident_datetime,2020-04-21 21:14:04
incident_datetime,2020-04-22 05:02:10
incident_datetime,2020-04-22 18:27:33
incident_datetime,2020-04-24 17:54:48
incident_datetime,2020-04-25 02:19:41
incident_datetime,2020-04-26 14:27:35
incident_datetime,2020-04-27 06:06:49
incident_datetime,2020-04-28 10:06:13
incident_datetime,2020-04-28 17:24:41
incident_datetime,2020-04-28 20:43:08
incident_datetime,2020-04-29 07:06:18
incident_datetime,2020-04-29 16:05:37
incident_datetime,2020-04-29 18:03:15
incident_datetime,2020-04-29 22:39:25
incident_datetime,2020-04-30 21:15:20
incident_datetime,2020-05-01 13:45:11
incident_datetime,2020-05-02 11:59:42
incident_datetime,2020-05-02 18:23:44
incident_datetime,2020-05-03 05:05:17
incident_datetime,2020-05-03 13:06:47
incident_datetime,2020-05-04 21:12:00
incident_datetime,2020-05-05 02:22:26
incident_datetime,2020-05-05 07:40:35
incident_datetime,2020-05-05 14:59:17
incident_datetime,2020-05-06 08:44:40
incident_datetime,2020-05-07 07:25:45
incident_datetime,2020-05-07 08:46:34
incident_datetime,2020-05-10 02:46:07
incident_datetime,2020-05-10 04:32:39
incident_datetime,2020-05-11 04:22:53
incident_datetime,2020-05-12 00:07:06
incident_datetime,2020-05-13 07:48:57
incident_datetime,2020-05-13 07:51:19
incident_datetime,2020-05-13 15:25:43
incident_datetime,2020-05-13 22:27:24
incident_datetime,2020-05-14 09:33:29
incident_datetime,2020-05-15 01:13:46
incident_datetime,2020-05-15 02:58:31
incident_datetime,2020-05-15 12:46:48
incident_datetime,2020-05-15 13:48:36
incident_datetime,2020-05-17 13:46:21
incident_datetime,2020-05-17 17:28:55
incident_datetime,2020-05-18 05:55:22
incident_datetime,2020-05-19 04:28:31
incident_datetime,2020-05-19 10:13:53
incident_datetime,2020-05-21 11:07:50
incident_datetime,2020-05-23 00:40:14
incident_datetime,2020-05-23 00:55:48
incident_datetime,2020-05-24 04:34:19
incident_datetime,2020-05-24 10:37:11
incident_datetime,2020-05-24 17:57:31
incident_datetime,2020-05-25 13:10:23
incident_datetime,2020-05-25 13:24:22
incident_datetime,2020-05-25 13:35:43
incident_datetime,2020-05-25 15:23:42
incident_datetime,2020-05-25 18:01:07
incident_datetime,2020-05-25 21:53:16
incident_datetime,2020-05-25 23:22:17
incident_datetime,2020-05-26 07:28:05
incident_datetime,2020-05-26 14:51:00
incident_datetime,2020-05-27 09:14:42
incident_datetime,2020-05-27 16:14:54
incident_datetime,2020-05-27 17:27:48
incident_datetime,2020-05-28 01:47:04
incident_datetime,2020-05-28 02:57:38
incident_datetime,2020-05-29 05:45:19
incident_datetime,2020-05-29 22:18:05
incident_datetime,2020-05-30 00:21:10
incident_datetime,2020-05-30 06:29:57
incident_datetime,2020-05-30 08:27:25
incident_datetime,2020-05-30 14:16:15
incident_datetime,2020-06-02 03:52:08
incident_datetime,2020-06-02 08:34:29
incident_datetime,2020-06-02 14:45:34
incident_datetime,2020-06-03 07:23:59
incident_datetime,2020-06-03 12:53:10
incident_datetime,2020-06-04 08:34:37
incident_datetime,2020-06-04 22:42:50
incident_datetime,2020-06-05 07:08:56
incident_datetime,2020-06-06 04:48:37
incident_datetime,2020-06-06 06:40:55
incident_datetime,2020-06-08 09:41:35
incident_datetime,2020-06-09 04:44:30
incident_datetime,2020-06-09 05:38:57
incident_datetime,2020-06-10 02:02:24
incident_datetime,2020-06-10 15:40:10
incident_datetime,2020-06-12 00:11:06
incident_datetime,2020-06-12 05:47:37
incident_datetime,2020-06-12 13:21:05
incident_datetime,2020-06-13 06:41:07
incident_datetime,2020-06-13 14:41:31
incident_datetime,2020-06-13 19:32:50
incident_datetime,2020-06-13 20:21:58
incident_datetime,2020-06-13 21:16:01
incident_datetime,2020-06-14 04:44:01
incident_datetime,2020-06-14 20:45:34
incident_datetime,2020-06-15 04:23:21
incident_datetime,2020-06-15 17:22:51
incident_datetime,2020-06-17 17:59:20
incident_datetime,2020-06-18 12:49:45
incident_datetime,2020-06-18 21:16:38
incident_datetime,2020-06-19 04:38:17
incident_datetime,2020-06-19 08:29:18
incident_datetime,2020-06-19 16:28:10
incident_datetime,2020-06-19 17:50:15
incident_datetime,2020-06-20 04:25:56
incident_datetime,2020-06-21 08:45:41
incident_datetime,2020-06-21 22:37:27
incident_datetime,2020-06-22 00:40:19
incident_datetime,2020-06-23 03:05:05
incident_datetime,2020-06-23 04:46:38
incident_datetime,2020-06-23 08:20:58
incident_datetime,2020-06-23 09:14:00
incident_datetime,2020-06-25 13:27:09
incident_datetime,2020-06-27 23:26:01
incident_datetime,2020-06-28 08:30:27
incident_datetime,2020-06-29 07:31:41
incident_datetime,2020-06-30 02:34:47
incident_datetime,2020-06-30 21:56:40
incident_datetime,2020-07-01 01:53:52
incident_datetime,2020-07-01 16:40:00
incident_datetime,2020-07-01 16:59:47
incident_datetime,2020-07-01 17:32:33
incident_datetime,2020-07-01 22:09:50
incident_datetime,2020-07-02 07:52:14
incident_datetime,2020-07-02 14:47:05
incident_datetime,2020-07-03 00:07:22
incident_datetime,2020-07-03 14:56:00
incident_datetime,2020-07-04 13:31:15
incident_datetime,2020-07-05 00:31:53
incident_datetime,2020-07-05 14:35:31
incident_datetime,2020-07-05 15:53:43
incident_datetime,2020-07-05 18:09:33
incident_datetime,2020-07-05 20:29:30
incident_datetime,2020-07-06 03:52:49
incident_datetime,2020-07-07 02:33:33
incident_datetime,2020-07-07 12:12:04
incident_datetime,2020-07-10 04:20:06
incident_datetime,2020-07-10 05:41:55
incident_datetime,2020-07-10 11:04:32
incident_datetime,2020-07-11 12:03:45
incident_datetime,2020-07-11 12:08:49
incident_datetime,2020-07-11 23:08:04
incident_datetime,2020-07-12 15:08:11
incident_datetime,2020-07-13 03:44:05
incident_datetime,2020-07-14 08:12:15
incident_datetime,2020-07-14 14:39:03
incident_datetime,2020-07-14 23:16:23
incident_datetime,2020-07-15 00:42:12
incident_datetime,2020-07-15 01:30:16
incident_datetime,2020-07-15 23:01:02
incident_datetime,2020-07-16 00:44:42
incident_datetime,2020-07-16 11:05:04
incident_datetime,2020-07-17 10:10:56
incident_datetime,2020-07-18 10:02:01
incident_datetime,2020-07-18 10:38:46
incident_datetime,2020-07-18 14:13:49
incident_datetime,2020-07-18 21:00:51
incident_datetime,2020-07-19 00:12:01
incident_datetime,2020-07-19 22:29:02
incident_datetime,2020-07-20 14:07:13
incident_datetime,2020-07-22 05:45:17
incident_datetime,2020-07-23 01:22:12
incident_datetime,2020-07-23 05:24:08
incident_datetime,2020-07-23 07:32:06
incident_datetime,2020-07-23 18:59:02
incident_datetime,2020-07-23 19:50:15
incident_datetime,2020-07-24 02:09:57
incident_datetime,2020-07-24 07:14:58
incident_datetime,2020-07-25 06:57:39
incident_datetime,2020-07-25 13:58:33
incident_datetime,2020-07-26 06:17:14
incident_datetime,2020-07-27 01:34:45
incident_datetime,2020-07-29 20:08:08
incident_datetime,2020-07-29 22:47:42
incident_datetime,2020-07-30 16:14:37
incident_datetime,2020-07-30 23:52:02
incident_datetime,2020-07-31 03:27:06
incident_datetime,2020-08-01 02:22:12
incident_datetime,2020-08-02 20:52:33
incident_datetime,2020-08-04 03:44:37
incident_datetime,2020-08-04 05:12:10
incident_datetime,2020-08-04 19:29:53
incident_datetime,2020-08-04 19:41:58
incident_datetime,2020-08-04 19:57:47
incident_datetime,2020-08-06 21:29:11
incident_datetime,2020-08-07 22:19:41
incident_datetime,2020-08-08 12:54:09
incident_datetime,2020-08-08 19:27:33
incident_datetime,2020-08-10 01:39:00
incident_datetime,2020-08-10 06:46:03
incident_datetime,2020-08-10 09:58:32
incident_datetime,2020-08-11 09:23:13
incident_datetime,2020-08-11 10:04:36
incident_datetime,2020-08-12 05:14:42
incident_datetime,2020-08-13 09:42:23
incident_datetime,2020-08-13 16:40:09
incident_datetime,2020-08-14 01:58:21
incident_datetime,2020-08-14 08:09:33
incident_datetime,2020-08-15 02:46:58
incident_datetime,2020-08-15 04:56:29
incident_datetime,2020-08-15 12:17:24
incident_datetime,2020-08-15 18:47:11
incident_datetime,2020-08-16 19:14:46
incident_datetime,2020-08-16 21:02:19
incident_datetime,2020-08-17 06:30:54
incident_datetime,2020-08-17 09:51:32
incident_datetime,2020-08-17 15:08:09
incident_datetime,2020-08-17 21:03:13
incident_datetime,2020-08-19 09:34:49
incident_datetime,2020-08-20 03:34:35
incident_datetime,2020-08-20 22:46:58
incident_datetime,2020-08-21 05:09:07
incident_datetime,2020-08-21 16:05:00
incident_datetime,2020-08-21 19:14:17
incident_datetime,2020-08-21 20:44:22
incident_datetime,2020-08-22 01:19:08
incident_datetime,2020-08-23 06:44:25
incident_datetime,2020-08-24 04:29:15
incident_datetime,2020-08-24 09:20:53
incident_datetime,2020-08-24 17:48:55
incident_datetime,2020-08-25 09:51:06
incident_datetime,2020-08-26 05:32:48
incident_datetime,2020-08-26 23:57:05
incident_datetime,2020-08-29 12:51:23
incident_datetime,2020-08-29 22:16:10
incident_datetime,2020-08-30 10:47:15
incident_datetime,2020-08-31 10:02:36
incident_datetime,2020-09-01 13:28:33
incident_datetime,2020-09-01 16:47:35
incident_datetime,2020-09-01 18:40:20
incident_datetime,2020-09-02 05:20:40
incident_datetime,2020-09-02 05:49:37
incident_datetime,2020-09-03 20:05:30
incident_datetime,2020-09-04 20:19:19
incident_datetime,2020-09-06 15:34:48
incident_datetime,2020-09-06 18:14:11
incident_datetime,2020-09-07 02:52:50
incident_datetime,2020-09-07 09:44:54
incident_datetime,2020-09-09 04:52:50
incident_datetime,2020-09-09 11:34:44
incident_datetime,2020-09-09 21:32:10
incident_datetime,2020-09-10 06:41:11
incident_datetime,2020-09-10 19:48:29
incident_datetime,2020-09-11 00:59:26
incident_datetime,2020-09-11 01:27:52
incident_datetime,2020-09-11 03:30:19
incident_datetime,2020-09-11 05:31:43
incident_datetime,2020-09-11 06:17:24
incident_datetime,2020-09-11 19:35:37
incident_datetime,2020-09-12 20:28:55
incident_datetime,2020-09-13 13:07:00
incident_datetime,2020-09-14 07:42:13
incident_datetime,2020-09-14 23:06:04
incident_datetime,2020-09-16 09:27:30
incident_datetime,2020-09-17 07:29:35
incident_datetime,2020-09-17 15:43:58
incident_datetime,2020-09-18 13:11:09
incident_datetime,2020-09-18 18:32:05
incident_datetime,2020-09-18 20:12:23
incident_datetime,2020-09-20 17:21:32
incident_datetime,2020-09-22 18:24:52
incident_datetime,2020-09-23 04:33:14
incident_datetime,2020-09-23 23:18:41
incident_datetime,2020-09-24 04:10:02
incident_datetime,2020-09-25 23:34:08
incident_datetime,2020-09-26 03:00:36
incident_datetime,2020-09-26 03:44:04
incident_datetime,2020-09-27 13:04:46
incident_datetime,2020-09-27 19:48:49
incident_datetime,2020-10-01 05:27:46
incident_datetime,2020-10-01 07:01:48
incident_datetime,2020-10-01 09:41:24
incident_datetime,2020-10-01 13:53:36
incident_datetime,2020-10-01 15:15:15
incident_datetime,2020-10-02 22:09:01
incident_datetime,2020-10-04 01:15:18
incident_datetime,2020-10-04 11:08:17
incident_datetime,2020-10-06 00:05:20
incident_datetime,2020-10-06 21:45:44
incident_datetime,2020-10-07 01:24:01
incident_datetime,2020-10-07 10:24:32
incident_datetime,2020-10-08 01:56:03
incident_datetime,2020-10-08 20:50:37
incident_datetime,2020-10-09 05:24:46
incident_datetime,2020-10-10 16:33:36
incident_datetime,2020-10-10 20:04:55
incident_datetime,2020-10-12 07:38:19
incident_datetime,2020-10-13 23:07:04
incident_datetime,2020-10-13 23:50:17
incident_datetime,2020-10-14 03:56:39
incident_datetime,2020-10-14 08:53:40
incident_datetime,2020-10-15 10:04:01
incident_datetime,2020-10-15 12:57:41
incident_datetime,2020-10-15 15:29:49
incident_datetime,2020-10-16 04:36:53
incident_datetime,2020-10-16 20:51:03
incident_datetime,2020-10-16 23:25:09
incident_datetime,2020-10-17 15:48:49
incident_datetime,2020-10-17 23:50:06
incident_datetime,2020-10-18 07:26:21
incident_datetime,2020-10-18 10:12:40
incident_datetime,2020-10-19 01:04:22
incident_datetime,2020-10-19 01:37:36
incident_datetime,2020-10-19 06:17:11
incident_datetime,2020-10-19 10:35:19
incident_datetime,2020-10-21 17:38:18
incident_datetime,2020-10-21 18:45:00
incident_datetime,2020-10-21 19:38:51
incident_datetime,2020-10-22 22:00:58
incident_datetime,2020-10-23 06:18:44
incident_datetime,2020-10-24 04:18:00
incident_datetime,2020-10-24 06:14:36
incident_datetime,2020-10-25 04:13:21
incident_datetime,2020-10-25 20:18:49
incident_datetime,2020-10-26 20:37:59
incident_datetime,2020-10-26 21:27:39
incident_datetime,2020-10-27 05:26:12
incident_datetime,2020-10-29 13:04:39
incident_datetime,2020-10-30 10:27:34
incident_datetime,2020-10-30 11:15:55
incident_datetime,2020-11-01 02:21:12
incident_datetime,2020-11-01 06:44:57
incident_datetime,2020-11-02 04:28:07
incident_datetime,2020-11-02 22:47:18
incident_datetime,2020-11-03 17:55:29
incident_datetime,2020-11-04 19:25:05
incident_datetime,2020-11-05 17:05:04
incident_datetime,2020-11-06 09:12:56
incident_datetime,2020-11-07 04:28:19
incident_datetime,2020-11-07 04:33:06
incident_datetime,2020-11-07 06:33:43
incident_datetime,2020-11-07 07:44:13
incident_datetime,2020-11-07 09:26:53
incident_datetime,2020-11-07 11:09:15
incident_datetime,2020-11-07 21:22:05
incident_datetime,2020-11-08 02:10:01
incident_datetime,2020-11-08 08:05:13
incident_datetime,2020-11-08 17:25:29
incident_datetime,2020-11-10 16:47:41
incident_datetime,2020-11-10 19:20:15
incident_datetime,2020-11-11 03:03:19
incident_datetime,2020-11-12 08:47:39
incident_datetime,2020-11-12 10:14:47
incident_datetime,2020-11-12 17:51:06
incident_datetime,2020-11-14 02:56:05
incident_datetime,2020-11-14 19:57:23
incident_datetime,2020-11-15 23:47:52
incident_datetime,2020-11-16 10:47:03
incident_datetime,2020-11-16 14:07:42
incident_datetime,2020-11-16 18:15:01
incident_datetime,2020-11-18 16:18:08
incident_datetime,2020-11-18 17:29:43
incident_datetime,2020-11-18 17:55:32
incident_datetime,2020-11-19 00:14:20
incident_datetime,2020-11-19 21:18:23
incident_datetime,2020-11-20 16:20:55
incident_datetime,2020-11-20 18:42:21
incident_datetime,2020-11-21 03:41:49
incident_datetime,2020-11-21 15:34:58
incident_datetime,2020-11-21 20:08:09
incident_datetime,2020-11-22 04:59:53
incident_datetime,2020-11-22 06:24:33
incident_datetime,2020-11-23 07:34:59
incident_datetime,2020-11-23 22:17:47
incident_datetime,2020-11-23 22:54:47
incident_datetime,2020-11-24 00:06:00
incident_datetime,2020-11-24 04:40:36
incident_datetime,2020-11-24 12:13:29
incident_datetime,2020-11-25 11:21:21
incident_datetime,2020-11-25 11:55:00
incident_datetime,2020-11-25 17:23:51
incident_datetime,2020-11-26 04:56:15
incident_datetime,2020-11-26 07:15:19
incident_datetime,2020-11-26 08:00:11
incident_datetime,2020-11-27 13:42:05
incident_datetime,2020-11-28 09:06:38
incident_datetime,2020-11-28 10:40:18
incident_datetime,2020-11-28 22:38:40
incident_datetime,2020-11-29 10:57:21
incident_datetime,2020-11-30 02:05:54
incident_datetime,2020-12-01 00:16:21
incident_datetime,2020-12-01 02:00:28
incident_datetime,2020-12-01 18:49:12
incident_datetime,2020-12-02 01:02:55
incident_datetime,2020-12-02 22:39:23
incident_datetime,2020-12-04 01:56:39
incident_datetime,2020-12-05 01:14:27
incident_datetime,2020-12-05 09:45:50
incident_datetime,2020-12-06 02:40:09
incident_datetime,2020-12-08 01:23:36
incident_datetime,2020-12-08 02:07:59
incident_datetime,2020-12-08 16:24:05
incident_datetime,2020-12-09 15:14:24
incident_datetime,2020-12-10 08:37:30
incident_datetime,2020-12-10 10:16:35
incident_datetime,2020-12-10 23:00:01
incident_datetime,2020-12-10 23:35:22
incident_datetime,2020-12-11 18:15:08
incident_datetime,2020-12-11 20:09:38
incident_datetime,2020-12-12 02:23:27
incident_datetime,2020-12-15 05:51:54
incident_datetime,2020-12-15 15:59:21
incident_datetime,2020-12-15 17:57:46
incident_datetime,2020-12-16 02:06:34
incident_datetime,2020-12-16 03:44:13
incident_datetime,2020-12-16 07:12:25
incident_datetime,2020-12-16 12:36:32
incident_datetime,2020-12-17 07:00:02
incident_datetime,2020-12-17 09:01:10
incident_datetime,2020-12-18 19:31:37
incident_datetime,2020-12-19 08:43:14
incident_datetime,2020-12-20 17:27:18
incident_datetime,2020-12-22 23:44:11
incident_datetime,2020-12-25 16:29:37
incident_datetime,2020-12-26 02:41:19
incident_datetime,2020-12-26 04:04:15
incident_datetime,2020-12-26 14:30:56
incident_datetime,2020-12-27 04:24:22
incident_datetime,2020-12-27 14:38:43
incident_datetime,2020-12-28 16:44:20
incident_datetime,2020-12-30 13:42:14
incident_datetime,2020-12-31 14:17:45
incident_datetime,2021-01-02 02:36:09
incident_datetime,2021-01-03 13:59:41
incident_datetime,2021-01-03 14:02:17
incident_datetime,2021-01-03 16:57:09
incident_datetime,2021-01-04 04:43:10
incident_datetime,2021-01-04 05:41:09
incident_datetime,2021-01-04 12:09:21
incident_datetime,2021-01-04 17:22:27
incident_datetime,2021-01-06 17:19:48
incident_datetime,2021-01-07 18:02:19
incident_datetime,2021-01-08 17:45:00
incident_datetime,2021-01-09 02:15:37
incident_datetime,2021-01-09 09:23:31
incident_datetime,2021-01-09 11:27:53
incident_datetime,2021-01-09 17:26:18
incident_datetime,2021-01-10 22:11:55
incident_datetime,2021-01-11 08:06:21
incident_datetime,2021-01-12 00:17:55
incident_datetime,2021-01-12 00:30:31
incident_datetime,2021-01-12 08:12:19
incident_datetime,2021-01-12 14:18:28
incident_datetime,2021-01-12 21:51:27
incident_datetime,2021-01-14 23:09:40
incident_datetime,2021-01-15 01:22:01
incident_datetime,2021-01-15 01:39:00
incident_datetime,2021-01-15 09:26:14
incident_datetime,2021-01-15 19:08:17
incident_datetime,2021-01-15 19:27:17
incident_datetime,2021-01-17 03:02:39
incident_datetime,2021-01-17 06:21:30
incident_datetime,2021-01-18 03:05:30
incident_datetime,2021-01-19 13:43:15
incident_datetime,2021-01-20 08:14:42
incident_datetime,2021-01-20 14:20:34
incident_datetime,2021-01-21 18:51:46
incident_datetime,2021-01-21 18:58:50
incident_datetime,2021-01-22 00:26:48
incident_datetime,2021-01-22 01:12:50
incident_datetime,2021-01-22 02:37:24
incident_datetime,2021-01-22 07:17:00
incident_datetime,2021-01-23 16:20:55
incident_datetime,2021-01-23 23:14:55
incident_datetime,2021-01-25 04:16:44
incident_datetime,2021-01-26 00:54:26
incident_datetime,2021-01-26 04:41:19
incident_datetime,2021-01-27 01:50:52
incident_datetime,2021-01-27 08:42:58
incident_datetime,2021-01-28 01:17:38
incident_datetime,2021-01-28 01:44:35
incident_datetime,2021-01-28 04:50:04
incident_datetime,2021-01-29 06:49:40
incident_datetime,2021-01-29 18:55:33
incident_datetime,2021-01-30 02:52:19
incident_datetime,2021-01-31 07:10:31
incident_datetime,2021-01-31 11:04:40
incident_datetime,2021-02-02 15:15:08
incident_datetime,2021-02-04 04:12:39
incident_datetime,2021-02-04 07:05:10
incident_datetime,2021-02-05 16:11:25
incident_datetime,2021-02-05 21:42:10
incident_datetime,2021-02-06 09:41:53
incident_datetime,2021-02-07 08:42:37
incident_datetime,2021-02-10 16:18:53
incident_datetime,2021-02-12 16:36:51
incident_datetime,2021-02-13 03:40:41
incident_datetime,2021-02-13 05:33:47
incident_datetime,2021-02-13 09:02:18
incident_datetime,2021-02-13 19:08:02
incident_datetime,2021-02-14 00:06:09
incident_datetime,2021-02-14 06:18:36
incident_datetime,2021-02-14 06:56:48
incident_datetime,2021-02-14 10:49:48
incident_datetime,2021-02-14 12:01:39
incident_datetime,2021-02-14 13:57:31
incident_datetime,2021-02-14 22:06:50
incident_datetime,2021-02-15 05:13:01
incident_datetime,2021-02-16 12:46:20
incident_datetime,2021-02-18 18:21:45
incident_datetime,2021-02-19 06:53:53
incident_datetime,2021-02-20 01:57:08
incident_datetime,2021-02-21 02:17:01
incident_datetime,2021-02-21 04:50:43
incident_datetime,2021-02-21 05:48:55
incident_datetime,2021-02-21 21:49:40
incident_datetime,2021-02-22 10:40:00
incident_datetime,2021-02-22 14:04:50
incident_datetime,2021-02-22 17:58:29
incident_datetime,2021-02-22 20:51:44
incident_datetime,2021-02-23 17:21:41
incident_datetime,2021-02-23 20:08:38
incident_datetime,2021-02-24 06:39:11
incident_datetime,2021-02-25 02:10:17
incident_datetime,2021-02-25 11:04:11
incident_datetime,2021-02-26 10:56:13
incident_datetime,2021-02-26 20:38:10
incident_datetime,2021-02-28 07:59:34
incident_datetime,2021-03-01 04:00:41
incident_datetime,2021-03-01 06:55:55
incident_datetime,2021-03-01 14:10:45
incident_datetime,2021-03-02 18:57:27
incident_datetime,2021-03-02 23:17:22
incident_datetime,2021-03-03 23:30:18
incident_datetime,2021-03-03 23:47:37
incident_datetime,2021-03-04 19:02:01
incident_datetime,2021-03-05 19:58:50
incident_datetime,2021-03-07 08:53:09
incident_datetime,2021-03-07 16:28:13
incident_datetime,2021-03-07 16:50:03
incident_datetime,2021-03-07 18:36:51
incident_datetime,2021-03-08 07:01:03
incident_datetime,2021-03-08 14:15:41
incident_datetime,2021-03-08 16:55:44
incident_datetime,2021-03-09 18:45:55
incident_datetime,2021-03-10 23:33:28
incident_datetime,2021-03-11 23:45:54
incident_datetime,2021-03-14 01:06:48
incident_datetime,2021-03-14 01:41:05
incident_datetime,2021-03-15 02:56:49
incident_datetime,2021-03-15 04:08:04
incident_datetime,2021-03-15 14:47:55
incident_datetime,2021-03-15 20:14:34
incident_datetime,2021-03-16 09:55:52
incident_datetime,2021-03-16 12:27:47
incident_datetime,2021-03-17 07:32:07
incident_datetime,2021-03-17 07:50:45
incident_datetime,2021-03-18 18:13:22
incident_datetime,2021-03-19 00:56:05
incident_datetime,2021-03-19 01:24:59
incident_datetime,2021-03-19 10:14:00
incident_datetime,2021-03-19 14:39:31
incident_datetime,2021-03-20 13:47:04
incident_datetime,2021-03-21 09:22:49
incident_datetime,2021-03-21 18:12:39
incident_datetime,2021-03-22 14:18:55
incident_datetime,2021-03-22 20:10:46
incident_datetime,2021-03-23 04:49:26
incident_datetime,2021-03-23 05:35:52
incident_datetime,2021-03-23 21:23:14
incident_datetime,2021-03-24 03:00:49
incident_datetime,2021-03-24 14:49:53
incident_datetime,2021-03-24 16:41:44
incident_datetime,2021-03-25 09:33:44
incident_datetime,2021-03-26 01:56:37
incident_datetime,2021-03-27 16:04:53
incident_datetime,2021-03-27 17:08:56
incident_datetime,2021-03-28 04:24:33
incident_datetime,2021-03-28 14:42:07
incident_datetime,2021-03-28 17:21:12
incident_datetime,2021-03-29 02:28:36
incident_datetime,2021-03-29 04:16:18
incident_datetime,2021-03-29 05:48:24
incident_datetime,2021-03-29 12:46:18
incident_datetime,2021-03-29 14:01:59
incident_datetime,2021-03-30 08:20:26
incident_datetime,2021-03-31 05:51:40
incident_datetime,2021-03-31 06:41:43
incident_datetime,2021-03-31 08:45:49
incident_datetime,2021-04-01 10:28:21
incident_datetime,2021-04-03 03:38:23
incident_datetime,2021-04-05 23:13:13
incident_datetime,2021-04-06 22:57:21
incident_datetime,2021-04-07 06:36:17
incident_datetime,2021-04-07 16:01:03
incident_datetime,2021-04-08 00:23:27
incident_datetime,2021-04-08 17:24:14
incident_datetime,2021-04-10 06:48:38
incident_datetime,2021-04-10 18:32:13
incident_datetime,2021-04-11 04:29:29
incident_datetime,2021-04-12 02:18:35
incident_datetime,2021-04-12 10:57:51
incident_datetime,2021-04-13 02:48:54
incident_datetime,2021-04-13 17:52:03
incident_datetime,2021-04-13 19:01:50
incident_datetime,2021-04-14 23:35:56
incident_datetime,2021-04-15 12:07:42
incident_datetime,2021-04-15 13:37:25
incident_datetime,2021-04-15 23:46:03
incident_datetime,2021-04-16 09:01:45
incident_datetime,2021-04-16 14:31:21
incident_datetime,2021-04-18 00:46:58
incident_datetime,2021-04-18 21:14:12
incident_datetime,2021-04-18 21:54:15
incident_datetime,2021-04-19 09:42:07
incident_datetime,2021-04-19 14:15:32
incident_datetime,2021-04-20 03:26:47
incident_datetime,2021-04-20 16:12:17
incident_datetime,2021-04-20 22:41:12
incident_datetime,2021-04-21 04:04:27
incident_datetime,2021-04-21 08:58:57
incident_datetime,2021-04-22 05:14:22
incident_datetime,2021-04-22 19:10:26
incident_datetime,2021-04-24 07:52:57
incident_datetime,2021-04-24 10:41:42
incident_datetime,2021-04-24 13:25:49
incident_datetime,2021-04-24 21:47:35
incident_datetime,2021-04-26 06:41:08
incident_datetime,2021-04-26 10:35:57
incident_datetime,2021-04-26 19:31:11
incident_datetime,2021-04-27 19:59:37
incident_datetime,2021-04-28 02:41:09
incident_datetime,2021-04-28 05:25:51
incident_datetime,2021-04-29 04:41:06
incident_datetime,2021-04-30 08:49:20
incident_datetime,2021-04-30 20:59:31
incident_datetime,2021-05-01 09:12:38
incident_datetime,2021-05-02 02:24:40
incident_datetime,2021-05-02 12:23:22
incident_datetime,2021-05-03 14:12:52
incident_datetime,2021-05-04 07:41:21
incident_datetime,2021-05-05 08:13:07
incident_datetime,2021-05-05 20:32:44
incident_datetime,2021-05-06 02:50:50
incident_datetime,2021-05-06 17:48:05
incident_datetime,2021-05-07 02:07:38
incident_datetime,2021-05-08 15:23:42
incident_datetime,2021-05-09 09:32:36
incident_datetime,2021-05-10 23:55:13
incident_datetime,2021-05-11 01:39:32
incident_datetime,2021-05-12 00:58:21
incident_datetime,2021-05-12 08:29:22
incident_datetime,2021-05-12 10:06:03
incident_datetime,2021-05-12 13:40:27
incident_datetime,2021-05-13 11:49:07
incident_datetime,2021-05-13 15:06:17
incident_datetime,2021-05-14 01:30:29
incident_datetime,2021-05-14 21:40:10
incident_datetime,2021-05-16 08:16:03
incident_datetime,2021-05-16 16:02:25
incident_datetime,2021-05-16 16:43:24
incident_datetime,2021-05-16 21:16:39
incident_datetime,2021-05-18 07:17:11
incident_datetime,2021-05-19 00:51:56
incident_datetime,2021-05-19 16:44:54
incident_datetime,2021-05-19 17:59:01
incident_datetime,2021-05-20 22:14:38
incident_datetime,2021-05-21 05:28:07
incident_datetime,2021-05-21 16:26:35
incident_datetime,2021-05-22 10:42:16
incident_datetime,2021-05-24 12:40:43
incident_datetime,2021-05-25 11:15:08
incident_datetime,2021-05-25 11:44:59
incident_datetime,2021-05-26 17:30:42
incident_datetime,2021-05-27 02:55:30
incident_datetime,2021-05-27 03:02:38
incident_datetime,2021-05-28 07:56:07
incident_datetime,2021-05-28 20:47:34
incident_datetime,2021-05-29 15:31:10
incident_datetime,2021-05-30 09:27:52
incident_datetime,2021-05-30 11:24:19
incident_datetime,2021-05-31 18:32:51
incident_datetime,2021-06-01 06:05:53
incident_datetime,2021-06-02 06:45:20
incident_datetime,2021-06-02 21:34:40
incident_datetime,2021-06-03 04:47:36
incident_datetime,2021-06-03 12:26:15
incident_datetime,2021-06-03 22:56:52
incident_datetime,2021-06-04 12:09:09
incident_datetime,2021-06-04 14:42:31
incident_datetime,2021-06-05 04:41:20
incident_datetime,2021-06-06 04:16:57
incident_datetime,2021-06-06 16:30:11
incident_datetime,2021-06-07 04:38:36
incident_datetime,2021-06-07 14:10:42
incident_datetime,2021-06-09 14:40:26
incident_datetime,2021-06-09 22:10:35
incident_datetime,2021-06-10 15:17:10
incident_datetime,2021-06-10 18:59:53
incident_datetime,2021-06-12 04:26:39
incident_datetime,2021-06-12 09:20:34
incident_datetime,2021-06-13 01:48:33
incident_datetime,2021-06-13 20:30:29
incident_datetime,2021-06-14 15:51:50
incident_datetime,2021-06-15 01:43:52
incident_datetime,2021-06-15 16:17:11
incident_datetime,2021-06-16 17:40:45
incident_datetime,2021-06-17 00:13:11
incident_datetime,2021-06-17 10:48:31
incident_datetime,2021-06-18 18:12:51
incident_datetime,2021-06-18 19:01:24
incident_datetime,2021-06-19 00:49:20
incident_datetime,2021-06-19 11:40:39
incident_datetime,2021-06-19 21:18:53
incident_datetime,2021-06-19 22:13:44
incident_datetime,2021-06-20 06:31:30
incident_datetime,2021-06-21 17:17:24
incident_datetime,2021-06-23 03:50:36
incident_datetime,2021-06-23 17:48:01
incident_datetime,2021-06-24 05:53:31
incident_datetime,2021-06-26 01:14:15
incident_datetime,2021-06-26 01:23:05
incident_datetime,2021-06-27 06:28:24
incident_datetime,2021-06-27 22:13:36
incident_datetime,2021-06-28 23:57:26
incident_datetime,2021-06-29 01:39:37
incident_datetime,2021-06-29 13:23:40
incident_datetime,2021-06-30 12:02:03
incident_datetime,2021-06-30 17:30:37
incident_datetime,2021-07-01 02:04:22
incident_datetime,2021-07-01 10:54:22
incident_datetime,2021-07-01 13:00:20
incident_datetime,2021-07-03 15:10:11
incident_datetime,2021-07-04 20:59:25
incident_datetime,2021-07-05 02:49:53
incident_datetime,2021-07-05 08:19:01
incident_datetime,2021-07-06 02:26:57
incident_datetime,2021-07-07 04:36:48
incident_datetime,2021-07-07 05:21:01
incident_datetime,2021-07-07 09:26:48
incident_datetime,2021-07-07 13:06:22
incident_datetime,2021-07-07 15:51:34
incident_datetime,2021-07-07 19:56:32
incident_datetime,2021-07-08 03:01:37
incident_datetime,2021-07-08 04:21:58
incident_datetime,2021-07-08 22:09:09
incident_datetime,2021-07-09 02:12:58
incident_datetime,2021-07-09 10:34:03
incident_datetime,2021-07-11 19:04:26
incident_datetime,2021-07-12 09:36:02
incident_datetime,2021-07-12 09:48:32
incident_datetime,2021-07-13 05:08:10
incident_datetime,2021-07-13 05:39:37
incident_datetime,2021-07-13 14:10:12
incident_datetime,2021-07-13 20:31:28
incident_datetime,2021-07-14 00:44:13
incident_datetime,2021-07-14 06:32:23
incident_datetime,2021-07-15 16:16:52
incident_datetime,2021-07-16 13:53:28
incident_datetime,2021-07-17 03:43:40
incident_datetime,2021-07-17 15:48:50
incident_datetime,2021-07-18 04:10:52
incident_datetime,2021-07-18 11:18:04
incident_datetime,2021-07-18 12:36:42
incident_datetime,2021-07-19 18:15:54
incident_datetime,2021-07-19 19:57:43
incident_datetime,2021-07-20 20:07:40
incident_datetime,2021-07-21 21:02:40
incident_datetime,2021-07-22 17:32:16
incident_datetime,2021-07-22 23:54:11
incident_datetime,2021-07-24 20:08:13
incident_datetime,2021-07-24 23:11:46
incident_datetime,2021-07-27 03:29:06
incident_datetime,2021-07-27 22:05:23
incident_datetime,2021-07-28 08:35:14
incident_datetime,2021-07-28 10:52:37
incident_datetime,2021-07-29 03:44:36
incident_datetime,2021-07-29 15:33:28
incident_datetime,2021-07-30 05:40:05
incident_datetime,2021-07-30 08:58:11
incident_datetime,2021-07-30 12:57:32
incident_datetime,2021-07-31 08:05:29
incident_datetime,2021-07-31 13:51:34
incident_datetime,2021-08-01 08:08:24
incident_datetime,2021-08-02 14:51:33
incident_datetime,2021-08-02 20:09:19
incident_datetime,2021-08-03 05:16:28
incident_datetime,2021-08-03 07:17:35
incident_datetime,2021-08-03 18:26:02
incident_datetime,2021-08-04 01:29:11
incident_datetime,2021-08-04 15:35:54
incident_datetime,2021-08-06 02:57:36
incident_datetime,2021-08-06 06:48:34
incident_datetime,2021-08-06 11:47:33
incident_datetime,2021-08-06 19:30:41
incident_datetime,2021-08-08 06:17:14
incident_datetime,2021-08-09 01:24:46
incident_datetime,2021-08-09 07:03:29
incident_datetime,2021-08-09 14:06:07
incident_datetime,2021-08-09 16:11:18
incident_datetime,2021-08-09 19:13:08
incident_datetime,2021-08-10 03:52:03
incident_datetime,2021-08-10 09:02:31
incident_datetime,2021-08-11 05:47:21
incident_datetime,2021-08-11 06:14:34
incident_datetime,2021-08-11 09:50:08
incident_datetime,2021-08-11 12:51:14
incident_datetime,2021-08-12 02:21:49
incident_datetime,2021-08-12 07:30:23
incident_datetime,2021-08-12 09:30:39
incident_datetime,2021-08-13 15:39:11
incident_datetime,2021-08-14 18:30:21
incident_datetime,2021-08-15 00:42:10
incident_datetime,2021-08-15 08:48:51
incident_datetime,2021-08-15 17:30:23
incident_datetime,2021-08-15 19:27:28
incident_datetime,2021-08-15 21:59:41
incident_datetime,2021-08-16 08:04:20
incident_datetime,2021-08-17 08:21:55
incident_datetime,2021-08-17 21:16:49
incident_datetime,2021-08-17 23:01:40
incident_datetime,2021-08-18 10:04:01
incident_datetime,2021-08-18 13:52:19
incident_datetime,2021-08-18 18:49:33
incident_datetime,2021-08-20 18:38:40
incident_datetime,2021-08-21 09:44:44
incident_datetime,2021-08-21 10:06:59
incident_datetime,2021-08-24 20:03:17
incident_datetime,2021-08-24 22:46:34
incident_datetime,2021-08-25 10:25:08
incident_datetime,2021-08-25 12:40:31
incident_datetime,2021-08-25 17:17:51
incident_datetime,2021-08-26 21:25:21
incident_datetime,2021-08-27 07:59:45
incident_datetime,2021-08-27 13:46:53
incident_datetime,2021-08-27 14:48:33
incident_datetime,2021-08-28 09:42:19
incident_datetime,2021-08-28 15:30:49
incident_datetime,2021-08-29 05:19:03
incident_datetime,2021-08-29 14:38:55
incident_datetime,2021-08-30 08:27:39
incident_datetime,2021-08-31 04:15:36
incident_datetime,2021-08-31 05:18:16
incident_datetime,2021-08-31 20:36:25
incident_datetime,2021-09-01 02:24:54
incident_datetime,2021-09-01 19:32:12
incident_datetime,2021-09-03 09:41:23
incident_datetime,2021-09-05 06:37:23
incident_datetime,2021-09-05 07:27:08
incident_datetime,2021-09-05 09:45:33
incident_datetime,2021-09-05 15:02:37
incident_datetime,2021-09-05 19:22:52
incident_datetime,2021-09-06 12:01:53
incident_datetime,2021-09-06 15:31:10
incident_datetime,2021-09-07 07:37:50
incident_datetime,2021-09-07 21:17:05
incident_datetime,2021-09-08 20:41:21
incident_datetime,2021-09-09 02:29:22
incident_datetime,2021-09-09 09:45:47
incident_datetime,2021-09-10 13:36:06
incident_datetime,2021-09-11 06:51:09
incident_datetime,2021-09-11 09:51:44
incident_datetime,2021-09-11 10:18:02
incident_datetime,2021-09-12 06:33:32
incident_datetime,2021-09-12 16:15:28
incident_datetime,2021-09-13 15:27:10
incident_datetime,2021-09-14 08:57:33
incident_datetime,2021-09-15 16:47:52
incident_datetime,2021-09-16 04:27:17
incident_datetime,2021-09-16 22:52:48
incident_datetime,2021-09-16 23:39:18
incident_datetime,2021-09-17 05:45:49
incident_datetime,2021-09-17 17:42:01
incident_datetime,2021-09-19 00:31:33
incident_datetime,2021-09-19 01:52:54
incident_datetime,2021-09-19 20:55:10
incident_datetime,2021-09-19 22:00:43
incident_datetime,2021-09-20 20:27:58
incident_datetime,2021-09-22 05:27:49
incident_datetime,2021-09-22 08:50:41
incident_datetime,2021-09-24 07:50:28
incident_datetime,2021-09-25 15:49:14
incident_datetime,2021-09-25 19:52:04
incident_datetime,2021-09-26 07:39:32
incident_datetime,2021-09-26 12:37:46
incident_datetime,2021-09-27 00:03:26
incident_datetime,2021-09-27 00:07:21
incident_datetime,2021-09-27 10:55:42
incident_datetime,2021-09-27 16:30:27
incident_datetime,2021-09-28 00:48:48
incident_datetime,2021-09-28 14:30:50
incident_datetime,2021-09-28 18:58:52
incident_datetime,2021-09-29 05:48:06
incident_datetime,2021-10-01 01:52:47
incident_datetime,2021-10-01 04:27:45
incident_datetime,2021-10-01 15:11:41
incident_datetime,2021-10-01 20:15:36
incident_datetime,2021-10-02 12:40:20
incident_datetime,2021-10-03 00:27:19
incident_datetime,2021-10-03 05:17:02
incident_datetime,2021-10-03 14:53:00
incident_datetime,2021-10-04 16:51:57
incident_datetime,2021-10-04 22:41:05
incident_datetime,2021-10-05 11:37:44
incident_datetime,2021-10-05 19:39:24
incident_datetime,2021-10-05 22:42:58
incident_datetime,2021-10-06 05:28:30
incident_datetime,2021-10-06 08:11:54
incident_datetime,2021-10-06 13:21:27
incident_datetime,2021-10-06 19:39:37
incident_datetime,2021-10-07 01:49:00
incident_datetime,2021-10-07 20:49:06
incident_datetime,2021-10-07 21:07:20
incident_datetime,2021-10-08 02:14:35
incident_datetime,2021-10-08 08:11:44
incident_datetime,2021-10-08 11:52:48
incident_datetime,2021-10-08 21:25:55
incident_datetime,2021-10-09 13:06:33
incident_datetime,2021-10-09 19:09:42
incident_datetime,2021-10-10 06:22:38
incident_datetime,2021-10-11 04:24:08
incident_datetime,2021-10-11 16:18:56
incident_datetime,2021-10-11 20:27:17
incident_datetime,2021-10-13 02:46:55
incident_datetime,2021-10-13 21:13:36
incident_datetime,2021-10-18 11:59:49
incident_datetime,2021-10-19 18:01:35
incident_datetime,2021-10-21 04:26:03
incident_datetime,2021-10-21 06:41:20
incident_datetime,2021-10-22 01:12:37
incident_datetime,2021-10-22 02:46:58
incident_datetime,2021-10-24 01:03:00
incident_datetime,2021-10-24 09:13:29
incident_datetime,2021-10-24 09:56:46
incident_datetime,2021-10-24 15:02:30
incident_datetime,2021-10-24 21:33:50
incident_datetime,2021-10-27 01:44:13
incident_datetime,2021-10-27 10:02:05
incident_datetime,2021-10-28 00:50:53
incident_datetime,2021-10-28 13:12:55
incident_datetime,2021-10-28 17:55:45
incident_datetime,2021-10-29 06:28:27
incident_datetime,2021-10-29 06:38:38
incident_datetime,2021-10-29 06:39:29
incident_datetime,2021-10-29 08:57:41
incident_datetime,2021-10-30 02:20:40
incident_datetime,2021-10-30 14:55:40
incident_datetime,2021-10-31 17:44:23
incident_datetime,2021-11-01 01:59:00
incident_datetime,2021-11-01 08:46:49
incident_datetime,2021-11-02 06:17:05
incident_datetime,2021-11-03 23:09:29
incident_datetime,2021-11-05 17:21:18
incident_datetime,2021-11-07 06:06:38
incident_datetime,2021-11-10 00:28:52
incident_datetime,2021-11-10 02:15:41
incident_datetime,2021-11-12 00:17:30
incident_datetime,2021-11-14 00:18:44
incident_datetime,2021-11-14 08:44:15
incident_datetime,2021-11-14 21:44:03
incident_datetime,2021-11-15 09:29:45
incident_datetime,2021-11-15 21:30:14
incident_datetime,2021-11-16 17:00:35
incident_datetime,2021-11-17 10:13:28
incident_datetime,2021-11-17 11:37:09
incident_datetime,2021-11-17 14:01:52
incident_datetime,2021-11-17 22:38:34
incident_datetime,2021-11-17 23:30:39
incident_datetime,2021-11-18 13:01:24
incident_datetime,2021-11-20 17:00:19
incident_datetime,2021-11-21 09:55:01
incident_datetime,2021-11-21 16:09:05
incident_datetime,2021-11-22 22:05:35
incident_datetime,2021-11-23 02:50:26
incident_datetime,2021-11-23 22:58:24
incident_datetime,2021-11-24 18:24:18
incident_datetime,2021-11-25 07:05:23
incident_datetime,2021-11-25 18:00:29
incident_datetime,2021-11-27 10:02:39
incident_datetime,2021-11-27 12:24:44
incident_datetime,2021-11-27 23:26:27
incident_datetime,2021-11-28 17:50:47
incident_datetime,2021-11-28 22:38:02
incident_datetime,2021-11-29 07:24:57
incident_datetime,2021-11-29 21:10:13
incident_datetime,2021-11-30 18:09:38
incident_datetime,2021-11-30 22:06:21
incident_datetime,2021-12-02 09:07:27
incident_datetime,2021-12-02 12:58:45
incident_datetime,2021-12-03 01:53:29
incident_datetime,2021-12-03 02:44:36
incident_datetime,2021-12-04 01:25:08
incident_datetime,2021-12-04 05:07:12
incident_datetime,2021-12-04 05:26:28
incident_datetime,2021-12-05 05:24:37
incident_datetime,2021-12-05 14:09:30
incident_datetime,2021-12-06 05:46:01
incident_datetime,2021-12-06 14:06:48
incident_datetime,2021-12-07 06:26:08
incident_datetime,2021-12-09 07:46:26
incident_datetime,2021-12-09 16:56:52
incident_datetime,2021-12-09 22:01:14
incident_datetime,2021-12-10 00:44:07
incident_datetime,2021-12-10 05:54:27
incident_datetime,2021-12-10 19:42:21
incident_datetime,2021-12-11 02:19:03
incident_datetime,2021-12-11 02:55:11
incident_datetime,2021-12-11 13:27:28
incident_datetime,2021-12-11 20:24:10
incident_datetime,2021-12-12 00:40:53
incident_datetime,2021-12-12 02:51:57
incident_datetime,2021-12-13 06:30:55
incident_datetime,2021-12-14 23:33:13
incident_datetime,2021-12-15 03:45:53
incident_datetime,2021-12-15 15:31:57
incident_datetime,2021-12-17 04:52:04
incident_datetime,2021-12-17 05:20:53
incident_datetime,2021-12-17 14:51:08
incident_datetime,2021-12-17 16:28:30
incident_datetime,2021-12-17 19:41:36
incident_datetime,2021-12-18 04:20:47
incident_datetime,2021-12-18 05:21:15
incident_datetime,2021-12-18 17:27:18
incident_datetime,2021-12-19 10:06:20
incident_datetime,2021-12-19 14:09:15
incident_datetime,2021-12-19 16:24:06
incident_datetime,2021-12-19 16:30:29
incident_datetime,2021-12-20 09:50:46
incident_datetime,2021-12-20 10:34:10
incident_datetime,2021-12-20 17:43:28
incident_datetime,2021-12-21 02:54:03
incident_datetime,2021-12-21 03:03:46
incident_datetime,2021-12-21 05:58:39
incident_datetime,2021-12-22 07:56:56
incident_datetime,2021-12-22 08:07:19
incident_datetime,2021-12-22 11:55:28
incident_datetime,2021-12-23 12:54:41
incident_datetime,2021-12-25 07:42:59
incident_datetime,2021-12-26 09:52:03
incident_datetime,2021-12-27 07:05:49
incident_datetime,2021-12-27 09:32:23
incident_datetime,2021-12-28 14:32:44
incident_datetime,2021-12-28 22:39:06
incident_datetime,2021-12-29 22:42:24
incident_datetime,2021-12-31 12:11:39
incident_datetime,2022-01-01 05:54:24
incident_datetime,2022-01-02 06:24:13
incident_datetime,2022-01-02 12:27:14
incident_datetime,2022-01-02 23:28:11
incident_datetime,2022-01-04 06:02:40
incident_datetime,2022-01-04 10:39:01
incident_datetime,2022-01-05 20:41:53
incident_datetime,2022-01-05 22:19:47
incident_datetime,2022-01-05 22:58:42
incident_datetime,2022-01-06 07:43:52
incident_datetime,2022-01-06 20:12:16
incident_datetime,2022-01-06 22:14:19
incident_datetime,2022-01-07 04:35:10
incident_datetime,2022-01-08 16:33:54
incident_datetime,2022-01-09 06:38:04
incident_datetime,2022-01-10 17:06:05
incident_datetime,2022-01-10 17:52:51
incident_datetime,2022-01-11 18:42:34
incident_datetime,2022-01-11 22:03:29
incident_datetime,2022-01-12 05:25:06
incident_datetime,2022-01-12 10:54:01
incident_datetime,2022-01-13 22:38:03
incident_datetime,2022-01-14 20:42:38
incident_datetime,2022-01-14 21:05:26
incident_datetime,2022-01-15 05:28:21
incident_datetime,2022-01-16 03:45:41
incident_datetime,2022-01-18 05:43:08
incident_datetime,2022-01-19 08:40:14
incident_datetime,2022-01-19 09:06:27
incident_datetime,2022-01-19 17:21:09
incident_datetime,2022-01-20 00:44:23
incident_datetime,2022-01-20 04:38:30
incident_datetime,2022-01-20 07:16:37
incident_datetime,2022-01-20 16:44:37
incident_datetime,2022-01-20 20:11:26
incident_datetime,2022-01-21 12:21:32
incident_datetime,2022-01-21 14:48:30
incident_datetime,2022-01-22 08:54:15
incident_datetime,2022-01-23 08:36:15
incident_datetime,2022-01-23 13:31:43
incident_datetime,2022-01-24 03:30:00
incident_datetime,2022-01-25 00:16:12
incident_datetime,2022-01-25 19:38:06
incident_datetime,2022-01-25 23:20:47
incident_datetime,2022-01-26 16:18:44
incident_datetime,2022-01-27 05:43:58
incident_datetime,2022-01-27 10:14:19
incident_datetime,2022-01-28 02:22:47
incident_datetime,2022-01-28 19:34:43
incident_datetime,2022-01-28 23:27:23
incident_datetime,2022-01-29 07:52:18
incident_datetime,2022-01-29 13:04:10
incident_datetime,2022-01-29 17:23:20
incident_datetime,2022-01-29 23:23:55
incident_datetime,2022-01-31 01:44:25
incident_datetime,2022-01-31 10:44:37
incident_datetime,2022-01-31 16:07:09
incident_datetime,2022-02-02 04:08:06
incident_datetime,2022-02-02 15:02:06
incident_datetime,2022-02-03 00:05:29
incident_datetime,2022-02-03 02:33:43
incident_datetime,2022-02-03 08:11:48
incident_datetime,2022-02-03 09:18:43
incident_datetime,2022-02-04 02:09:57
incident_datetime,2022-02-04 04:32:26
incident_datetime,2022-02-04 20:50:54
incident_datetime,2022-02-05 07:01:30
incident_datetime,2022-02-05 11:47:56
incident_datetime,2022-02-05 22:57:40
incident_datetime,2022-02-06 12:06:26
incident_datetime,2022-02-07 02:33:15
incident_datetime,2022-02-08 00:51:37
incident_datetime,2022-02-08 09:41:46
incident_datetime,2022-02-08 12:06:36
incident_datetime,2022-02-10 13:34:13
incident_datetime,2022-02-10 21:44:25
incident_datetime,2022-02-11 07:12:18
incident_datetime,2022-02-11 08:30:08
incident_datetime,2022-02-12 10:54:46
incident_datetime,2022-02-12 16:02:47
incident_datetime,2022-02-14 00:08:30
incident_datetime,2022-02-16 11:26:46
incident_datetime,2022-02-17 14:15:09
incident_datetime,2022-02-17 23:49:47
incident_datetime,2022-02-18 08:39:08
incident_datetime,2022-02-18 12:26:21
incident_datetime,2022-02-18 22:07:25
incident_datetime,2022-02-19 07:36:36
incident_datetime,2022-02-19 09:55:03
incident_datetime,2022-02-19 18:12:12
incident_datetime,2022-02-19 23:07:05
incident_datetime,2022-02-20 01:03:43
incident_datetime,2022-02-20 12:40:49
incident_datetime,2022-02-20 12:53:27
incident_datetime,2022-02-20 13:18:27
incident_datetime,2022-02-20 21:23:17
incident_datetime,2022-02-21 02:48:30
incident_datetime,2022-02-21 05:27:50
incident_datetime,2022-02-22 16:24:35
incident_datetime,2022-02-22 17:16:37
incident_datetime,2022-02-22 21:08:38
incident_datetime,2022-02-23 03:33:09
incident_datetime,2022-02-23 06:12:29
incident_datetime,2022-02-23 08:09:10
incident_datetime,2022-02-25 02:11:29
incident_datetime,2022-02-25 02:55:02
incident_datetime,2022-02-26 11:45:32
incident_datetime,2022-02-27 01:36:44
incident_datetime,2022-02-27 01:45:18
incident_datetime,2022-02-28 05:18:19
incident_datetime,2022-03-01 05:46:22
incident_datetime,2022-03-02 06:02:33
incident_datetime,2022-03-03 08:09:26
incident_datetime,2022-03-04 03:56:27
incident_datetime,2022-03-04 04:52:37
incident_datetime,2022-03-04 10:09:10
incident_datetime,2022-03-04 13:24:46
incident_datetime,2022-03-05 04:36:33
incident_datetime,2022-03-05 05:19:11
incident_datetime,2022-03-05 17:11:56
incident_datetime,2022-03-06 03:21:01
incident_datetime,2022-03-07 09:27:16
incident_datetime,2022-03-07 22:06:38
incident_datetime,2022-03-08 07:18:53
incident_datetime,2022-03-08 12:57:05
incident_datetime,2022-03-08 18:14:04
incident_datetime,2022-03-08 20:16:54
incident_datetime,2022-03-10 02:53:10
incident_datetime,2022-03-10 03:19:12
incident_datetime,2022-03-10 09:45:36
incident_datetime,2022-03-10 11:56:43
incident_datetime,2022-03-10 20:59:30
incident_datetime,2022-03-12 05:40:39
incident_datetime,2022-03-13 12:57:12
incident_datetime,2022-03-13 18:55:12
incident_datetime,2022-03-13 23:46:03
incident_datetime,2022-03-14 02:02:57
incident_datetime,2022-03-14 03:18:14
incident_datetime,2022-03-14 03:21:47
incident_datetime,2022-03-14 04:39:47
incident_datetime,2022-03-15 19:40:24
incident_datetime,2022-03-16 01:48:08
incident_datetime,2022-03-16 08:59:53
incident_datetime,2022-03-17 02:26:41
incident_datetime,2022-03-18 04:42:07
incident_datetime,2022-03-18 06:22:02
incident_datetime,2022-03-19 11:50:46
incident_datetime,2022-03-20 07:05:35
incident_datetime,2022-03-20 08:07:45
incident_datetime,2022-03-22 11:54:40
incident_datetime,2022-03-22 20:14:49
incident_datetime,2022-03-23 14:10:56
incident_datetime,2022-03-24 05:54:09
incident_datetime,2022-03-24 13:47:46
incident_datetime,2022-03-25 07:19:22
incident_datetime,2022-03-25 09:46:17
incident_datetime,2022-03-25 10:57:15
incident_datetime,2022-03-26 04:20:49
incident_datetime,2022-03-26 19:37:43
incident_datetime,2022-03-28 07:51:50
incident_datetime,2022-03-28 16:39:59
incident_datetime,2022-03-29 06:19:28
incident_datetime,2022-03-30 04:45:56
incident_datetime,2022-04-01 15:20:08
incident_datetime,2022-04-02 00:14:47
incident_datetime,2022-04-04 02:35:23
incident_datetime,2022-04-04 13:44:13
incident_datetime,2022-04-05 06:57:48
incident_datetime,2022-04-06 06:37:04
incident_datetime,2022-04-07 09:36:06
incident_datetime,2022-04-07 10:17:23
incident_datetime,2022-04-07 21:17:38
incident_datetime,2022-04-08 12:36:28
incident_datetime,2022-04-09 19:46:03
incident_datetime,2022-04-09 22:45:31
incident_datetime,2022-04-10 02:52:00
incident_datetime,2022-04-10 08:08:49
incident_datetime,2022-04-10 08:32:13
incident_datetime,2022-04-10 21:02:34
incident_datetime,2022-04-12 06:29:30
incident_datetime,2022-04-12 07:13:20
incident_datetime,2022-04-12 13:50:29
incident_datetime,2022-04-12 23:07:28
incident_datetime,2022-04-13 03:34:04
incident_datetime,2022-04-13 22:12:46
incident_datetime,2022-04-14 09:52:39
incident_datetime,2022-04-14 11:39:24
incident_datetime,2022-04-14 15:59:15
incident_datetime,2022-04-15 03:27:34
incident_datetime,2022-04-15 21:47:03
incident_datetime,2022-04-16 06:16:33
incident_datetime,2022-04-16 11:18:13
incident_datetime,2022-04-16 11:41:46
incident_datetime,2022-04-17 02:04:56
incident_datetime,2022-04-18 08:01:12
incident_datetime,2022-04-18 10:07:32
incident_datetime,2022-04-18 15:09:18
incident_datetime,2022-04-19 20:22:51
incident_datetime,2022-04-20 23:30:29
incident_datetime,2022-04-21 01:26:01
incident_datetime,2022-04-21 15:27:54
incident_datetime,2022-04-23 09:46:02
incident_datetime,2022-04-23 23:54:08
incident_datetime,2022-04-25 12:01:58
incident_datetime,2022-04-26 08:15:30
incident_datetime,2022-04-27 07:56:55
incident_datetime,2022-04-27 13:24:00
incident_datetime,2022-04-27 20:51:56
incident_datetime,2022-04-27 23:12:45
incident_datetime,2022-04-28 11:02:54
incident_datetime,2022-04-30 17:16:28
incident_datetime,2022-05-01 03:21:29
incident_datetime,2022-05-01 13:04:07
incident_datetime,2022-05-01 18:39:20
incident_datetime,2022-05-02 02:17:38
incident_datetime,2022-05-02 22:19:40
incident_datetime,2022-05-03 02:21:12
incident_datetime,2022-05-03 03:54:47
incident_datetime,2022-05-03 04:12:09
incident_datetime,2022-05-03 06:44:54
incident_datetime,2022-05-03 13:18:07
incident_datetime,2022-05-03 13:35:15
incident_datetime,2022-05-03 14:57:08
incident_datetime,2022-05-03 18:34:58
incident_datetime,2022-05-04 15:35:28
incident_datetime,2022-05-04 15:56:48
incident_datetime,2022-05-05 02:49:07
incident_datetime,2022-05-06 00:08:21
incident_datetime,2022-05-08 16:10:50
incident_datetime,2022-05-08 19:33:59
incident_datetime,2022-05-09 00:31:28
incident_datetime,2022-05-10 16:32:06
incident_datetime,2022-05-10 16:34:59
incident_datetime,2022-05-11 01:44:54
incident_datetime,2022-05-11 05:09:40
incident_datetime,2022-05-11 19:21:12
incident_datetime,2022-05-11 21:38:06
incident_datetime,2022-05-12 15:27:07
incident_datetime,2022-05-12 16:37:04
incident_datetime,2022-05-12 17:35:08
incident_datetime,2022-05-14 03:14:32
incident_datetime,2022-05-15 07:47:00
incident_datetime,2022-05-16 10:17:58
incident_datetime,2022-05-17 02:32:34
incident_datetime,2022-05-17 09:59:29
incident_datetime,2022-05-17 14:21:14
incident_datetime,2022-05-19 23:10:27
incident_datetime,2022-05-20 05:44:35
incident_datetime,2022-05-21 14:53:37
incident_datetime,2022-05-22 02:38:47
incident_datetime,2022-05-22 03:55:57
incident_datetime,2022-05-22 22:25:12
incident_datetime,2022-05-23 05:18:10
incident_datetime,2022-05-23 07:11:27
incident_datetime,2022-05-23 23:54:33
incident_datetime,2022-05-24 00:34:59
incident_datetime,2022-05-24 04:41:06
incident_datetime,2022-05-24 15:52:10
incident_datetime,2022-05-28 03:45:04
incident_datetime,2022-05-28 07:23:58
incident_datetime,2022-05-28 08:55:48
incident_datetime,2022-05-29 01:08:33
incident_datetime,2022-05-29 09:49:27
incident_datetime,2022-05-30 07:57:52
incident_datetime,2022-05-31 00:08:47
incident_datetime,2022-05-31 03:29:06
incident_datetime,2022-05-31 13:38:58
incident_datetime,2022-06-02 10:15:32
incident_datetime,2022-06-02 12:04:58
incident_datetime,2022-06-03 05:51:40
incident_datetime,2022-06-03 18:25:04
incident_datetime,2022-06-04 18:04:06
incident_datetime,2022-06-06 14:00:20
incident_datetime,2022-06-06 17:10:54
incident_datetime,2022-06-07 04:48:44
incident_datetime,2022-06-07 10:52:43
incident_datetime,2022-06-08 15:50:39
incident_datetime,2022-06-08 23:28:42
incident_datetime,2022-06-10 00:23:31
incident_datetime,2022-06-10 12:39:54
incident_datetime,2022-06-10 15:08:11
incident_datetime,2022-06-11 07:36:40
incident_datetime,2022-06-11 10:41:38
incident_datetime,2022-06-11 15:33:31
incident_datetime,2022-06-14 08:43:36
incident_datetime,2022-06-14 15:06:39
incident_datetime,2022-06-15 08:58:06
incident_datetime,2022-06-15 13:17:02
incident_datetime,2022-06-15 21:27:37
incident_datetime,2022-06-16 01:18:06
incident_datetime,2022-06-16 02:00:58
incident_datetime,2022-06-16 13:35:22
incident_datetime,2022-06-17 02:30:29
incident_datetime,2022-06-19 13:15:34
incident_datetime,2022-06-20 12:23:05
incident_datetime,2022-06-21 05:42:43
incident_datetime,2022-06-21 07:16:34
incident_datetime,2022-06-23 03:19:30
incident_datetime,2022-06-23 09:12:57
incident_datetime,2022-06-23 09:14:25
incident_datetime,2022-06-23 21:19:22
incident_datetime,2022-06-24 04:15:40
incident_datetime,2022-06-24 06:43:51
incident_datetime,2022-06-26 02:25:11
incident_datetime,2022-06-26 02:30:18
incident_datetime,2022-06-26 20:26:32
incident_datetime,2022-06-27 11:31:01
incident_datetime,2022-06-28 19:02:00
incident_datetime,2022-06-28 19:12:07
incident_datetime,2022-06-29 06:37:24
incident_datetime,2022-06-29 17:03:04
incident_datetime,2022-06-30 02:08:07
incident_datetime,2022-06-30 17:25:54
incident_datetime,2022-06-30 22:39:17
incident_datetime,2022-07-01 08:05:53
incident_datetime,2022-07-02 15:07:38
incident_datetime,2022-07-02 17:32:28
incident_datetime,2022-07-03 06:46:04
incident_datetime,2022-07-03 13:34:55
incident_datetime,2022-07-04 08:34:44
incident_datetime,2022-07-04 12:08:58
incident_datetime,2022-07-06 19:22:46
incident_datetime,2022-07-07 02:09:02
incident_datetime,2022-07-08 02:32:14
incident_datetime,2022-07-08 18:14:14
incident_datetime,2022-07-10 02:38:04
incident_datetime,2022-07-12 08:38:53
incident_datetime,2022-07-12 14:25:42
incident_datetime,2022-07-13 04:21:40
incident_datetime,2022-07-13 06:57:46
incident_datetime,2022-07-13 16:49:04
incident_datetime,2022-07-13 21:12:23
incident_datetime,2022-07-14 03:54:26
incident_datetime,2022-07-15 01:49:23
incident_datetime,2022-07-15 09:43:12
incident_datetime,2022-07-16 21:45:49
incident_datetime,2022-07-17 00:26:48
incident_datetime,2022-07-17 03:26:13
incident_datetime,2022-07-17 07:42:18
incident_datetime,2022-07-18 02:45:32
incident_datetime,2022-07-19 07:08:15
incident_datetime,2022-07-20 02:40:44
incident_datetime,2022-07-21 00:34:34
incident_datetime,2022-07-21 06:58:17
incident_datetime,2022-07-21 20:51:01
incident_datetime,2022-07-22 05:23:02
incident_datetime,2022-07-22 22:45:06
incident_datetime,2022-07-23 12:43:28
incident_datetime,2022-07-24 02:51:25
incident_datetime,2022-07-24 07:20:07
incident_datetime,2022-07-24 23:01:53
incident_datetime,2022-07-25 16:42:31
incident_datetime,2022-07-26 13:31:42
incident_datetime,2022-07-26 16:44:42
incident_datetime,2022-07-27 18:06:44
incident_datetime,2022-07-28 00:24:06
incident_datetime,2022-07-28 02:27:15
incident_datetime,2022-07-28 17:20:47
incident_datetime,2022-07-30 13:33:25
incident_datetime,2022-07-30 15:40:56
incident_datetime,2022-07-31 11:17:09
incident_datetime,2022-07-31 15:30:26
incident_datetime,2022-07-31 16:06:11
incident_datetime,2022-08-01 15:58:37
incident_datetime,2022-08-01 20:19:21
incident_datetime,2022-08-02 11:30:38
incident_datetime,2022-08-03 19:57:03
incident_datetime,2022-08-03 20:45:11
incident_datetime,2022-08-04 02:15:09
incident_datetime,2022-08-05 19:16:45
incident_datetime,2022-08-05 19:36:44
incident_datetime,2022-08-07 22:49:51
incident_datetime,2022-08-08 18:00:48
incident_datetime,2022-08-08 20:24:43
incident_datetime,2022-08-09 09:29:11
incident_datetime,2022-08-09 09:35:35
incident_datetime,2022-08-09 11:58:21
incident_datetime,2022-08-09 20:33:12
incident_datetime,2022-08-10 09:53:37
incident_datetime,2022-08-11 15:50:20
incident_datetime,2022-08-11 18:22:07
incident_datetime,2022-08-11 20:45:03
incident_datetime,2022-08-12 10:07:02
incident_datetime,2022-08-12 12:41:49
incident_datetime,2022-08-12 19:26:23
incident_datetime,2022-08-13 20:39:15
incident_datetime,2022-08-13 23:19:49
incident_datetime,2022-08-14 07:56:05
incident_datetime,2022-08-14 15:47:00
incident_datetime,2022-08-15 06:59:29
incident_datetime,2022-08-15 12:53:55
incident_datetime,2022-08-16 04:46:13
incident_datetime,2022-08-18 06:04:20
incident_datetime,2022-08-19 16:43:51
incident_datetime,2022-08-20 13:44:30
incident_datetime,2022-08-21 01:59:42
incident_datetime,2022-08-21 02:30:21
incident_datetime,2022-08-21 03:26:19
incident_datetime,2022-08-21 08:13:45
incident_datetime,2022-08-22 09:28:35
incident_datetime,2022-08-22 13:28:02
incident_datetime,2022-08-22 14:22:56
incident_datetime,2022-08-22 17:33:49
incident_datetime,2022-08-22 21:12:37
incident_datetime,2022-08-24 06:06:15
incident_datetime,2022-08-24 23:14:08
incident_datetime,2022-08-25 07:18:44
incident_datetime,2022-08-25 10:12:28
incident_datetime,2022-08-26 11:13:00
incident_datetime,2022-08-26 11:29:30
incident_datetime,2022-08-27 08:35:43
incident_datetime,2022-08-28 14:40:51
incident_datetime,2022-08-29 09:31:57
incident_datetime,2022-08-29 10:38:32
incident_datetime,2022-08-30 23:14:04
incident_datetime,2022-08-31 18:44:05
incident_datetime,2022-09-01 01:37:53
incident_datetime,2022-09-01 10:07:52
incident_datetime,2022-09-01 17:05:25
incident_datetime,2022-09-02 07:01:45
incident_datetime,2022-09-02 10:39:59
incident_datetime,2022-09-04 17:48:59
incident_datetime,2022-09-05 02:45:58
incident_datetime,2022-09-06 18:01:45
incident_datetime,2022-09-07 02:47:48
incident_datetime,2022-09-07 04:26:48
incident_datetime,2022-09-07 09:00:03
incident_datetime,2022-09-07 14:00:32
incident_datetime,2022-09-07 16:49:24
incident_datetime,2022-09-07 21:01:16
incident_datetime,2022-09-08 04:50:11
incident_datetime,2022-09-08 13:51:04
incident_datetime,2022-09-09 02:24:06
incident_datetime,2022-09-09 12:31:57
incident_datetime,2022-09-09 21:18:16
incident_datetime,2022-09-10 06:56:55
incident_datetime,2022-09-10 17:09:47
incident_datetime,2022-09-11 12:46:23
incident_datetime,2022-09-12 20:46:50
incident_datetime,2022-09-13 15:30:55
incident_datetime,2022-09-13 16:23:11
incident_datetime,2022-09-15 19:21:53
incident_datetime,2022-09-17 05:48:25
incident_datetime,2022-09-17 06:35:49
incident_datetime,2022-09-17 09:53:56
incident_datetime,2022-09-18 16:29:08
incident_datetime,2022-09-19 18:24:44
incident_datetime,2022-09-20 02:05:06
incident_datetime,2022-09-20 04:27:40
incident_datetime,2022-09-21 04:10:05
incident_datetime,2022-09-21 17:23:24
incident_datetime,2022-09-22 05:52:04
incident_datetime,2022-09-22 07:49:30
incident_datetime,2022-09-22 08:34:06
incident_datetime,2022-09-23 03:09:28
incident_datetime,2022-09-23 07:17:32
incident_datetime,2022-09-23 09:54:07
incident_datetime,2022-09-23 20:45:46
incident_datetime,2022-09-24 22:13:14
incident_datetime,2022-09-25 11:58:36
incident_datetime,2022-09-25 22:18:21
incident_datetime,2022-09-25 23:42:48
incident_datetime,2022-09-25 23:53:09
incident_datetime,2022-09-26 07:18:35
incident_datetime,2022-09-26 09:02:53
incident_datetime,2022-09-26 14:44:04
incident_datetime,2022-09-27 02:31:00
incident_datetime,2022-09-27 06:39:39
incident_datetime,2022-09-29 11:29:39
incident_datetime,2022-09-29 20:51:53
incident_datetime,2022-09-30 23:20:32
incident_datetime,2022-10-02 10:45:59
incident_datetime,2022-10-02 12:35:20
incident_datetime,2022-10-03 19:53:28
incident_datetime,2022-10-05 01:31:55
incident_datetime,2022-10-05 12:16:39
incident_datetime,2022-10-06 11:50:41
incident_datetime,2022-10-06 14:49:59
incident_datetime,2022-10-06 16:33:29
incident_datetime,2022-10-07 03:19:27
incident_datetime,2022-10-07 14:41:04
incident_datetime,2022-10-07 17:15:25
incident_datetime,2022-10-07 21:22:31
incident_datetime,2022-10-08 22:50:15
incident_datetime,2022-10-09 16:55:43
incident_datetime,2022-10-09 20:40:05
incident_datetime,2022-10-10 01:45:33
incident_datetime,2022-10-10 11:52:12
incident_datetime,2022-10-10 12:22:21
incident_datetime,2022-10-10 22:01:04
incident_datetime,2022-10-11 11:24:03
incident_datetime,2022-10-11 17:56:19
incident_datetime,2022-10-12 07:31:07
incident_datetime,2022-10-13 23:28:01
incident_datetime,2022-10-15 07:40:48
incident_datetime,2022-10-15 16:53:59
incident_datetime,2022-10-15 23:33:50
incident_datetime,2022-10-16 00:47:56
incident_datetime,2022-10-17 02:32:40
incident_datetime,2022-10-17 11:09:54
incident_datetime,2022-10-17 12:33:47
incident_datetime,2022-10-18 04:49:19
incident_datetime,2022-10-18 07:53:12
incident_datetime,2022-10-18 12:44:43
incident_datetime,2022-10-19 03:36:39
incident_datetime,2022-10-19 08:36:11
incident_datetime,2022-10-20 03:47:10
incident_datetime,2022-10-20 08:44:18
incident_datetime,2022-10-21 00:18:17
incident_datetime,2022-10-21 01:28:07
incident_datetime,2022-10-21 13:50:09
incident_datetime,2022-10-22 08:59:23
incident_datetime,2022-10-22 23:41:16
incident_datetime,2022-10-23 13:06:28
incident_datetime,2022-10-25 04:17:31
incident_datetime,2022-10-25 11:31:06
incident_datetime,2022-10-25 18:30:32
incident_datetime,2022-10-26 02:56:49
incident_datetime,2022-10-26 07:10:34
incident_datetime,2022-10-26 12:38:12
incident_datetime,2022-10-28 09:21:10
incident_datetime,2022-10-29 02:12:22
incident_datetime,2022-10-31 14:18:22
incident_datetime,2022-10-31 20:30:37
incident_datetime,2022-11-01 03:24:30
incident_datetime,2022-11-01 07:16:16
incident_datetime,2022-11-01 11:15:53
incident_datetime,2022-11-01 17:30:01
incident_datetime,2022-11-02 15:25:07
incident_datetime,2022-11-02 22:32:49
incident_datetime,2022-11-03 06:41:00
incident_datetime,2022-11-04 01:44:41
incident_datetime,2022-11-04 02:51:43
incident_datetime,2022-11-04 06:37:02
incident_datetime,2022-11-04 13:08:39
incident_datetime,2022-11-04 20:39:07
incident_datetime,2022-11-07 15:16:30
incident_datetime,2022-11-07 17:55:07
incident_datetime,2022-11-08 02:37:04
incident_datetime,2022-11-08 02:41:20
incident_datetime,2022-11-08 02:52:41
incident_datetime,2022-11-08 11:32:45
incident_datetime,2022-11-08 12:45:55
incident_datetime,2022-11-08 21:06:58
incident_datetime,2022-11-10 07:12:05
incident_datetime,2022-11-10 22:28:02
incident_datetime,2022-11-12 22:04:32
incident_datetime,2022-11-13 15:56:54
incident_datetime,2022-11-13 16:08:30
incident_datetime,2022-11-14 06:15:14
incident_datetime,2022-11-14 08:54:10
incident_datetime,2022-11-14 09:01:23
incident_datetime,2022-11-16 07:42:30
incident_datetime,2022-11-16 15:37:38
incident_datetime,2022-11-17 15:09:20
incident_datetime,2022-11-18 17:11:51
incident_datetime,2022-11-19 23:19:44
incident_datetime,2022-11-20 11:03:37
incident_datetime,2022-11-21 18:48:52
incident_datetime,2022-11-22 12:33:54
incident_datetime,2022-11-23 03:19:08
incident_datetime,2022-11-23 20:29:53
incident_datetime,2022-11-24 04:56:54
incident_datetime,2022-11-24 09:05:14
incident_datetime,2022-11-24 13:32:50
incident_datetime,2022-11-25 03:32:30
incident_datetime,2022-11-25 06:14:58
incident_datetime,2022-11-25 13:51:20
incident_datetime,2022-11-26 03:56:17
incident_datetime,2022-11-26 07:30:14
incident_datetime,2022-11-26 21:04:42
incident_datetime,2022-11-27 00:40:38
incident_datetime,2022-11-27 10:44:56
incident_datetime,2022-11-27 15:16:23
incident_datetime,2022-11-28 02:25:21
incident_datetime,2022-11-28 06:55:00
incident_datetime,2022-11-28 07:14:22
incident_datetime,2022-11-28 21:34:02
incident_datetime,2022-11-30 15:52:45
incident_datetime,2022-12-01 06:16:39
incident_datetime,2022-12-01 16:27:45
incident_datetime,2022-12-02 01:23:43
incident_datetime,2022-12-02 07:25:30
incident_datetime,2022-12-02 23:24:55
incident_datetime,2022-12-03 05:41:25
incident_datetime,2022-12-03 06:00:24
incident_datetime,2022-12-04 04:56:13
incident_datetime,2022-12-05 00:03:49
incident_datetime,2022-12-05 06:38:41
incident_datetime,2022-12-05 10:29:46
incident_datetime,2022-12-06 07:31:38
incident_datetime,2022-12-06 19:47:02
incident_datetime,2022-12-06 21:20:38
incident_datetime,2022-12-07 07:09:25
incident_datetime,2022-12-07 16:21:20
incident_datetime,2022-12-07 20:03:42
incident_datetime,2022-12-08 21:52:03
incident_datetime,2022-12-09 10:20:56
incident_datetime,2022-12-09 13:43:53
incident_datetime,2022-12-09 23:17:23
incident_datetime,2022-12-10 02:46:59
incident_datetime,2022-12-10 05:47:59
incident_datetime,2022-12-10 09:33:41
incident_datetime,2022-12-10 20:15:12
incident_datetime,2022-12-10 20:54:18
incident_datetime,2022-12-10 22:19:31
incident_datetime,2022-12-12 03:54:23
incident_datetime,2022-12-12 09:50:34
incident_datetime,2022-12-12 18:54:41
incident_datetime,2022-12-12 20:26:18
incident_datetime,2022-12-13 01:06:36
incident_datetime,2022-12-13 16:49:02
incident_datetime,2022-12-13 20:28:41
incident_datetime,2022-12-14 02:06:55
incident_datetime,2022-12-14 07:00:39
incident_datetime,2022-12-15 00:38:34
incident_datetime,2022-12-15 01:47:40
incident_datetime,2022-12-15 04:11:41
incident_datetime,2022-12-17 02:57:41
incident_datetime,2022-12-17 13:50:39
incident_datetime,2022-12-18 08:02:42
incident_datetime,2022-12-18 12:53:23
incident_datetime,2022-12-19 19:12:28
incident_datetime,2022-12-20 02:49:27
incident_datetime,2022-12-20 18:55:46
incident_datetime,2022-12-20 23:23:49
incident_datetime,2022-12-21 14:24:49
incident_datetime,2022-12-21 23:08:27
incident_datetime,2022-12-22 01:48:07
incident_datetime,2022-12-23 01:04:50
incident_datetime,2022-12-23 15:32:23
incident_datetime,2022-12-24 15:22:31
incident_datetime,2022-12-25 08:10:10
incident_datetime,2022-12-25 09:28:04
incident_datetime,2022-12-26 08:33:51
incident_datetime,2022-12-26 18:44:49
incident_datetime,2022-12-26 19:55:16
incident_datetime,2022-12-27 08:22:02
incident_datetime,2022-12-27 23:24:31
incident_datetime,2022-12-28 13:45:33
incident_datetime,2022-12-28 17:15:12
incident_datetime,2022-12-29 12:55:45
incident_datetime,2022-12-30 10:58:38
incident_datetime,2022-12-30 22:09:09
incident_datetime,2022-12-31 05:21:26
incident_datetime,2022-12-31 17:06:00
incident_datetime,2023-01-01 06:01:23
incident_datetime,2023-01-02 17:18:18
incident_datetime,2023-01-02 23:38:35
incident_datetime,2023-01-04 11:07:21
incident_datetime,2023-01-04 23:10:44
incident_datetime,2023-01-07 00:22:49
incident_datetime,2023-01-07 09:29:56
incident_datetime,2023-01-07 11:45:49
incident_datetime,2023-01-07 16:22:36
incident_datetime,2023-01-08 13:59:43
incident_datetime,2023-01-09 02:03:57
incident_datetime,2023-01-10 17:15:22
incident_datetime,2023-01-11 19:50:05
incident_datetime,2023-01-11 21:06:46
incident_datetime,2023-01-13 01:21:21
incident_datetime,2023-01-13 07:36:21
incident_datetime,2023-01-13 19:05:44
incident_datetime,2023-01-15 06:28:22
incident_datetime,2023-01-17 09:22:23
incident_datetime,2023-01-17 22:27:14
incident_datetime,2023-01-18 08:58:28
incident_datetime,2023-01-18 22:43:04
incident_datetime,2023-01-18 22:47:47
incident_datetime,2023-01-19 09:42:37
incident_datetime,2023-01-20 12:59:39
incident_datetime,2023-01-21 09:01:02
incident_datetime,2023-01-21 12:57:58
incident_datetime,2023-01-24 05:50:55
incident_datetime,2023-01-24 06:37:57
incident_datetime,2023-01-25 04:01:06
incident_datetime,2023-01-25 20:45:13
incident_datetime,2023-01-25 22:30:43
incident_datetime,2023-01-28 14:32:26
incident_datetime,2023-01-29 03:52:04
incident_datetime,2023-01-29 07:35:32
incident_datetime,2023-01-30 03:31:12
incident_datetime,2023-01-30 13:28:17
incident_datetime,2023-01-31 00:23:24
incident_datetime,2023-02-01 21:56:54
incident_datetime,2023-02-02 00:25:50
incident_datetime,2023-02-02 00:46:59
incident_datetime,2023-02-02 08:22:37
incident_datetime,2023-02-02 21:07:46
incident_datetime,2023-02-03 04:09:53
incident_datetime,2023-02-04 02:03:55
incident_datetime,2023-02-05 01:24:45
incident_datetime,2023-02-07 19:41:26
incident_datetime,2023-02-08 20:00:30
incident_datetime,2023-02-09 00:11:17
incident_datetime,2023-02-09 04:53:50
incident_datetime,2023-02-09 14:46:31
incident_datetime,2023-02-09 17:51:17
incident_datetime,2023-02-11 07:45:23
incident_datetime,2023-02-13 13:42:58
incident_datetime,2023-02-13 17:20:52
incident_datetime,2023-02-14 04:10:39
incident_datetime,2023-02-15 05:00:33
incident_datetime,2023-02-15 05:45:47
incident_datetime,2023-02-15 17:38:40
incident_datetime,2023-02-15 18:48:45
incident_datetime,2023-02-16 04:25:30
incident_datetime,2023-02-16 07:08:39
incident_datetime,2023-02-17 21:10:23
incident_datetime,2023-02-18 13:10:10
incident_datetime,2023-02-19 10:53:36
incident_datetime,2023-02-20 02:35:01
incident_datetime,2023-02-21 03:49:19
incident_datetime,2023-02-21 11:15:06
incident_datetime,2023-02-21 17:34:06
incident_datetime,2023-02-22 06:22:11
incident_datetime,2023-02-22 06:48:48
incident_datetime,2023-02-22 12:07:41
incident_datetime,2023-02-23 07:18:16
incident_datetime,2023-02-23 23:35:27
incident_datetime,2023-02-24 20:14:31
incident_datetime,2023-02-25 00:29:09
incident_datetime,2023-02-25 05:34:27
incident_datetime,2023-02-25 05:49:29
incident_datetime,2023-02-25 14:12:59
incident_datetime,2023-02-25 23:17:54
incident_datetime,2023-02-27 07:05:31
incident_datetime,2023-03-04 09:16:17
incident_datetime,2023-03-04 20:22:21
incident_datetime,2023-03-07 04:36:28
incident_datetime,2023-03-07 15:07:51
incident_datetime,2023-03-08 13:12:04
incident_datetime,2023-03-08 14:22:40
incident_datetime,2023-03-09 06:57:31
incident_datetime,2023-03-09 16:49:23
incident_datetime,2023-03-09 18:57:04
incident_datetime,2023-03-09 20:01:06
incident_datetime,2023-03-10 08:06:44
incident_datetime,2023-03-10 09:42:18
incident_datetime,2023-03-10 10:35:55
incident_datetime,2023-03-10 19:27:32
incident_datetime,2023-03-11 08:08:08
incident_datetime,2023-03-12 05:59:41
incident_datetime,2023-03-12 06:12:42
incident_datetime,2023-03-12 07:25:38
incident_datetime,2023-03-13 04:45:18
incident_datetime,2023-03-13 20:47:31
incident_datetime,2023-03-15 17:35:26
incident_datetime,2023-03-15 18:32:28
incident_datetime,2023-03-16 03:36:53
incident_datetime,2023-03-16 15:02:49
incident_datetime,2023-03-16 21:12:51
incident_datetime,2023-03-18 08:25:22
incident_datetime,2023-03-18 13:51:25
incident_datetime,2023-03-19 20:49:33
incident_datetime,2023-03-20 03:39:54
incident_datetime,2023-03-20 13:30:25
incident_datetime,2023-03-21 22:10:15
incident_datetime,2023-03-24 05:02:59
incident_datetime,2023-03-24 18:26:58
incident_datetime,2023-03-25 19:26:49
incident_datetime,2023-03-26 08:04:37
incident_datetime,2023-03-26 13:09:22
incident_datetime,2023-03-26 13:16:44
incident_datetime,2023-03-26 21:40:11
incident_datetime,2023-03-27 09:22:47
incident_datetime,2023-03-27 12:53:55
incident_datetime,2023-03-27 19:26:15
incident_datetime,2023-03-28 02:54:57
incident_datetime,2023-03-28 04:36:58
incident_datetime,2023-03-28 08:39:59
incident_datetime,2023-03-28 13:03:30
incident_datetime,2023-03-28 17:16:09
incident_datetime,2023-03-28 22:08:11
incident_datetime,2023-03-29 04:34:02
incident_datetime,2023-03-29 09:54:50
incident_datetime,2023-03-29 10:24:23
incident_datetime,2023-03-30 00:57:17
incident_datetime,2023-03-31 21:56:33
incident_datetime,2023-04-01 13:29:08
incident_datetime,2023-04-02 00:04:03
incident_datetime,2023-04-02 09:01:45
incident_datetime,2023-04-02 09:53:43
incident_datetime,2023-04-03 07:30:27
incident_datetime,2023-04-03 12:43:50
incident_datetime,2023-04-04 21:43:40
incident_datetime,2023-04-05 00:42:48
incident_datetime,2023-04-05 23:08:11
incident_datetime,2023-04-06 02:38:03
incident_datetime,2023-04-07 01:30:15
incident_datetime,2023-04-07 19:48:38
incident_datetime,2023-04-07 22:53:37
incident_datetime,2023-04-08 14:22:10
incident_datetime,2023-04-09 08:40:28
incident_datetime,2023-04-09 10:40:05
incident_datetime,2023-04-09 13:26:03
incident_datetime,2023-04-09 14:33:07
incident_datetime,2023-04-09 23:41:52
incident_datetime,2023-04-10 22:43:32
incident_datetime,2023-04-11 20:25:41
incident_datetime,2023-04-11 22:43:28
incident_datetime,2023-04-12 02:32:43
incident_datetime,2023-04-12 06:51:36
incident_datetime,2023-04-13 07:52:34
incident_datetime,2023-04-13 23:47:00
incident_datetime,2023-04-14 05:23:31
incident_datetime,2023-04-15 17:55:45
incident_datetime,2023-04-15 20:02:10
incident_datetime,2023-04-16 09:57:29
incident_datetime,2023-04-16 11:03:19
incident_datetime,2023-04-16 15:32:40
incident_datetime,2023-04-18 00:55:54
incident_datetime,2023-04-18 20:04:15
incident_datetime,2023-04-19 00:16:23
incident_datetime,2023-04-19 00:47:05
incident_datetime,2023-04-19 23:10:50
incident_datetime,2023-04-20 04:09:57
incident_datetime,2023-04-20 10:00:38
incident_datetime,2023-04-21 04:28:53
incident_datetime,2023-04-21 09:20:43
incident_datetime,2023-04-22 02:32:31
incident_datetime,2023-04-22 16:55:22
incident_datetime,2023-04-23 12:32:56
incident_datetime,2023-04-24 04:24:57
incident_datetime,2023-04-24 05:27:47
incident_datetime,2023-04-24 05:51:22
incident_datetime,2023-04-24 06:30:53
incident_datetime,2023-04-25 07:37:55
incident_datetime,2023-04-26 09:07:40
incident_datetime,2023-04-27 17:49:16
incident_datetime,2023-04-28 01:51:21
incident_datetime,2023-04-28 06:44:16
incident_datetime,2023-04-29 22:54:16
incident_datetime,2023-04-30 07:11:08
incident_datetime,2023-05-01 03:55:15
incident_datetime,2023-05-01 20:39:29
incident_datetime,2023-05-02 07:19:02
incident_datetime,2023-05-02 08:18:58
incident_datetime,2023-05-03 00:40:45
incident_datetime,2023-05-03 05:23:51
incident_datetime,2023-05-04 03:30:59
incident_datetime,2023-05-04 19:21:07
incident_datetime,2023-05-04 21:55:02
incident_datetime,2023-05-06 09:51:32
incident_datetime,2023-05-06 19:21:13
incident_datetime,2023-05-06 22:52:50
incident_datetime,2023-05-07 21:02:13
incident_datetime,2023-05-09 07:26:48
incident_datetime,2023-05-09 16:59:34
incident_datetime,2023-05-11 02:21:44
incident_datetime,2023-05-11 18:18:14
incident_datetime,2023-05-12 03:21:36
incident_datetime,2023-05-13 15:23:55
incident_datetime,2023-05-14 06:59:24
incident_datetime,2023-05-14 14:52:19
incident_datetime,2023-05-15 04:21:42
incident_datetime,2023-05-15 05:32:58
incident_datetime,2023-05-15 12:44:15
incident_datetime,2023-05-17 09:57:20
incident_datetime,2023-05-18 02:42:38
incident_datetime,2023-05-18 06:27:40
incident_datetime,2023-05-18 21:03:07
incident_datetime,2023-05-19 05:33:18
incident_datetime,2023-05-21 05:37:02
incident_datetime,2023-05-21 14:29:34
incident_datetime,2023-05-23 09:48:51
incident_datetime,2023-05-24 01:44:15
incident_datetime,2023-05-24 04:30:53
incident_datetime,2023-05-24 07:31:01
incident_datetime,2023-05-24 11:13:03
incident_datetime,2023-05-24 19:37:10
incident_datetime,2023-05-26 05:03:31
incident_datetime,2023-05-26 16:17:03
incident_datetime,2023-05-26 17:21:13
incident_datetime,2023-05-27 11:48:58
incident_datetime,2023-05-28 05:34:09
incident_datetime,2023-05-28 10:48:39
incident_datetime,2023-05-28 12:56:39
incident_datetime,2023-05-28 18:23:31
incident_datetime,2023-05-29 06:09:13
incident_datetime,2023-05-30 15:14:31
incident_datetime,2023-05-30 15:46:44
incident_datetime,2023-05-31 11:24:21
incident_datetime,2023-06-01 03:44:07
incident_datetime,2023-06-01 05:51:22
incident_datetime,2023-06-01 09:45:12
incident_datetime,2023-06-02 07:10:36
incident_datetime,2023-06-04 05:18:30
incident_datetime,2023-06-04 10:37:11
incident_datetime,2023-06-04 20:54:27
incident_datetime,2023-06-05 03:28:58
incident_datetime,2023-06-05 08:01:35
incident_datetime,2023-06-05 14:07:26
incident_datetime,2023-06-06 10:57:52
incident_datetime,2023-06-06 11:02:50
incident_datetime,2023-06-06 11:17:23
incident_datetime,2023-06-07 23:14:47
incident_datetime,2023-06-08 14:55:37
incident_datetime,2023-06-09 06:38:13
incident_datetime,2023-06-10 12:42:54
incident_datetime,2023-06-10 19:57:56
incident_datetime,2023-06-11 01:28:37
incident_datetime,2023-06-11 06:36:58
incident_datetime,2023-06-12 12:53:12
incident_datetime,2023-06-13 11:24:35
incident_datetime,2023-06-13 19:21:07
incident_datetime,2023-06-13 23:42:46
incident_datetime,2023-06-14 08:19:35
incident_datetime,2023-06-15 06:41:54
incident_datetime,2023-06-16 15:43:20
incident_datetime,2023-06-16 17:16:42
incident_datetime,2023-06-17 00:19:04
incident_datetime,2023-06-17 17:55:58
incident_datetime,2023-06-17 19:04:55
incident_datetime,2023-06-19 09:00:01
incident_datetime,2023-06-19 15:11:09
incident_datetime,2023-06-19 17:21:30
incident_datetime,2023-06-20 00:43:12
incident_datetime,2023-06-20 16:34:15
incident_datetime,2023-06-21 11:51:56
incident_datetime,2023-06-22 02:52:14
incident_datetime,2023-06-22 09:58:09
incident_datetime,2023-06-23 04:09:19
incident_datetime,2023-06-23 06:43:12
incident_datetime,2023-06-23 09:12:27
incident_datetime,2023-06-23 13:05:21
incident_datetime,2023-06-24 13:49:08
incident_datetime,2023-06-25 13:03:51
incident_datetime,2023-06-25 15:01:39
incident_datetime,2023-06-25 15:48:56
incident_datetime,2023-06-27 11:35:00
incident_datetime,2023-06-27 20:48:16
incident_datetime,2023-06-28 04:16:03
incident_datetime,2023-06-28 06:00:28
incident_datetime,2023-06-28 07:34:28
incident_datetime,2023-06-28 08:40:41
incident_datetime,2023-06-28 17:03:12
incident_datetime,2023-06-30 13:10:47
incident_datetime,2023-07-01 06:34:17
incident_datetime,2023-07-01 06:48:00
incident_datetime,2023-07-02 00:59:09
incident_datetime,2023-07-02 18:42:44
incident_datetime,2023-07-02 22:18:26
incident_datetime,2023-07-03 06:01:23
incident_datetime,2023-07-03 14:55:45
incident_datetime,2023-07-04 11:07:33
incident_datetime,2023-07-04 23:45:55
incident_datetime,2023-07-05 10:06:06
incident_datetime,2023-07-05 13:56:12
incident_datetime,2023-07-05 21:31:44
incident_datetime,2023-07-06 08:01:39
incident_datetime,2023-07-06 09:01:28
incident_datetime,2023-07-06 17:42:57
incident_datetime,2023-07-09 08:25:19
incident_datetime,2023-07-09 10:35:24
incident_datetime,2023-07-09 13:52:59
incident_datetime,2023-07-10 00:14:31
incident_datetime,2023-07-10 09:05:11
incident_datetime,2023-07-11 08:49:02
incident_datetime,2023-07-11 10:36:57
incident_datetime,2023-07-11 19:47:58
incident_datetime,2023-07-12 00:51:03
incident_datetime,2023-07-12 12:37:39
incident_datetime,2023-07-12 20:04:22
incident_datetime,2023-07-12 22:01:15
incident_datetime,2023-07-13 13:12:24
incident_datetime,2023-07-13 17:04:37
incident_datetime,2023-07-13 17:42:33
incident_datetime,2023-07-13 18:32:31
incident_datetime,2023-07-13 19:48:52
incident_datetime,2023-07-14 12:40:21
incident_datetime,2023-07-14 13:19:09
incident_datetime,2023-07-14 15:33:07
incident_datetime,2023-07-15 15:38:00
incident_datetime,2023-07-16 09:10:12
incident_datetime,2023-07-16 16:30:48
incident_datetime,2023-07-17 21:35:49
incident_datetime,2023-07-18 01:53:13
incident_datetime,2023-07-18 11:03:21
incident_datetime,2023-07-19 16:21:28
incident_datetime,2023-07-19 19:45:18
incident_datetime,2023-07-20 18:08:15
incident_datetime,2023-07-21 02:44:43
incident_datetime,2023-07-24 19:21:51
incident_datetime,2023-07-24 23:50:18
incident_datetime,2023-07-25 21:14:07
incident_datetime,2023-07-26 08:04:28
incident_datetime,2023-07-26 21:31:12
incident_datetime,2023-07-27 05:51:41
incident_datetime,2023-07-27 18:29:46
incident_datetime,2023-07-27 19:12:25
incident_datetime,2023-07-28 17:00:19
incident_datetime,2023-07-29 02:06:12
incident_datetime,2023-07-29 14:26:40
incident_datetime,2023-07-29 16:10:12
incident_datetime,2023-07-30 06:38:29
incident_datetime,2023-07-30 06:54:04
incident_datetime,2023-07-30 09:05:34
incident_datetime,2023-07-30 12:45:15
incident_datetime,2023-07-31 00:42:25
incident_datetime,2023-07-31 14:16:02
incident_datetime,2023-08-02 20:57:54
incident_datetime,2023-08-04 00:27:25
incident_datetime,2023-08-04 09:50:31
incident_datetime,2023-08-05 04:09:34
incident_datetime,2023-08-05 10:01:40
incident_datetime,2023-08-06 06:38:32
incident_datetime,2023-08-06 11:37:43
incident_datetime,2023-08-06 13:49:31
incident_datetime,2023-08-06 20:45:38
incident_datetime,2023-08-07 00:58:09
incident_datetime,2023-08-07 02:02:44
incident_datetime,2023-08-07 14:55:50
incident_datetime,2023-08-08 01:48:14
incident_datetime,2023-08-09 10:16:19
incident_datetime,2023-08-09 18:23:19
incident_datetime,2023-08-10 03:06:34
incident_datetime,2023-08-10 06:28:15
incident_datetime,2023-08-10 07:39:53
incident_datetime,2023-08-10 13:03:23
incident_datetime,2023-08-11 02:43:00
incident_datetime,2023-08-11 06:13:38
incident_datetime,2023-08-12 02:09:20
incident_datetime,2023-08-12 19:21:59
incident_datetime,2023-08-13 15:44:46
incident_datetime,2023-08-13 16:07:36
incident_datetime,2023-08-13 22:23:38
incident_datetime,2023-08-16 05:15:32
incident_datetime,2023-08-16 10:55:03
incident_datetime,2023-08-17 12:25:45
incident_datetime,2023-08-17 13:15:02
incident_datetime,2023-08-17 13:24:54
incident_datetime,2023-08-19 09:26:33
incident_datetime,2023-08-20 01:14:59
incident_datetime,2023-08-21 19:35:56
incident_datetime,2023-08-22 05:23:34
incident_datetime,2023-08-22 09:03:16
incident_datetime,2023-08-22 14:39:24
incident_datetime,2023-08-22 15:32:51
incident_datetime,2023-08-22 19:40:49
incident_datetime,2023-08-22 19:54:37
incident_datetime,2023-08-23 04:54:37
incident_datetime,2023-08-23 14:52:36
incident_datetime,2023-08-24 01:50:52
incident_datetime,2023-08-24 19:27:30
incident_datetime,2023-08-25 22:57:42
incident_datetime,2023-08-26 02:50:31
incident_datetime,2023-08-26 18:34:35
incident_datetime,2023-08-27 16:39:19
incident_datetime,2023-08-27 18:02:59
incident_datetime,2023-08-28 23:06:13
incident_datetime,2023-08-29 08:05:45
incident_datetime,2023-08-29 10:33:19
incident_datetime,2023-08-30 09:04:41
incident_datetime,2023-08-30 09:20:45
incident_datetime,2023-08-30 17:31:02
incident_datetime,2023-08-31 04:43:39
incident_datetime,2023-08-31 11:07:36
incident_datetime,2023-09-02 22:26:13
incident_datetime,2023-09-04 15:05:14
incident_datetime,2023-09-05 10:49:15
incident_datetime,2023-09-07 20:52:56
incident_datetime,2023-09-08 00:05:17
incident_datetime,2023-09-08 03:41:57
incident_datetime,2023-09-09 10:22:23
incident_datetime,2023-09-10 07:19:18
incident_datetime,2023-09-12 01:37:57
incident_datetime,2023-09-13 00:36:43
incident_datetime,2023-09-14 21:53:45
incident_datetime,2023-09-15 06:02:10
incident_datetime,2023-09-16 05:53:21
incident_datetime,2023-09-16 09:47:03
incident_datetime,2023-09-17 08:03:05
incident_datetime,2023-09-17 19:50:17
incident_datetime,2023-09-18 02:54:17
incident_datetime,2023-09-18 16:57:52
incident_datetime,2023-09-18 23:44:12
incident_datetime,2023-09-19 18:42:26
incident_datetime,2023-09-20 03:18:33
incident_datetime,2023-09-20 05:57:55
incident_datetime,2023-09-20 09:38:22
incident_datetime,2023-09-20 13:28:10
incident_datetime,2023-09-20 14:00:09
incident_datetime,2023-09-20 23:41:49
incident_datetime,2023-09-21 15:00:13
incident_datetime,2023-09-22 05:47:30
incident_datetime,2023-09-23 14:47:18
incident_datetime,2023-09-25 10:18:52
incident_datetime,2023-09-25 18:05:43
incident_datetime,2023-09-25 21:00:17
incident_datetime,2023-09-26 07:53:13
incident_datetime,2023-09-28 06:19:48
incident_datetime,2023-09-28 10:01:41
incident_datetime,2023-09-29 01:30:02
incident_datetime,2023-09-29 05:48:02
incident_datetime,2023-09-29 13:45:21
incident_datetime,2023-09-29 16:50:39
incident_datetime,2023-09-30 14:49:01
incident_datetime,2023-10-01 03:40:07
incident_datetime,2023-10-01 04:07:37
incident_datetime,2023-10-01 17:05:10
incident_datetime,2023-10-02 00:47:50
incident_datetime,2023-10-02 03:51:40
incident_datetime,2023-10-02 04:07:14
incident_datetime,2023-10-03 05:31:01
incident_datetime,2023-10-03 07:03:51
incident_datetime,2023-10-03 14:53:24
incident_datetime,2023-10-03 22:04:31
incident_datetime,2023-10-04 08:23:43
incident_datetime,2023-10-04 12:19:14
incident_datetime,2023-10-05 04:11:41
incident_datetime,2023-10-06 12:44:42
incident_datetime,2023-10-08 04:34:05
incident_datetime,2023-10-08 09:04:19
incident_datetime,2023-10-08 19:13:35
incident_datetime,2023-10-09 22:14:20
incident_datetime,2023-10-10 08:56:22
incident_datetime,2023-10-11 15:51:09
incident_datetime,2023-10-12 00:29:21
incident_datetime,2023-10-12 01:29:38
incident_datetime,2023-10-12 03:20:47
incident_datetime,2023-10-12 11:50:23
incident_datetime,2023-10-13 04:21:11
incident_datetime,2023-10-13 15:01:11
incident_datetime,2023-10-13 18:53:07
incident_datetime,2023-10-13 20:07:41
incident_datetime,2023-10-13 21:41:25
incident_datetime,2023-10-14 10:14:01
incident_datetime,2023-10-15 10:59:22
incident_datetime,2023-10-16 03:47:08
incident_datetime,2023-10-16 09:48:36
incident_datetime,2023-10-16 15:43:13
incident_datetime,2023-10-17 09:13:51
incident_datetime,2023-10-18 02:54:56
incident_datetime,2023-10-19 01:40:03
incident_datetime,2023-10-20 22:52:55
incident_datetime,2023-10-21 01:50:12
incident_datetime,2023-10-21 14:01:34
incident_datetime,2023-10-22 15:02:01
incident_datetime,2023-10-23 15:50:31
incident_datetime,2023-10-23 16:16:12
incident_datetime,2023-10-23 17:49:28
incident_datetime,2023-10-25 00:01:38
incident_datetime,2023-10-25 09:33:26
incident_datetime,2023-10-26 13:42:55
incident_datetime,2023-10-26 22:21:41
incident_datetime,2023-10-27 23:10:42
incident_datetime,2023-10-28 09:37:42
incident_datetime,2023-10-28 12:00:26
incident_datetime,2023-10-28 14:38:48
incident_datetime,2023-10-29 04:19:04
incident_datetime,2023-10-29 04:47:20
incident_datetime,2023-10-29 07:46:42
incident_datetime,2023-10-29 21:54:16
incident_datetime,2023-10-30 06:54:58
incident_datetime,2023-10-31 02:27:31
incident_datetime,2023-10-31 11:18:12
incident_datetime,2023-11-01 09:12:40
incident_datetime,2023-11-02 00:40:50
incident_datetime,2023-11-02 03:34:50
incident_datetime,2023-11-02 06:16:00
incident_datetime,2023-11-03 00:58:54
incident_datetime,2023-11-03 10:12:16
incident_datetime,2023-11-03 22:29:57
incident_datetime,2023-11-03 23:25:51
incident_datetime,2023-11-04 16:17:31
incident_datetime,2023-11-04 16:52:34
incident_datetime,2023-11-05 07:41:30
incident_datetime,2023-11-07 03:51:35
incident_datetime,2023-11-07 04:21:48
incident_datetime,2023-11-07 07:05:26
incident_datetime,2023-11-07 11:58:28
incident_datetime,2023-11-08 09:28:54
incident_datetime,2023-11-08 13:07:49
incident_datetime,2023-11-09 16:01:26
incident_datetime,2023-11-10 01:42:10
incident_datetime,2023-11-10 09:07:54
incident_datetime,2023-11-11 04:40:25
incident_datetime,2023-11-11 13:40:02
incident_datetime,2023-11-11 21:12:00
incident_datetime,2023-11-12 04:35:25
incident_datetime,2023-11-12 12:21:03
incident_datetime,2023-11-12 15:15:44
incident_datetime,2023-11-13 09:30:23
incident_datetime,2023-11-13 13:55:09
incident_datetime,2023-11-14 01:04:24
incident_datetime,2023-11-16 18:36:29
incident_datetime,2023-11-18 05:53:08
incident_datetime,2023-11-21 01:49:25
incident_datetime,2023-11-21 09:26:06
incident_datetime,2023-11-21 22:43:04
incident_datetime,2023-11-22 08:01:40
incident_datetime,2023-11-22 16:23:47
incident_datetime,2023-11-23 01:55:52
incident_datetime,2023-11-23 15:18:49
incident_datetime,2023-11-24 04:16:59
incident_datetime,2023-11-24 20:27:20
incident_datetime,2023-11-26 03:34:04
incident_datetime,2023-11-26 10:13:31
incident_datetime,2023-11-26 16:27:41
incident_datetime,2023-11-27 12:33:40
incident_datetime,2023-11-28 11:49:08
incident_datetime,2023-11-28 19:00:13
incident_datetime,2023-11-29 09:13:32
incident_datetime,2023-11-30 01:32:38
incident_datetime,2023-11-30 07:07:25
incident_datetime,2023-11-30 14:00:40
incident_datetime,2023-12-01 20:04:40
incident_datetime,2023-12-02 00:34:49
incident_datetime,2023-12-02 02:30:19
incident_datetime,2023-12-02 04:27:23
incident_datetime,2023-12-04 01:27:24
incident_datetime,2023-12-04 09:23:41
incident_datetime,2023-12-04 22:30:42
incident_datetime,2023-12-05 22:09:54
incident_datetime,2023-12-07 02:10:24
incident_datetime,2023-12-07 04:44:16
incident_datetime,2023-12-07 13:09:16
incident_datetime,2023-12-08 06:46:14
incident_datetime,2023-12-08 09:25:09
incident_datetime,2023-12-09 15:31:26
incident_datetime,2023-12-09 22:41:26
incident_datetime,2023-12-11 04:00:14
incident_datetime,2023-12-11 10:10:51
incident_datetime,2023-12-11 12:35:08
incident_datetime,2023-12-12 08:57:41
incident_datetime,2023-12-12 21:52:48
incident_datetime,2023-12-14 05:23:55
incident_datetime,2023-12-15 09:58:46
incident_datetime,2023-12-15 12:18:52
incident_datetime,2023-12-15 18:26:30
incident_datetime,2023-12-15 19:19:28
incident_datetime,2023-12-15 21:17:26
incident_datetime,2023-12-16 15:31:50
incident_datetime,2023-12-17 01:20:22
incident_datetime,2023-12-17 17:35:38
incident_datetime,2023-12-17 17:46:31
incident_datetime,2023-12-17 20:49:56
incident_datetime,2023-12-19 03:51:41
incident_datetime,2023-12-20 04:48:22
incident_datetime,2023-12-20 10:02:28
incident_datetime,2023-12-20 19:12:11
incident_datetime,2023-12-21 00:51:23
incident_datetime,2023-12-22 12:15:32
incident_datetime,2023-12-24 10:00:35
incident_datetime,2023-12-24 20:56:47
incident_datetime,2023-12-28 01:22:32
incident_datetime,2023-12-28 08:40:45
incident_datetime,2023-12-28 11:59:02
incident_datetime,2023-12-28 13:16:23
incident_datetime,2023-12-28 23:28:23
incident_datetime,2023-12-30 04:23:20
incident_datetime,2023-12-31 05:30:38
incident_datetime,2024-01-01 11:28:28
incident_datetime,2024-01-01 22:29:52
incident_datetime,2024-01-02 16:48:48
incident_datetime,2024-01-03 06:46:16
incident_datetime,2024-01-03 20:02:05
incident_datetime,2024-01-04 19:18:41
incident_datetime,2024-01-05 07:18:12
incident_datetime,2024-01-06 16:30:04
incident_datetime,2024-01-07 09:20:53
incident_datetime,2024-01-08 02:27:25
incident_datetime,2024-01-08 23:42:08
incident_datetime,2024-01-09 06:49:40
incident_datetime,2024-01-09 15:57:36
incident_datetime,2024-01-11 09:03:10
incident_datetime,2024-01-13 02:58:15
incident_datetime,2024-01-13 03:32:21
incident_datetime,2024-01-14 00:43:13
incident_datetime,2024-01-14 01:46:47
incident_datetime,2024-01-14 19:19:20
incident_datetime,2024-01-15 01:03:50
incident_datetime,2024-01-15 18:24:13
incident_datetime,2024-01-16 18:09:57
incident_datetime,2024-01-16 20:46:36
incident_datetime,2024-01-17 02:32:45
incident_datetime,2024-01-17 02:59:53
incident_datetime,2024-01-17 03:53:35
incident_datetime,2024-01-17 23:27:52
incident_datetime,2024-01-18 03:41:22
incident_datetime,2024-01-18 07:36:14
incident_datetime,2024-01-18 11:51:32
incident_datetime,2024-01-20 00:35:49
incident_datetime,2024-01-21 05:13:08
incident_datetime,2024-01-23 04:01:46
incident_datetime,2024-01-23 10:10:34
incident_datetime,2024-01-25 03:32:29
incident_datetime,2024-01-25 20:40:26
incident_datetime,2024-01-25 21:44:11
incident_datetime,2024-01-25 22:09:02
incident_datetime,2024-01-26 02:16:21
incident_datetime,2024-01-26 03:06:13
incident_datetime,2024-01-26 08:30:06
incident_datetime,2024-01-26 09:35:20
incident_datetime,2024-01-26 11:00:56
incident_datetime,2024-01-26 14:12:34
incident_datetime,2024-01-27 23:36:16
incident_datetime,2024-01-28 08:29:57
incident_datetime,2024-01-29 00:05:23
incident_datetime,2024-01-29 18:13:58
incident_datetime,2024-01-29 22:12:28
incident_datetime,2024-01-30 03:18:48
incident_datetime,2024-01-30 07:16:00
incident_datetime,2024-01-31 01:06:31
incident_datetime,2024-02-01 12:50:16
incident_datetime,2024-02-01 15:43:57
incident_datetime,2024-02-01 17:47:04
incident_datetime,2024-02-02 11:19:47
incident_datetime,2024-02-02 14:35:46
incident_datetime,2024-02-03 08:18:24
incident_datetime,2024-02-03 19:14:23
incident_datetime,2024-02-03 21:32:01
incident_datetime,2024-02-05 04:02:45
incident_datetime,2024-02-05 15:43:35
incident_datetime,2024-02-05 17:11:19
incident_datetime,2024-02-05 18:38:43
incident_datetime,2024-02-06 04:10:52
incident_datetime,2024-02-06 10:53:07
incident_datetime,2024-02-06 21:07:06
incident_datetime,2024-02-07 02:48:41
incident_datetime,2024-02-07 06:47:59
incident_datetime,2024-02-07 11:37:50
incident_datetime,2024-02-08 00:24:27
incident_datetime,2024-02-08 04:18:49
incident_datetime,2024-02-10 00:44:53
incident_datetime,2024-02-10 01:12:41
incident_datetime,2024-02-10 21:53:38
incident_datetime,2024-02-11 17:34:01
incident_datetime,2024-02-12 10:44:33
incident_datetime,2024-02-12 17:33:50
incident_datetime,2024-02-13 19:09:32
incident_datetime,2024-02-14 05:29:09
incident_datetime,2024-02-14 23:11:41
incident_datetime,2024-02-14 23:44:04
incident_datetime,2024-02-15 00:52:11
incident_datetime,2024-02-15 08:46:10
incident_datetime,2024-02-15 15:16:37
incident_datetime,2024-02-16 05:43:56
incident_datetime,2024-02-16 08:48:12
incident_datetime,2024-02-16 12:46:49
incident_datetime,2024-02-17 09:24:18
incident_datetime,2024-02-17 16:17:59
incident_datetime,2024-02-18 13:47:47
incident_datetime,2024-02-19 12:44:28
incident_datetime,2024-02-20 05:47:41
incident_datetime,2024-02-20 08:49:52
incident_datetime,2024-02-20 12:44:12
incident_datetime,2024-02-20 21:56:43
incident_datetime,2024-02-21 05:44:30
incident_datetime,2024-02-21 07:52:34
incident_datetime,2024-02-21 10:13:02
incident_datetime,2024-02-22 12:10:44
incident_datetime,2024-02-22 21:37:04
incident_datetime,2024-02-23 22:09:09
incident_datetime,2024-02-24 12:22:20
incident_datetime,2024-02-24 14:44:58
incident_datetime,2024-02-26 06:53:20
incident_datetime,2024-02-26 09:23:51
incident_datetime,2024-02-26 11:48:04
incident_datetime,2024-02-27 05:09:19
incident_datetime,2024-02-28 01:33:14
incident_datetime,2024-02-28 05:06:42
incident_datetime,2024-02-28 14:31:46
incident_datetime,2024-02-29 09:38:37
incident_datetime,2024-03-01 00:57:26
incident_datetime,2024-03-01 04:58:24
incident_datetime,2024-03-01 07:25:16
incident_datetime,2024-03-01 07:54:28
incident_datetime,2024-03-01 22:19:03
incident_datetime,2024-03-03 06:37:05
incident_datetime,2024-03-03 15:05:24
incident_datetime,2024-03-04 03:02:59
incident_datetime,2024-03-04 03:09:12
incident_datetime,2024-03-04 08:42:26
incident_datetime,2024-03-04 18:56:39
incident_datetime,2024-03-05 01:35:39
incident_datetime,2024-03-07 00:06:33
incident_datetime,2024-03-07 02:26:13
incident_datetime,2024-03-07 14:13:01
incident_datetime,2024-03-07 21:39:39
incident_datetime,2024-03-08 07:16:49
incident_datetime,2024-03-08 22:12:12
incident_datetime,2024-03-09 08:57:31
incident_datetime,2024-03-09 12:10:31
incident_datetime,2024-03-09 12:12:22
incident_datetime,2024-03-10 11:57:23
incident_datetime,2024-03-10 18:51:11
incident_datetime,2024-03-11 09:18:00
incident_datetime,2024-03-11 11:43:33
incident_datetime,2024-03-12 07:06:14
incident_datetime,2024-03-12 10:18:41
incident_datetime,2024-03-12 22:20:15
incident_datetime,2024-03-13 03:54:03
incident_datetime,2024-03-13 18:51:41
incident_datetime,2024-03-14 13:42:06
incident_datetime,2024-03-15 16:14:54
incident_datetime,2024-03-15 22:54:03
incident_datetime,2024-03-16 19:51:07
incident_datetime,2024-03-17 07:34:31
incident_datetime,2024-03-17 08:46:00
incident_datetime,2024-03-17 09:20:11
incident_datetime,2024-03-17 23:24:48
incident_datetime,2024-03-18 15:17:27
incident_datetime,2024-03-19 01:38:28
incident_datetime,2024-03-19 05:26:41
incident_datetime,2024-03-20 02:14:31
incident_datetime,2024-03-20 10:30:40
incident_datetime,2024-03-21 19:04:44
incident_datetime,2024-03-21 19:27:56
incident_datetime,2024-03-23 12:31:09
incident_datetime,2024-03-23 23:34:29
incident_datetime,2024-03-24 02:19:33
incident_datetime,2024-03-25 18:11:45
incident_datetime,2024-03-26 21:58:31
incident_datetime,2024-03-27 19:09:57
incident_datetime,2024-03-27 23:11:40
incident_datetime,2024-03-28 01:21:16
incident_datetime,2024-03-28 11:24:05
incident_datetime,2024-03-29 01:26:46
incident_datetime,2024-03-30 13:07:50
incident_datetime,2024-03-30 15:19:01
incident_datetime,2024-03-31 05:36:59
incident_datetime,2024-03-31 15:49:13
incident_datetime,2024-04-01 03:32:49
incident_datetime,2024-04-01 23:10:45
incident_datetime,2024-04-02 00:21:28
incident_datetime,2024-04-02 03:09:29
incident_datetime,2024-04-02 21:54:16
incident_datetime,2024-04-03 13:21:03
incident_datetime,2024-04-03 21:14:27
incident_datetime,2024-04-04 15:47:26
incident_datetime,2024-04-05 22:45:41
incident_datetime,2024-04-06 12:56:47
incident_datetime,2024-04-06 22:29:07
incident_datetime,2024-04-08 08:23:23
incident_datetime,2024-04-08 22:12:13
incident_datetime,2024-04-09 04:35:46
incident_datetime,2024-04-09 14:30:06
incident_datetime,2024-04-09 17:38:03
incident_datetime,2024-04-10 11:58:32
incident_datetime,2024-04-10 13:46:28
incident_datetime,2024-04-10 20:26:02
incident_datetime,2024-04-11 03:01:04
incident_datetime,2024-04-11 06:43:58
incident_datetime,2024-04-11 10:20:18
incident_datetime,2024-04-11 22:31:41
incident_datetime,2024-04-12 03:23:42
incident_datetime,2024-04-13 02:58:29
incident_datetime,2024-04-13 08:06:27
incident_datetime,2024-04-14 05:04:39
incident_datetime,2024-04-14 07:08:27
incident_datetime,2024-04-15 04:10:37
incident_datetime,2024-04-15 05:12:52
incident_datetime,2024-04-15 06:11:13
incident_datetime,2024-04-15 09:07:26
incident_datetime,2024-04-16 08:45:03
incident_datetime,2024-04-16 09:10:26
incident_datetime,2024-04-17 04:34:47
incident_datetime,2024-04-17 11:32:47
incident_datetime,2024-04-18 07:02:36
incident_datetime,2024-04-18 12:58:05
incident_datetime,2024-04-18 15:04:32
incident_datetime,2024-04-21 00:34:15
incident_datetime,2024-04-22 06:23:46
incident_datetime,2024-04-22 15:11:31
incident_datetime,2024-04-22 17:20:39
incident_datetime,2024-04-23 22:29:21
incident_datetime,2024-04-24 04:35:51
incident_datetime,2024-04-24 06:36:24
incident_datetime,2024-04-24 11:47:24
incident_datetime,2024-04-24 15:53:06
incident_datetime,2024-04-24 20:36:57
incident_datetime,2024-04-25 02:24:10
incident_datetime,2024-04-25 06:06:27
incident_datetime,2024-04-26 12:58:47
incident_datetime,2024-04-26 21:10:49
incident_datetime,2024-04-27 03:56:10
incident_datetime,2024-04-27 20:32:37
incident_datetime,2024-04-28 00:24:19
incident_datetime,2024-04-28 07:27:32
incident_datetime,2024-04-28 14:24:12
incident_datetime,2024-04-29 21:39:19
incident_datetime,2024-04-30 00:33:26
incident_datetime,2024-04-30 02:46:43
incident_datetime,2024-04-30 13:46:25
incident_datetime,2024-04-30 13:59:36
incident_datetime,2024-05-01 17:57:37
incident_datetime,2024-05-02 04:02:33
incident_datetime,2024-05-02 08:42:55
incident_datetime,2024-05-03 02:45:48
incident_datetime,2024-05-03 06:55:57
incident_datetime,2024-05-03 21:45:00
incident_datetime,2024-05-04 00:44:58
incident_datetime,2024-05-04 06:40:30
incident_datetime,2024-05-05 14:33:00
incident_datetime,2024-05-05 14:59:17
incident_datetime,2024-05-05 23:32:48
incident_datetime,2024-05-05 23:45:06
incident_datetime,2024-05-06 18:05:07
incident_datetime,2024-05-07 06:19:50
incident_datetime,2024-05-07 16:29:48
incident_datetime,2024-05-08 17:40:25
incident_datetime,2024-05-09 04:41:36
incident_datetime,2024-05-09 06:25:20
incident_datetime,2024-05-10 08:33:15
incident_datetime,2024-05-10 11:26:48
incident_datetime,2024-05-10 21:35:50
incident_datetime,2024-05-11 22:22:15
incident_datetime,2024-05-14 02:02:54
incident_datetime,2024-05-14 10:39:35
incident_datetime,2024-05-14 14:43:52
incident_datetime,2024-05-15 11:05:03
incident_datetime,2024-05-15 15:10:15
incident_datetime,2024-05-15 22:32:35
incident_datetime,2024-05-16 01:29:12
incident_datetime,2024-05-17 12:31:29
incident_datetime,2024-05-17 21:38:21
incident_datetime,2024-05-18 03:11:23
incident_datetime,2024-05-18 10:29:31
incident_datetime,2024-05-18 10:37:23
incident_datetime,2024-05-18 14:26:33
incident_datetime,2024-05-18 15:16:03
incident_datetime,2024-05-18 21:38:26
incident_datetime,2024-05-19 02:42:25
incident_datetime,2024-05-19 04:26:49
incident_datetime,2024-05-19 05:24:08
incident_datetime,2024-05-19 14:24:57
incident_datetime,2024-05-19 18:14:43
incident_datetime,2024-05-20 05:35:47
incident_datetime,2024-05-22 09:31:17
incident_datetime,2024-05-23 17:00:41
incident_datetime,2024-05-24 00:19:50
incident_datetime,2024-05-24 01:00:19
incident_datetime,2024-05-26 01:12:29
incident_datetime,2024-05-26 05:21:09
incident_datetime,2024-05-26 09:15:16
incident_datetime,2024-05-30 00:28:39
incident_datetime,2024-05-31 21:29:20
incident_datetime,2024-06-01 13:33:53
incident_datetime,2024-06-02 01:11:18
incident_datetime,2024-06-02 02:50:23
incident_datetime,2024-06-02 03:27:54
incident_datetime,2024-06-02 10:40:09
incident_datetime,2024-06-03 14:20:29
incident_datetime,2024-06-03 22:58:43
incident_datetime,2024-06-03 23:07:06
incident_datetime,2024-06-05 04:54:40
incident_datetime,2024-06-05 08:32:17
incident_datetime,2024-06-05 15:10:49
incident_datetime,2024-06-06 15:20:59
incident_datetime,2024-06-06 22:08:52
incident_datetime,2024-06-07 20:15:26
incident_datetime,2024-06-08 00:47:15
incident_datetime,2024-06-08 07:36:03
incident_datetime,2024-06-08 19:30:16
incident_datetime,2024-06-09 03:38:10
incident_datetime,2024-06-09 04:54:14
incident_datetime,2024-06-10 11:10:55
incident_datetime,2024-06-10 14:51:38
incident_datetime,2024-06-11 04:00:22
incident_datetime,2024-06-11 07:52:56
incident_datetime,2024-06-12 18:11:03
incident_datetime,2024-06-14 04:41:51
incident_datetime,2024-06-14 04:42:59
incident_datetime,2024-06-14 06:35:33
incident_datetime,2024-06-14 15:27:25
incident_datetime,2024-06-14 17:57:29
incident_datetime,2024-06-15 08:09:28
incident_datetime,2024-06-16 17:31:59
incident_datetime,2024-06-17 06:54:59
incident_datetime,2024-06-17 22:38:25
incident_datetime,2024-06-19 18:13:38
incident_datetime,2024-06-20 00:15:36
incident_datetime,2024-06-21 04:39:24
incident_datetime,2024-06-21 07:12:02
incident_datetime,2024-06-21 15:48:41
incident_datetime,2024-06-22 02:33:33
incident_datetime,2024-06-22 08:33:52
incident_datetime,2024-06-22 19:58:06
incident_datetime,2024-06-24 02:22:06
incident_datetime,2024-06-24 14:44:40
incident_datetime,2024-06-25 17:28:44
incident_datetime,2024-06-26 04:27:37
incident_datetime,2024-06-27 15:03:44
incident_datetime,2024-06-27 21:16:14
incident_datetime,2024-06-28 10:55:57
incident_datetime,2024-06-28 17:59:14
incident_datetime,2024-06-28 20:28:05
incident_datetime,2024-06-28 21:59:27
incident_datetime,2024-06-30 02:19:02
incident_datetime,2024-06-30 16:06:01
incident_datetime,2024-07-02 17:14:07
incident_datetime,2024-07-03 01:39:32
incident_datetime,2024-07-03 07:39:08
incident_datetime,2024-07-05 00:12:47
incident_datetime,2024-07-05 09:09:48
incident_datetime,2024-07-05 22:26:58
incident_datetime,2024-07-06 09:55:13
incident_datetime,2024-07-06 13:27:06
incident_datetime,2024-07-07 09:07:36
incident_datetime,2024-07-07 13:16:13
incident_datetime,2024-07-08 03:27:49
incident_datetime,2024-07-08 05:14:55
incident_datetime,2024-07-08 12:33:59
incident_datetime,2024-07-09 01:12:34
incident_datetime,2024-07-09 01:40:09
incident_datetime,2024-07-09 04:27:20
incident_datetime,2024-07-10 12:25:36
incident_datetime,2024-07-11 20:47:14
incident_datetime,2024-07-13 22:36:24
incident_datetime,2024-07-14 13:59:01
incident_datetime,2024-07-14 19:43:23
incident_datetime,2024-07-15 06:03:32
incident_datetime,2024-07-15 10:55:44
incident_datetime,2024-07-16 22:07:27
incident_datetime,2024-07-18 12:56:46
incident_datetime,2024-07-18 17:14:24
incident_datetime,2024-07-19 09:52:27
incident_datetime,2024-07-19 13:05:35
incident_datetime,2024-07-19 13:08:36
incident_datetime,2024-07-21 04:13:25
incident_datetime,2024-07-21 14:13:23
incident_datetime,2024-07-22 12:15:15
incident_datetime,2024-07-22 18:38:19
incident_datetime,2024-07-23 09:45:25
incident_datetime,2024-07-24 01:35:12
incident_datetime,2024-07-24 10:05:41
incident_datetime,2024-07-24 18:13:31
incident_datetime,2024-07-24 23:20:45
incident_datetime,2024-07-26 08:00:23
incident_datetime,2024-07-26 22:02:30
incident_datetime,2024-07-27 12:38:16
incident_datetime,2024-07-29 08:13:12
incident_datetime,2024-07-29 12:40:44
incident_datetime,2024-07-29 16:22:47
incident_datetime,2024-07-30 05:35:19
incident_datetime,2024-07-30 12:56:45
incident_datetime,2024-07-30 17:51:00
incident_datetime,2024-07-31 18:38:02
incident_datetime,2024-08-01 02:42:13
incident_datetime,2024-08-01 10:52:02
incident_datetime,2024-08-01 11:31:42
incident_datetime,2024-08-03 01:16:29
incident_datetime,2024-08-03 18:31:32
incident_datetime,2024-08-03 23:15:03
incident_datetime,2024-08-04 22:45:08
incident_datetime,2024-08-05 12:31:41
incident_datetime,2024-08-05 12:56:37
incident_datetime,2024-08-06 04:10:14
incident_datetime,2024-08-06 04:56:02
incident_datetime,2024-08-06 14:19:18
incident_datetime,2024-08-06 15:20:22
incident_datetime,2024-08-07 20:14:11
incident_datetime,2024-08-09 07:28:56
incident_datetime,2024-08-09 21:54:33
incident_datetime,2024-08-10 10:23:39
incident_datetime,2024-08-10 18:08:06
incident_datetime,2024-08-10 23:17:25
incident_datetime,2024-08-11 13:31:50
incident_datetime,2024-08-12 03:44:34
incident_datetime,2024-08-12 09:03:36
incident_datetime,2024-08-13 14:12:51
incident_datetime,2024-08-14 09:10:45
incident_datetime,2024-08-14 10:56:43
incident_datetime,2024-08-15 00:45:14
incident_datetime,2024-08-17 08:48:25
incident_datetime,2024-08-17 09:51:38
incident_datetime,2024-08-18 13:55:06
incident_datetime,2024-08-18 17:02:39
incident_datetime,2024-08-18 21:21:33
incident_datetime,2024-08-19 01:36:28
incident_datetime,2024-08-19 16:17:03
incident_datetime,2024-08-20 14:39:48
incident_datetime,2024-08-20 15:18:21
incident_datetime,2024-08-20 16:03:28
incident_datetime,2024-08-21 20:59:01
incident_datetime,2024-08-22 21:39:58
incident_datetime,2024-08-23 06:53:08
incident_datetime,2024-08-23 08:51:36
incident_datetime,2024-08-23 10:16:37
incident_datetime,2024-08-24 09:18:29
incident_datetime,2024-08-24 20:01:15
incident_datetime,2024-08-25 11:06:42
incident_datetime,2024-08-25 17:35:33
incident_datetime,2024-08-25 21:10:47
incident_datetime,2024-08-26 00:35:12
incident_datetime,2024-08-26 14:43:37
incident_datetime,2024-08-27 07:54:09
incident_datetime,2024-08-27 17:15:40
incident_datetime,2024-08-27 17:38:10
incident_datetime,2024-08-27 21:33:12
incident_datetime,2024-08-28 04:16:42
incident_datetime,2024-08-28 07:52:19
incident_datetime,2024-08-28 13:33:25
incident_datetime,2024-08-28 16:42:46
incident_datetime,2024-08-29 20:09:39
incident_datetime,2024-08-29 20:54:39
incident_datetime,2024-08-30 13:10:44
incident_datetime,2024-08-31 09:30:47
incident_datetime,2024-09-01 20:42:07
incident_datetime,2024-09-02 16:33:00
incident_datetime,2024-09-03 03:26:40
incident_datetime,2024-09-03 06:48:42
incident_datetime,2024-09-03 10:46:42
incident_datetime,2024-09-04 02:38:04
incident_datetime,2024-09-04 03:35:56
incident_datetime,2024-09-05 13:48:49
incident_datetime,2024-09-06 00:02:23
incident_datetime,2024-09-06 11:42:15
incident_datetime,2024-09-07 00:04:37
incident_datetime,2024-09-07 17:10:40
incident_datetime,2024-09-09 09:58:40
incident_datetime,2024-09-09 18:01:19
incident_datetime,2024-09-10 14:11:06
incident_datetime,2024-09-11 00:41:11
incident_datetime,2024-09-11 13:45:34
incident_datetime,2024-09-12 21:02:42
incident_datetime,2024-09-14 02:58:27
incident_datetime,2024-09-14 04:57:04
incident_datetime,2024-09-14 13:51:16
incident_datetime,2024-09-15 02:00:41
incident_datetime,2024-09-15 18:04:54
incident_datetime,2024-09-17 09:00:33
incident_datetime,2024-09-18 16:18:47
incident_datetime,2024-09-19 18:20:33
incident_datetime,2024-09-20 00:06:02
incident_datetime,2024-09-20 11:31:47
incident_datetime,2024-09-21 08:15:13
incident_datetime,2024-09-21 12:39:29
incident_datetime,2024-09-22 01:50:07
incident_datetime,2024-09-22 12:28:11
incident_datetime,2024-09-22 16:02:06
incident_datetime,2024-09-22 16:32:37
incident_datetime,2024-09-22 17:14:40
incident_datetime,2024-09-22 19:58:54
incident_datetime,2024-09-23 15:11:21
incident_datetime,2024-09-23 20:33:38
incident_datetime,2024-09-23 21:40:09
incident_datetime,2024-09-25 14:35:39
incident_datetime,2024-09-25 20:11:19
incident_datetime,2024-09-27 07:34:55
incident_datetime,2024-09-27 09:30:06
incident_datetime,2024-09-27 20:30:02
incident_datetime,2024-09-27 21:55:18
incident_datetime,2024-09-29 08:51:04
incident_datetime,2024-09-30 04:27:14
incident_datetime,2024-10-01 08:52:13
incident_datetime,2024-10-01 15:06:11
incident_datetime,2024-10-01 19:35:50
incident_datetime,2024-10-02 19:23:24
incident_datetime,2024-10-03 10:42:26
incident_datetime,2024-10-03 11:24:54
incident_datetime,2024-10-03 16:08:02
incident_datetime,2024-10-03 21:06:24
incident_datetime,2024-10-04 02:29:04
incident_datetime,2024-10-04 08:21:51
incident_datetime,2024-10-04 17:34:04
incident_datetime,2024-10-05 07:52:04
incident_datetime,2024-10-05 19:14:26
incident_datetime,2024-10-06 04:18:29
incident_datetime,2024-10-06 12:04:53
incident_datetime,2024-10-06 18:53:21
incident_datetime,2024-10-06 20:54:57
incident_datetime,2024-10-06 23:20:08
incident_datetime,2024-10-10 23:45:52
incident_datetime,2024-10-11 03:52:48
incident_datetime,2024-10-12 20:21:23
incident_datetime,2024-10-12 20:54:53
incident_datetime,2024-10-13 04:08:18
incident_datetime,2024-10-13 13:01:42
incident_datetime,2024-10-14 02:08:43
incident_datetime,2024-10-14 13:45:19
incident_datetime,2024-10-15 16:10:53
incident_datetime,2024-10-16 00:46:46
incident_datetime,2024-10-16 02:34:38
incident_datetime,2024-10-17 06:06:34
incident_datetime,2024-10-17 14:17:18
incident_datetime,2024-10-18 08:15:21
incident_datetime,2024-10-19 07:23:23
incident_datetime,2024-10-20 20:17:49
incident_datetime,2024-10-21 00:38:14
incident_datetime,2024-10-21 09:22:34
incident_datetime,2024-10-21 21:44:09
incident_datetime,2024-10-22 09:44:10
incident_datetime,2024-10-22 10:42:04
incident_datetime,2024-10-23 02:48:17
incident_datetime,2024-10-23 03:11:58
incident_datetime,2024-10-24 01:28:46
incident_datetime,2024-10-24 07:05:27
incident_datetime,2024-10-24 21:43:12
incident_datetime,2024-10-25 06:54:37
incident_datetime,2024-10-25 19:36:45
incident_datetime,2024-10-25 22:22:32
incident_datetime,2024-10-26 01:17:27
incident_datetime,2024-10-26 07:52:08
incident_datetime,2024-10-27 19:42:21
incident_datetime,2024-10-29 00:30:43
incident_datetime,2024-10-29 01:34:02
incident_datetime,2024-10-29 06:15:43
incident_datetime,2024-10-29 09:12:29
incident_datetime,2024-10-29 20:43:07
incident_datetime,2024-10-29 22:42:59
incident_datetime,2024-10-30 09:51:51
incident_datetime,2024-10-30 12:21:02
incident_datetime,2024-10-31 07:09:30
incident_datetime,2024-10-31 08:58:14
incident_datetime,2024-10-31 13:44:54
incident_datetime,2024-11-01 05:35:32
incident_datetime,2024-11-01 09:27:34
incident_datetime,2024-11-01 16:19:36
incident_datetime,2024-11-02 07:01:44
incident_datetime,2024-11-03 03:06:37
incident_datetime,2024-11-03 14:01:03
incident_datetime,2024-11-07 20:09:01
incident_datetime,2024-11-08 04:34:48
incident_datetime,2024-11-08 09:11:48
incident_datetime,2024-11-08 20:42:28
incident_datetime,2024-11-11 05:50:12
incident_datetime,2024-11-13 16:17:06
incident_datetime,2024-11-14 06:49:42
incident_datetime,2024-11-15 12:26:55
incident_datetime,2024-11-16 07:19:30
incident_datetime,2024-11-16 09:47:18
incident_datetime,2024-11-16 15:15:28
incident_datetime,2024-11-16 18:42:11
incident_datetime,2024-11-17 04:01:05
incident_datetime,2024-11-18 21:29:34
incident_datetime,2024-11-19 05:46:05
incident_datetime,2024-11-20 04:23:26
incident_datetime,2024-11-22 09:44:03
incident_datetime,2024-11-23 19:30:48
incident_datetime,2024-11-24 01:23:15
incident_datetime,2024-11-24 18:54:13
incident_datetime,2024-11-24 19:52:07
incident_datetime,2024-11-24 22:07:31
incident_datetime,2024-11-25 05:43:18
incident_datetime,2024-11-26 11:37:22
incident_datetime,2024-11-26 14:02:01
incident_datetime,2024-11-26 17:42:23
incident_datetime,2024-11-27 09:42:31
incident_datetime,2024-11-27 10:25:44
incident_datetime,2024-11-27 16:04:07
incident_datetime,2024-11-28 06:54:33
incident_datetime,2024-11-28 08:06:58
incident_datetime,2024-11-29 01:30:00
incident_datetime,2024-11-30 11:23:14
incident_datetime,2024-11-30 11:24:59
incident_datetime,2024-12-03 01:22:24
incident_datetime,2024-12-03 04:08:24
incident_datetime,2024-12-05 00:45:42
incident_datetime,2024-12-05 01:23:46
incident_datetime,2024-12-05 15:57:07
incident_datetime,2024-12-07 01:27:32
incident_datetime,2024-12-07 07:27:39
incident_datetime,2024-12-08 14:53:32
incident_datetime,2024-12-08 17:45:20
incident_datetime,2024-12-08 21:06:54
incident_datetime,2024-12-09 21:19:55
incident_datetime,2024-12-10 05:46:57
incident_datetime,2024-12-11 09:31:16
incident_datetime,2024-12-11 09:58:58
incident_datetime,2024-12-11 10:21:13
incident_datetime,2024-12-11 23:50:36
incident_datetime,2024-12-12 08:48:10
incident_datetime,2024-12-13 14:50:03
incident_datetime,2024-12-13 19:57:51
incident_datetime,2024-12-14 02:37:50
incident_datetime,2024-12-14 21:37:03
incident_datetime,2024-12-15 08:09:37
incident_datetime,2024-12-15 12:08:03
incident_datetime,2024-12-16 01:25:02
incident_datetime,2024-12-16 11:24:08
incident_datetime,2024-12-16 18:25:05
incident_datetime,2024-12-16 19:57:58
incident_datetime,2024-12-17 10:21:08
incident_datetime,2024-12-18 08:27:07
incident_datetime,2024-12-19 15:00:52
incident_datetime,2024-12-21 06:55:58
incident_datetime,2024-12-22 02:24:54
incident_datetime,2024-12-22 16:45:02
incident_datetime,2024-12-23 03:40:27
incident_datetime,2024-12-26 09:09:40
incident_datetime,2024-12-27 00:36:15
incident_datetime,2024-12-27 05:27:00
incident_datetime,2024-12-27 09:17:56
incident_datetime,2024-12-27 11:16:25
incident_datetime,2024-12-27 16:51:04
incident_datetime,2024-12-28 23:54:59
incident_datetime,2024-12-29 06:33:39
incident_datetime,2024-12-29 11:02:16
incident_datetime,2024-12-29 21:47:59
incident_datetime,2024-12-30 17:33:00
incident_datetime,21-05-2023
incident_datetime,21-06-2018
incident_datetime,22-01-2019
incident_datetime,22-01-2024
incident_datetime,22-03-2018
incident_datetime,22-03-2024
incident_datetime,22-06-2024
incident_datetime,22-07-2018
incident_datetime,22-08-2019
incident_datetime,22-11-2020
incident_datetime,22-11-2022
incident_datetime,22-12-2024
incident_datetime,23-04-2021
incident_datetime,23-07-2023
incident_datetime,23-08-2019
incident_datetime,23-10-2018
incident_datetime,24-01-2023
incident_datetime,24-02-2023
incident_datetime,24-03-2019
incident_datetime,24-09-2023
incident_datetime,24-12-2018
incident_datetime,25-01-2019
incident_datetime,25-06-2018
incident_datetime,25-06-2020
incident_datetime,25-06-2022
incident_datetime,25-07-2019
incident_datetime,25-08-2019
incident_datetime,25-09-2019
incident_datetime,26-02-2019
incident_datetime,26-04-2019
incident_datetime,26-06-2020
incident_datetime,26-07-2018
incident_datetime,26-08-2022
incident_datetime,27-04-2023
incident_datetime,27-05-2024
incident_datetime,27-08-2019
incident_datetime,28-02-2022
incident_datetime,28-03-2022
incident_datetime,28-10-2024
incident_datetime,29-09-2020
incident_datetime,29-11-2024
incident_datetime,30-04-2020
incident_datetime,30-05-2023
incident_datetime,30-08-2018
incident_datetime,30-09-2022
incident_datetime,30-11-2018
incident_datetime,30-11-2021
incident_datetime,31-01-2018
incident_datetime,31-05-2018
incident_datetime,31-05-2019
incident_datetime,31-08-2023
officer_first_name,    charles    
officer_first_name,    susan    
officer_first_name,  anthony  
officer_first_name,  ashley  
officer_first_name,  barbara  
officer_first_name,  carol  
officer_first_name,  charles  
officer_first_name,  chris  
officer_first_name,  daniel  
officer_first_name,  david  
officer_first_name,  donna  
officer_first_name,  emily  
officer_first_name,  james  
officer_first_name,  jennifer  
officer_first_name,  jessica  
officer_first_name,  john  
officer_first_name,  joseph  
officer_first_name,  karen  
officer_first_name,  linda  
officer_first_name,  mark  
officer_first_name,  mary  
officer_first_name,  matthew  
officer_first_name,  michael  
officer_first_name,  michelle  
officer_first_name,  nancy  
officer_first_name,  patricia  
officer_first_name,  richard  
officer_first_name,  robert  
officer_first_name,  sarah  
officer_first_name,  susan  
officer_first_name,  thomas  
officer_first_name,  william  
officer_first_name,anthony
officer_first_name,ashley
officer_first_name,barbara
officer_first_name,carol
officer_first_name,charles
officer_first_name,chris
officer_first_name,daniel
officer_first_name,david
officer_first_name,donna
officer_first_name,emily
officer_first_name,james
officer_first_name,jennifer
officer_first_name,jessica
officer_first_name,john
officer_first_name,joseph
officer_first_name,karen
officer_first_name,linda
officer_first_name,mark
officer_first_name,mary
officer_first_name,matthew
officer_first_name,michael
officer_first_name,michelle
officer_first_name,nancy
officer_first_name,patricia
officer_first_name,richard
officer_first_name,robert
officer_first_name,sarah
officer_first_name,susan
officer_first_name,thomas
officer_first_name,william
officer_last_name,allen
officer_last_name,anderson
officer_last_name,brown
officer_last_name,davis
officer_last_name,flores
officer_last_name,garcia
officer_last_name,green
officer_last_name,hall
officer_last_name,harris
officer_last_name,hill
officer_last_name,jackson
officer_last_name,johnson
officer_last_name,jones
officer_last_name,lee
officer_last_name,martin
officer_last_name,miller
officer_last_name,moore
officer_last_name,nguyen
officer_last_name,scott
officer_last_name,smith
officer_last_name,taylor
officer_last_name,thomas
officer_last_name,thompson
officer_last_name,torres
officer_last_name,walker
officer_last_name,white
officer_last_name,williams
officer_last_name,wilson
officer_last_name,wright
officer_last_name,young
suspect_first_name,anthony
suspect_first_name,ashley
suspect_first_name,barbara
suspect_first_name,carol
suspect_first_name,charles
suspect_first_name,chris
suspect_first_name,daniel
suspect_first_name,david
suspect_first_name,donna
suspect_first_name,emily
suspect_first_name,james
suspect_first_name,jennifer
suspect_first_name,jessica
suspect_first_name,john
suspect_first_name,joseph
suspect_first_name,karen
suspect_first_name,linda
suspect_first_name,mark
suspect_first_name,mary
suspect_first_name,matthew
suspect_first_name,michael
suspect_first_name,michelle
suspect_first_name,nancy
suspect_first_name,patricia
suspect_first_name,richard
suspect_first_name,robert
suspect_first_name,sarah
suspect_first_name,susan
suspect_first_name,thomas
suspect_first_name,william
suspect_last_name,allen
suspect_last_name,anderson
suspect_last_name,brown
suspect_last_name,davis
suspect_last_name,flores
suspect_last_name,garcia
suspect_last_name,green
suspect_last_name,hall
suspect_last_name,harris
suspect_last_name,hill
suspect_last_name,jackson
suspect_last_name,johnson
suspect_last_name,jones
suspect_last_name,lee
suspect_last_name,martin
suspect_last_name,miller
suspect_last_name,moore
suspect_last_name,nguyen
suspect_last_name,scott
suspect_last_name,smith
suspect_last_name,taylor
suspect_last_name,thomas
suspect_last_name,thompson
suspect_last_name,torres
suspect_last_name,walker
suspect_last_name,white
suspect_last_name,williams
suspect_last_name,wilson
suspect_last_name,wright
suspect_last_name,young
suspect_gender,f
suspect_gender,female
suspect_gender,m
suspect_gender,male
suspect_gender,n/a
suspect_gender,other
suspect_gender,unknown
suspect_race,asian
suspect_race,black
suspect_race,hispanic
suspect_race,n/a
suspect_race,other
suspect_race,unknown
suspect_race,white
victim_first_name,anthony
victim_first_name,ashley
victim_first_name,barbara
victim_first_name,carol
victim_first_name,charles
victim_first_name,chris
victim_first_name,daniel
victim_first_name,david
victim_first_name,donna
victim_first_name,emily
victim_first_name,james
victim_first_name,jennifer
victim_first_name,jessica
victim_first_name,john
victim_first_name,joseph
victim_first_name,karen
victim_first_name,linda
victim_first_name,mark
victim_first_name,mary
victim_first_name,matthew
victim_first_name,michael
victim_first_name,michelle
victim_first_name,nancy
victim_first_name,patricia
victim_first_name,richard
victim_first_name,robert
victim_first_name,sarah
victim_first_name,susan
victim_first_name,thomas
victim_first_name,william
victim_last_name,allen
victim_last_name,anderson
victim_last_name,brown
victim_last_name,davis
victim_last_name,flores
victim_last_name,garcia
victim_last_name,green
victim_last_name,hall
victim_last_name,harris
victim_last_name,hill
victim_last_name,jackson
victim_last_name,johnson
victim_last_name,jones
victim_last_name,lee
victim_last_name,martin
victim_last_name,miller
victim_last_name,moore
victim_last_name,nguyen
victim_last_name,scott
victim_last_name,smith
victim_last_name,taylor
victim_last_name,thomas
victim_last_name,thompson
victim_last_name,torres
victim_last_name,walker
victim_last_name,white
victim_last_name,williams
victim_last_name,wilson
victim_last_name,wright
victim_last_name,young
victim_gender,f
victim_gender,female
victim_gender,m
victim_gender,male
victim_gender,n/a
victim_gender,other
victim_gender,unknown
victim_phone,(202) -28-5-3067
victim_phone,(202) -47-4-9021
victim_phone,(204) -70-6-4983
victim_phone,(205) -66-0-7011
victim_phone,(206) -60-9-4864
victim_phone,(206) -80-0-8060
victim_phone,(207) -86-6-8361
victim_phone,(208) -88-8-5906
victim_phone,(210) -11-9-1140
victim_phone,(212) -99-6-9666
victim_phone,(215) -80-3-8603
victim_phone,(223) -66-6-6189
victim_phone,(224) -47-7-1272
victim_phone,(225) -85-5-4696
victim_phone,(227) -36-3-7373
victim_phone,(227) -99-9-1443
victim_phone,(228) -46-3-2564
victim_phone,(231) -80-2-4312
victim_phone,(233) -39-2-9574
victim_phone,(242) -35-3-2685
victim_phone,(245) -51-1-8191
victim_phone,(246) -61-7-9556
victim_phone,(250) -55-0-7827
victim_phone,(251) -93-3-7334
victim_phone,(253) -61-7-9630
victim_phone,(254) -15-9-4319
victim_phone,(255) -32-5-8101
victim_phone,(260) -18-3-2380
victim_phone,(260) -21-6-4706
victim_phone,(260) -50-5-3186
victim_phone,(266) -50-7-7183
victim_phone,(266) -79-0-6755
victim_phone,(268) -31-3-4730
victim_phone,(269) -92-0-5035
victim_phone,(275) -27-2-1401
victim_phone,(275) -33-6-5906
victim_phone,(275) -56-8-2564
victim_phone,(276) -85-9-1468
victim_phone,(277) -77-4-9001
victim_phone,(278) -17-5-1215
victim_phone,(280) -54-5-1997
victim_phone,(283) -42-6-3616
victim_phone,(283) -51-4-6965
victim_phone,(283) -66-4-1292
victim_phone,(285) -46-4-4023
victim_phone,(286) -32-8-8751
victim_phone,(288) -49-5-7073
victim_phone,(288) -85-8-2129
victim_phone,(295) -96-2-5653
victim_phone,(300) -89-8-4349
victim_phone,(303) -52-9-6765
victim_phone,(304) -50-1-3320
victim_phone,(305) -26-0-8819
victim_phone,(310) -53-8-4147
victim_phone,(311) -75-6-4874
victim_phone,(314) -42-2-3093
victim_phone,(314) -67-3-4854
victim_phone,(320) -35-0-7518
victim_phone,(326) -23-3-7872
victim_phone,(329) -54-7-2389
victim_phone,(334) -35-5-1940
victim_phone,(334) -70-0-6816
victim_phone,(334) -84-8-3512
victim_phone,(340) -12-7-5240
victim_phone,(340) -26-0-8222
victim_phone,(342) -13-3-3280
victim_phone,(347) -36-1-6179
victim_phone,(347) -86-1-9826
victim_phone,(347) -92-9-2370
victim_phone,(348) -20-1-9701
victim_phone,(350) -78-1-4914
victim_phone,(351) -17-6-6445
victim_phone,(354) -38-2-6765
victim_phone,(354) -71-0-1019
victim_phone,(355) -50-0-5062
victim_phone,(356) -65-2-5824
victim_phone,(358) -64-8-2280
victim_phone,(361) -52-7-8046
victim_phone,(363) -36-3-3454
victim_phone,(366) -94-9-2174
victim_phone,(368) -75-3-9391
victim_phone,(369) -73-4-3964
victim_phone,(371) -88-6-8491
victim_phone,(372) -75-4-6384
victim_phone,(374) -54-5-3031
victim_phone,(382) -95-0-5512
victim_phone,(385) -16-7-2855
victim_phone,(386) -43-6-3024
victim_phone,(387) -36-1-1079
victim_phone,(390) -79-2-5527
victim_phone,(392) -45-2-8889
victim_phone,(392) -93-0-6057
victim_phone,(392) -93-0-9902
victim_phone,(394) -75-1-4597
victim_phone,(396) -11-0-8689
victim_phone,(397) -12-2-1656
victim_phone,(398) -26-2-2716
victim_phone,(401) -69-1-6440
victim_phone,(405) -36-3-1403
victim_phone,(405) -55-9-4049
victim_phone,(407) -22-1-7877
victim_phone,(409) -14-1-3220
victim_phone,(412) -92-5-6621
victim_phone,(413) -12-0-5365
victim_phone,(415) -36-2-9886
victim_phone,(415) -45-8-3606
victim_phone,(416) -29-2-2905
victim_phone,(417) -32-1-7121
victim_phone,(418) -41-8-2717
victim_phone,(421) -42-0-1741
victim_phone,(421) -54-4-1868
victim_phone,(427) -58-2-9852
victim_phone,(427) -71-5-6867
victim_phone,(428) -70-5-1281
victim_phone,(436) -87-6-4573
victim_phone,(441) -84-0-1905
victim_phone,(458) -74-3-9429
victim_phone,(459) -95-3-5178
victim_phone,(462) -85-7-9893
victim_phone,(469) -92-0-2621
victim_phone,(471) -51-4-3463
victim_phone,(471) -85-0-5991
victim_phone,(472) -71-2-6191
victim_phone,(483) -41-1-1270
victim_phone,(484) -59-1-3906
victim_phone,(488) -11-2-7810
victim_phone,(499) -13-0-6957
victim_phone,(499) -38-5-1013
victim_phone,(506) -11-1-4925
victim_phone,(507) -69-8-7507
victim_phone,(513) -21-6-8248
victim_phone,(514) -36-1-8108
victim_phone,(514) -51-7-3772
victim_phone,(516) -26-4-3330
victim_phone,(517) -77-7-7709
victim_phone,(517) -94-2-5851
victim_phone,(518) -80-0-8028
victim_phone,(523) -86-7-7564
victim_phone,(535) -13-6-9856
victim_phone,(540) -61-1-2518
victim_phone,(542) -62-7-2504
victim_phone,(543) -79-2-3057
victim_phone,(544) -31-7-4009
victim_phone,(546) -39-8-5001
victim_phone,(548) -45-4-1023
victim_phone,(549) -73-6-1319
victim_phone,(550) -18-2-5252
victim_phone,(550) -72-2-9092
victim_phone,(550) -77-0-7885
victim_phone,(550) -99-4-8079
victim_phone,(559) -42-2-9649
victim_phone,(560) -10-1-7329
victim_phone,(562) -36-3-3056
victim_phone,(564) -59-7-3839
victim_phone,(570) -91-5-4867
victim_phone,(573) -76-9-1993
victim_phone,(574) -33-9-3235
victim_phone,(582) -29-8-4312
victim_phone,(585) -87-7-8779
victim_phone,(586) -18-5-3501
victim_phone,(586) -44-7-8457
victim_phone,(597) -79-0-4828
victim_phone,(606) -68-2-7596
victim_phone,(611) -82-8-1379
victim_phone,(612) -60-5-5275
victim_phone,(617) -77-1-4780
victim_phone,(621) -41-0-8409
victim_phone,(621) -98-5-3526
victim_phone,(627) -57-4-4783
victim_phone,(632) -51-1-8445
victim_phone,(633) -50-0-1265
victim_phone,(639) -42-2-3290
victim_phone,(640) -31-3-1539
victim_phone,(653) -99-8-8477
victim_phone,(655) -96-7-7375
victim_phone,(666) -73-2-8418
victim_phone,(667) -47-6-1292
victim_phone,(671) -77-7-4829
victim_phone,(672) -59-6-4282
victim_phone,(674) -71-8-9666
victim_phone,(675) -92-8-8473
victim_phone,(676) -61-7-5733
victim_phone,(679) -51-0-2670
victim_phone,(679) -68-6-3155
victim_phone,(689) -57-1-7528
victim_phone,(692) -53-4-5587
victim_phone,(694) -48-4-4772
victim_phone,(697) -94-6-9313
victim_phone,(699) -77-9-9235
victim_phone,(700) -33-2-9134
victim_phone,(702) -34-7-2845
victim_phone,(704) -32-3-8078
victim_phone,(706) -25-3-8913
victim_phone,(713) -26-3-8392
victim_phone,(716) -22-6-2863
victim_phone,(716) -53-1-6074
victim_phone,(729) -84-7-4336
victim_phone,(733) -35-3-1557
victim_phone,(736) -54-4-8135
victim_phone,(739) -33-8-6646
victim_phone,(743) -51-4-8906
victim_phone,(744) -89-1-8533
victim_phone,(748) -17-1-6477
victim_phone,(751) -52-2-4857
victim_phone,(753) -63-9-5408
victim_phone,(755) -71-0-7499
victim_phone,(755) -93-0-7594
victim_phone,(758) -11-9-6672
victim_phone,(769) -95-4-9519
victim_phone,(775) -15-4-1691
victim_phone,(780) -24-1-1358
victim_phone,(784) -94-5-9295
victim_phone,(788) -11-3-6420
victim_phone,(792) -90-0-8719
victim_phone,(793) -87-1-2831
victim_phone,(794) -37-0-2182
victim_phone,(795) -16-0-5852
victim_phone,(795) -94-8-9974
victim_phone,(796) -44-1-3332
victim_phone,(796) -61-7-8916
victim_phone,(798) -28-7-9057
victim_phone,(799) -57-9-4059
victim_phone,(802) -37-6-8371
victim_phone,(804) -11-4-1535
victim_phone,(804) -98-1-9713
victim_phone,(805) -16-0-4917
victim_phone,(806) -68-2-4246
victim_phone,(811) -39-2-5071
victim_phone,(817) -45-1-5768
victim_phone,(817) -70-1-2112
victim_phone,(818) -15-9-9278
victim_phone,(818) -52-8-6603
victim_phone,(823) -15-0-9447
victim_phone,(825) -66-1-5895
victim_phone,(826) -81-4-4784
victim_phone,(827) -35-5-9704
victim_phone,(828) -23-6-7022
victim_phone,(828) -36-5-5112
victim_phone,(830) -88-7-1268
victim_phone,(833) -47-8-2739
victim_phone,(833) -59-3-9007
victim_phone,(836) -27-7-7380
victim_phone,(837) -68-1-7972
victim_phone,(838) -40-7-7659
victim_phone,(842) -61-9-8307
victim_phone,(843) -81-1-7924
victim_phone,(848) -57-7-7495
victim_phone,(853) -37-6-8947
victim_phone,(853) -92-6-9584
victim_phone,(855) -29-4-4786
victim_phone,(855) -38-1-4235
victim_phone,(857) -63-7-4765
victim_phone,(858) -54-0-9727
victim_phone,(861) -30-1-3868
victim_phone,(864) -71-9-2350
victim_phone,(872) -25-8-7285
victim_phone,(876) -54-6-6113
victim_phone,(877) -56-4-7639
victim_phone,(884) -29-3-4876
victim_phone,(887) -15-6-1572
victim_phone,(887) -97-9-3469
victim_phone,(894) -18-4-5890
victim_phone,(894) -85-8-5008
victim_phone,(899) -42-7-1776
victim_phone,(901) -54-7-8986
victim_phone,(902) -75-8-4702
victim_phone,(908) -36-0-2355
victim_phone,(908) -63-0-1541
victim_phone,(908) -98-9-4266
victim_phone,(915) -47-9-8579
victim_phone,(915) -73-6-8192
victim_phone,(916) -98-5-6578
victim_phone,(925) -63-5-8436
victim_phone,(926) -54-0-5868
victim_phone,(927) -39-3-8347
victim_phone,(947) -88-6-5694
victim_phone,(949) -37-9-6965
victim_phone,(949) -82-1-7275
victim_phone,(951) -71-9-8291
victim_phone,(955) -86-8-7317
victim_phone,(956) -47-6-8173
victim_phone,(957) -43-5-1030
victim_phone,(960) -83-5-2095
victim_phone,(960) -91-6-8624
victim_phone,(972) -92-9-5667
victim_phone,(973) -57-7-3848
victim_phone,(975) -36-0-2972
victim_phone,(979) -77-2-5730
victim_phone,(984) -55-3-7411
victim_phone,(984) -83-4-9050
victim_phone,(988) -73-2-2325
victim_phone,(988) -94-3-9948
victim_phone,(991) -80-0-3548
victim_phone,(994) -19-7-6396
victim_phone,200-405-5380
victim_phone,200-608-7092
victim_phone,200-742-4182
victim_phone,200-793-1810
victim_phone,2006243957
victim_phone,2008682110
victim_phone,201-155-3910
victim_phone,201-378-1108
victim_phone,201-511-1664
victim_phone,201-664-4775
victim_phone,201-975-3898
victim_phone,202-138-5524
victim_phone,202-176-6588
victim_phone,202-435-5431
victim_phone,202-539-6983
victim_phone,202-696-1568
victim_phone,203-612-9552
victim_phone,203-728-7325
victim_phone,204-739-5450
victim_phone,204-851-4899
victim_phone,204-921-5504
victim_phone,204-934-8380
victim_phone,205-379-9548
victim_phone,205-612-9942
victim_phone,205-727-7171
victim_phone,205-730-7682
victim_phone,205-733-3545
victim_phone,206-165-8359
victim_phone,206-269-1142
victim_phone,206-600-2340
victim_phone,206-815-2945
victim_phone,2064175061
victim_phone,207-298-2984
victim_phone,207-403-6171
victim_phone,207-675-3948
victim_phone,207-701-2085
victim_phone,208-344-7007
victim_phone,208-452-2160
victim_phone,208-544-8867
victim_phone,208-549-2551
victim_phone,208-621-1410
victim_phone,208-715-9279
victim_phone,208-958-4478
victim_phone,208-992-5004
victim_phone,2082899103
victim_phone,209-124-5118
victim_phone,209-144-9316
victim_phone,209-287-5362
victim_phone,209-501-3722
victim_phone,210-197-8247
victim_phone,211-121-7645
victim_phone,211-135-5408
victim_phone,211-174-9081
victim_phone,211-203-3391
victim_phone,211-352-4041
victim_phone,211-469-2768
victim_phone,211-768-3076
victim_phone,212-243-9485
victim_phone,212-313-4902
victim_phone,2121062532
victim_phone,2123407691
victim_phone,2123656966
victim_phone,213-356-7764
victim_phone,213-921-5476
victim_phone,213-951-6889
victim_phone,213-982-9203
victim_phone,214-380-2744
victim_phone,214-584-9676
victim_phone,214-780-7605
victim_phone,214-897-2917
victim_phone,215-106-4051
victim_phone,215-191-4567
victim_phone,215-387-5495
victim_phone,215-430-5749
victim_phone,215-643-6816
victim_phone,215-704-1824
victim_phone,216-243-4604
victim_phone,216-423-4225
victim_phone,216-551-4198
victim_phone,217-196-3917
victim_phone,217-517-2734
victim_phone,218-190-8444
victim_phone,218-318-6278
victim_phone,218-400-1995
victim_phone,218-412-9228
victim_phone,218-563-6930
victim_phone,218-681-4143
victim_phone,219-799-1578
victim_phone,219-934-2437
victim_phone,220-111-7505
victim_phone,220-466-7490
victim_phone,220-980-8364
victim_phone,221-109-8650
victim_phone,221-542-6388
victim_phone,221-628-2889
victim_phone,222-240-8350
victim_phone,222-625-7255
victim_phone,222-850-7539
victim_phone,2229652537
victim_phone,223-249-7642
victim_phone,223-400-7824
victim_phone,223-539-4442
victim_phone,223-586-2765
victim_phone,223-773-4030
victim_phone,2236611585
victim_phone,224-747-9154
victim_phone,224-860-3446
victim_phone,224-946-3578
victim_phone,224-968-5331
victim_phone,225-121-6397
victim_phone,225-212-1793
victim_phone,225-893-6914
victim_phone,225-916-6901
victim_phone,226-127-4848
victim_phone,226-240-9124
victim_phone,226-554-9757
victim_phone,226-734-7724
victim_phone,226-990-5801
victim_phone,227-241-7597
victim_phone,228-627-4202
victim_phone,228-798-9113
victim_phone,228-858-8871
victim_phone,228-985-2213
victim_phone,229-896-6880
victim_phone,2295003318
victim_phone,230-191-3879
victim_phone,231-325-5225
victim_phone,232-176-9092
victim_phone,232-237-3097
victim_phone,232-242-3518
victim_phone,232-452-1746
victim_phone,232-525-2087
victim_phone,232-564-4798
victim_phone,232-723-4831
victim_phone,232-929-3597
victim_phone,232-993-4166
victim_phone,2322645067
victim_phone,2328277295
victim_phone,233-140-7314
victim_phone,233-213-3396
victim_phone,233-373-5276
victim_phone,233-998-2605
victim_phone,2339421827
victim_phone,234-572-7090
victim_phone,234-577-8960
victim_phone,234-756-3257
victim_phone,234-996-9434
victim_phone,2342943414
victim_phone,235-681-1021
victim_phone,235-716-6799
victim_phone,235-762-4889
victim_phone,235-928-4946
victim_phone,2359365085
victim_phone,236-426-2825
victim_phone,236-749-5344
victim_phone,2367045187
victim_phone,237-140-8357
victim_phone,237-172-9235
victim_phone,237-304-1891
victim_phone,237-325-6915
victim_phone,2372819208
victim_phone,238-409-4405
victim_phone,238-732-2661
victim_phone,239-137-1054
victim_phone,239-157-4394
victim_phone,239-744-9472
victim_phone,239-863-8033
victim_phone,239-954-8370
victim_phone,240-259-3421
victim_phone,240-469-6578
victim_phone,240-480-2303
victim_phone,2408873580
victim_phone,241-214-7924
victim_phone,241-434-7702
victim_phone,241-490-5185
victim_phone,241-881-3870
victim_phone,241-973-4826
victim_phone,242-235-7428
victim_phone,242-332-7401
victim_phone,242-621-9001
victim_phone,242-665-1645
victim_phone,242-801-4392
victim_phone,242-819-8445
victim_phone,2423673974
victim_phone,243-267-2446
victim_phone,243-863-1621
victim_phone,243-998-2571
victim_phone,244-371-5023
victim_phone,244-502-8929
victim_phone,244-584-7696
victim_phone,244-617-8161
victim_phone,244-633-1827
victim_phone,244-830-7733
victim_phone,244-896-7364
victim_phone,2443693760
victim_phone,245-120-5065
victim_phone,245-379-7762
victim_phone,245-429-9073
victim_phone,245-573-6428
victim_phone,245-683-6162
victim_phone,246-459-6987
victim_phone,246-632-7627
victim_phone,246-729-7641
victim_phone,246-932-8157
victim_phone,247-620-9820
victim_phone,247-961-6406
victim_phone,248-235-8634
victim_phone,248-337-8289
victim_phone,248-762-9059
victim_phone,248-928-5447
victim_phone,2484377295
victim_phone,249-219-3959
victim_phone,249-346-9742
victim_phone,249-397-9074
victim_phone,249-411-2229
victim_phone,249-425-8250
victim_phone,249-521-9797
victim_phone,249-602-9447
victim_phone,250-160-9742
victim_phone,250-481-6224
victim_phone,250-546-1138
victim_phone,250-557-8185
victim_phone,250-582-1898
victim_phone,250-595-3679
victim_phone,250-623-6518
victim_phone,250-681-4621
victim_phone,250-820-4297
victim_phone,250-935-9316
victim_phone,250-960-3719
victim_phone,251-197-1769
victim_phone,251-277-9420
victim_phone,251-691-5626
victim_phone,251-977-4234
victim_phone,2515736775
victim_phone,252-567-4740
victim_phone,2529979102
victim_phone,253-464-6775
victim_phone,253-648-9876
victim_phone,253-977-2173
victim_phone,2531846881
victim_phone,254-267-7049
victim_phone,254-284-2924
victim_phone,254-460-7813
victim_phone,254-640-6044
victim_phone,254-654-2279
victim_phone,254-662-3976
victim_phone,254-880-7728
victim_phone,254-913-8608
victim_phone,254-994-3328
victim_phone,2548339341
victim_phone,2548421462
victim_phone,255-573-8031
victim_phone,255-908-6058
victim_phone,255-928-9008
victim_phone,2559736928
victim_phone,256-134-3598
victim_phone,256-246-2111
victim_phone,256-345-5845
victim_phone,256-717-2077
victim_phone,256-722-4197
victim_phone,256-747-2485
victim_phone,2569513034
victim_phone,257-348-8802
victim_phone,257-442-4336
victim_phone,257-674-2613
victim_phone,257-771-4696
victim_phone,257-826-7150
victim_phone,258-203-2501
victim_phone,258-707-6035
victim_phone,259-109-1714
victim_phone,259-249-6237
victim_phone,2593166528
victim_phone,260-167-4060
victim_phone,260-286-6317
victim_phone,260-449-6540
victim_phone,260-623-6802
victim_phone,260-769-5350
victim_phone,261-234-3502
victim_phone,261-287-2637
victim_phone,261-353-9726
victim_phone,261-450-2017
victim_phone,261-643-2268
victim_phone,261-759-6393
victim_phone,261-766-1001
victim_phone,261-788-2636
victim_phone,261-888-4749
victim_phone,262-123-9928
victim_phone,262-622-2774
victim_phone,2625824509
victim_phone,263-350-7286
victim_phone,263-761-1764
victim_phone,263-832-1417
victim_phone,263-880-1744
victim_phone,263-926-8423
victim_phone,2636733442
victim_phone,264-100-3427
victim_phone,264-213-9189
victim_phone,264-229-4279
victim_phone,264-683-5120
victim_phone,264-692-3128
victim_phone,2643027766
victim_phone,2649311174
victim_phone,265-125-7687
victim_phone,265-342-6094
victim_phone,265-392-3070
victim_phone,265-420-8211
victim_phone,265-469-2885
victim_phone,265-652-6865
victim_phone,265-756-8906
victim_phone,266-742-5210
victim_phone,266-807-2871
victim_phone,2662732079
victim_phone,267-242-4063
victim_phone,267-387-7239
victim_phone,267-647-6627
victim_phone,267-970-8619
victim_phone,268-268-8702
victim_phone,268-298-4355
victim_phone,268-579-8415
victim_phone,268-622-5910
victim_phone,268-636-9796
victim_phone,268-681-6844
victim_phone,268-890-7780
victim_phone,2689829512
victim_phone,269-555-5589
victim_phone,269-959-7352
victim_phone,270-141-5080
victim_phone,270-193-8544
victim_phone,270-423-3755
victim_phone,270-468-7903
victim_phone,270-544-2033
victim_phone,270-571-9404
victim_phone,270-614-8699
victim_phone,270-685-5694
victim_phone,2706188998
victim_phone,271-149-4042
victim_phone,271-641-7201
victim_phone,271-794-9923
victim_phone,271-986-1248
victim_phone,272-233-2191
victim_phone,272-431-8744
victim_phone,272-464-8450
victim_phone,272-696-4550
victim_phone,272-720-8858
victim_phone,272-782-7890
victim_phone,272-790-5270
victim_phone,273-162-2200
victim_phone,273-189-7462
victim_phone,273-855-2204
victim_phone,273-931-2847
victim_phone,2737383542
victim_phone,2738693693
victim_phone,274-164-2772
victim_phone,274-263-5566
victim_phone,274-556-1490
victim_phone,274-826-9573
victim_phone,2743287360
victim_phone,275-362-9118
victim_phone,275-546-2888
victim_phone,275-737-5042
victim_phone,275-933-5051
victim_phone,275-993-2769
victim_phone,276-176-5875
victim_phone,276-318-3444
victim_phone,276-349-9635
victim_phone,276-357-6105
victim_phone,276-408-5788
victim_phone,276-623-3434
victim_phone,2765599903
victim_phone,2767455798
victim_phone,277-376-6822
victim_phone,277-468-9187
victim_phone,277-571-6907
victim_phone,277-861-5193
victim_phone,2778881742
victim_phone,278-745-9175
victim_phone,279-430-8865
victim_phone,279-851-8956
victim_phone,279-936-8674
victim_phone,2792842808
victim_phone,2795675721
victim_phone,2795771137
victim_phone,280-254-7223
victim_phone,280-588-2177
victim_phone,281-267-6197
victim_phone,281-412-9556
victim_phone,281-558-8717
victim_phone,281-802-4418
victim_phone,281-993-2261
victim_phone,2814539332
victim_phone,282-101-1809
victim_phone,282-140-4839
victim_phone,282-306-5380
victim_phone,282-364-5186
victim_phone,282-414-1256
victim_phone,282-734-7176
victim_phone,282-771-9033
victim_phone,282-879-5472
victim_phone,283-196-4324
victim_phone,283-351-9195
victim_phone,283-681-6789
victim_phone,283-684-8754
victim_phone,283-729-1264
victim_phone,283-790-6180
victim_phone,283-893-3689
victim_phone,284-529-7207
victim_phone,284-765-8883
victim_phone,284-976-1197
victim_phone,2848279293
victim_phone,285-444-2000
victim_phone,285-487-4441
victim_phone,285-749-5250
victim_phone,285-831-7160
victim_phone,285-861-1354
victim_phone,285-933-5330
victim_phone,2858492339
victim_phone,286-137-9805
victim_phone,286-307-3671
victim_phone,286-678-7953
victim_phone,286-969-5081
victim_phone,2862738083
victim_phone,287-135-3882
victim_phone,287-176-7226
victim_phone,287-218-3321
victim_phone,287-388-8624
victim_phone,287-560-2228
victim_phone,287-707-3885
victim_phone,288-371-7791
victim_phone,288-388-4219
victim_phone,288-778-6157
victim_phone,288-874-4515
victim_phone,2884815993
victim_phone,289-250-6889
victim_phone,2891451153
victim_phone,290-118-6688
victim_phone,290-290-4258
victim_phone,290-402-6456
victim_phone,290-471-6280
victim_phone,290-915-4027
victim_phone,2902799964
victim_phone,2906909858
victim_phone,291-317-9863
victim_phone,291-331-2187
victim_phone,291-333-6192
victim_phone,291-398-1702
victim_phone,291-424-9690
victim_phone,291-806-5219
victim_phone,291-832-2906
victim_phone,2919334395
victim_phone,292-275-6561
victim_phone,293-309-4875
victim_phone,293-683-5298
victim_phone,293-835-2500
victim_phone,293-869-5356
victim_phone,294-123-5283
victim_phone,294-197-5980
victim_phone,294-211-8872
victim_phone,294-249-2177
victim_phone,294-446-6701
victim_phone,295-308-5654
victim_phone,295-671-6347
victim_phone,295-800-4566
victim_phone,295-919-9373
victim_phone,296-139-8290
victim_phone,296-437-9989
victim_phone,296-477-5157
victim_phone,296-565-6139
victim_phone,296-949-8408
victim_phone,297-205-9641
victim_phone,297-502-9748
victim_phone,297-530-7183
victim_phone,297-557-5004
victim_phone,297-666-9542
victim_phone,297-819-8865
victim_phone,297-994-5913
victim_phone,298-188-7282
victim_phone,298-208-3853
victim_phone,298-231-9192
victim_phone,298-316-1371
victim_phone,298-318-1393
victim_phone,298-516-7801
victim_phone,298-708-9528
victim_phone,298-722-4031
victim_phone,299-152-2103
victim_phone,299-152-7276
victim_phone,299-353-4197
victim_phone,299-417-5911
victim_phone,299-454-3730
victim_phone,299-511-5005
victim_phone,299-610-1716
victim_phone,299-710-6034
victim_phone,300-153-1354
victim_phone,300-499-8423
victim_phone,300-624-8947
victim_phone,301-116-7935
victim_phone,301-359-2260
victim_phone,301-777-9335
victim_phone,3014272725
victim_phone,3017635774
victim_phone,302-115-6712
victim_phone,302-323-2739
victim_phone,302-545-7748
victim_phone,302-877-1761
victim_phone,3024259250
victim_phone,303-494-9521
victim_phone,303-509-8176
victim_phone,303-741-2366
victim_phone,303-772-7439
victim_phone,303-853-4986
victim_phone,304-457-4826
victim_phone,304-662-1148
victim_phone,304-792-2914
victim_phone,304-799-6214
victim_phone,304-843-7010
victim_phone,304-988-9098
victim_phone,3042299449
victim_phone,3044553108
victim_phone,305-105-1769
victim_phone,305-244-2886
victim_phone,305-811-4555
victim_phone,306-790-8552
victim_phone,306-918-5143
victim_phone,307-669-9185
victim_phone,307-811-7265
victim_phone,307-861-7792
victim_phone,308-160-1669
victim_phone,308-591-8316
victim_phone,308-943-3174
victim_phone,3087178475
victim_phone,3087373996
victim_phone,309-238-5991
victim_phone,309-881-8902
victim_phone,310-145-1764
victim_phone,310-373-6321
victim_phone,310-505-9262
victim_phone,3105523751
victim_phone,311-506-6472
victim_phone,311-552-6017
victim_phone,312-358-7656
victim_phone,312-830-3774
victim_phone,312-879-8753
victim_phone,3122758737
victim_phone,313-241-9468
victim_phone,313-351-9491
victim_phone,313-548-2200
victim_phone,314-370-7249
victim_phone,314-559-8342
victim_phone,315-142-8363
victim_phone,315-268-9832
victim_phone,315-504-1694
victim_phone,315-556-6262
victim_phone,315-973-6864
victim_phone,316-297-4747
victim_phone,316-470-2045
victim_phone,316-510-5045
victim_phone,316-779-3090
victim_phone,316-814-1284
victim_phone,317-100-7168
victim_phone,317-425-6741
victim_phone,317-488-6344
victim_phone,317-495-1309
victim_phone,317-953-2721
victim_phone,318-308-7709
victim_phone,318-437-3607
victim_phone,318-617-6745
victim_phone,319-113-4153
victim_phone,319-617-1231
victim_phone,319-829-1767
victim_phone,319-977-8712
victim_phone,319-998-7012
victim_phone,3199921380
victim_phone,320-302-5240
victim_phone,320-429-7044
victim_phone,320-433-1876
victim_phone,320-440-5040
victim_phone,320-792-9841
victim_phone,320-813-6162
victim_phone,321-418-9637
victim_phone,322-116-9936
victim_phone,322-244-5384
victim_phone,322-249-9491
victim_phone,322-346-9144
victim_phone,322-868-3789
victim_phone,323-354-2301
victim_phone,323-360-5562
victim_phone,323-395-7527
victim_phone,323-586-2017
victim_phone,323-744-2319
victim_phone,323-808-6163
victim_phone,3237623113
victim_phone,324-104-9442
victim_phone,324-231-9237
victim_phone,324-255-4078
victim_phone,325-289-5170
victim_phone,325-483-4423
victim_phone,325-605-4056
victim_phone,3251435643
victim_phone,3258156545
victim_phone,326-287-4478
victim_phone,326-323-2314
victim_phone,326-556-3570
victim_phone,327-117-6950
victim_phone,327-127-3262
victim_phone,327-193-4594
victim_phone,327-418-3884
victim_phone,327-742-8111
victim_phone,327-949-1229
victim_phone,328-109-1392
victim_phone,328-204-9804
victim_phone,328-295-4128
victim_phone,328-338-1329
victim_phone,328-497-9297
victim_phone,328-519-9825
victim_phone,328-731-6449
victim_phone,328-737-3523
victim_phone,328-895-1689
victim_phone,329-306-3269
victim_phone,329-587-5505
victim_phone,329-690-9817
victim_phone,329-872-7137
victim_phone,330-232-7662
victim_phone,330-367-2250
victim_phone,330-408-8148
victim_phone,330-421-8454
victim_phone,330-694-5647
victim_phone,330-800-5921
victim_phone,3303973395
victim_phone,3305788284
victim_phone,331-150-7701
victim_phone,331-846-3545
victim_phone,331-939-2128
victim_phone,3314256277
victim_phone,332-199-7471
victim_phone,332-899-7534
victim_phone,3325603154
victim_phone,333-375-5374
victim_phone,333-543-8019
victim_phone,333-549-6118
victim_phone,3338453986
victim_phone,334-103-8495
victim_phone,334-186-4571
victim_phone,334-216-5002
victim_phone,334-242-9003
victim_phone,334-360-3786
victim_phone,334-484-9041
victim_phone,334-644-3653
victim_phone,335-170-1910
victim_phone,335-605-2402
victim_phone,335-799-8721
victim_phone,3357391976
victim_phone,336-293-9848
victim_phone,336-373-4519
victim_phone,336-495-2291
victim_phone,336-541-8673
victim_phone,336-613-3337
victim_phone,337-292-4838
victim_phone,337-416-2496
victim_phone,337-960-7549
victim_phone,337-994-3374
victim_phone,337-996-7133
victim_phone,338-185-3736
victim_phone,338-590-2117
victim_phone,338-629-4370
victim_phone,338-642-6725
victim_phone,338-658-1021
victim_phone,338-819-2901
victim_phone,338-978-5041
victim_phone,3384459243
victim_phone,339-822-2722
victim_phone,339-846-9764
victim_phone,340-101-1899
victim_phone,340-224-1361
victim_phone,340-268-1629
victim_phone,340-329-9226
victim_phone,340-364-7474
victim_phone,340-407-6294
victim_phone,340-438-8014
victim_phone,340-633-4207
victim_phone,340-923-9062
victim_phone,3407252532
victim_phone,341-194-5686
victim_phone,341-254-4788
victim_phone,341-299-6158
victim_phone,341-579-4075
victim_phone,341-612-3365
victim_phone,341-691-8424
victim_phone,342-384-4132
victim_phone,342-977-5613
victim_phone,343-541-6834
victim_phone,343-682-4520
victim_phone,343-915-8660
victim_phone,343-932-1836
victim_phone,3436665899
victim_phone,344-173-6241
victim_phone,344-268-9127
victim_phone,344-352-2573
victim_phone,344-610-3843
victim_phone,344-708-4133
victim_phone,344-805-3410
victim_phone,344-832-8145
victim_phone,344-967-5079
victim_phone,344-973-4807
victim_phone,345-119-2563
victim_phone,345-253-3632
victim_phone,345-884-9938
victim_phone,346-450-1825
victim_phone,346-694-7764
victim_phone,346-896-6265
victim_phone,347-490-5111
victim_phone,347-660-8783
victim_phone,3477851021
victim_phone,348-463-9842
victim_phone,348-482-5556
victim_phone,348-760-3227
victim_phone,348-774-7834
victim_phone,349-363-3119
victim_phone,349-386-4338
victim_phone,349-405-2450
victim_phone,349-852-6871
victim_phone,349-919-2748
victim_phone,350-311-4658
victim_phone,350-719-5506
victim_phone,350-745-6782
victim_phone,350-863-6673
victim_phone,350-898-8023
victim_phone,3501718853
victim_phone,3505466849
victim_phone,351-278-6853
victim_phone,351-423-8351
victim_phone,351-668-4663
victim_phone,351-706-1499
victim_phone,351-787-6386
victim_phone,351-898-7007
victim_phone,3518892152
victim_phone,352-343-5572
victim_phone,352-372-1642
victim_phone,352-468-4025
victim_phone,352-838-4612
victim_phone,3523407622
victim_phone,353-398-8434
victim_phone,353-548-2767
victim_phone,353-559-7957
victim_phone,353-940-7798
victim_phone,354-299-5878
victim_phone,354-684-3804
victim_phone,354-766-7801
victim_phone,354-856-9725
victim_phone,3544925225
victim_phone,355-564-9086
victim_phone,3557375461
victim_phone,356-144-6951
victim_phone,356-472-8104
victim_phone,356-565-9789
victim_phone,356-665-4760
victim_phone,356-914-2575
victim_phone,356-921-3769
victim_phone,3562718215
victim_phone,357-156-1364
victim_phone,357-167-7954
victim_phone,357-225-4977
victim_phone,357-444-6269
victim_phone,357-800-5248
victim_phone,357-968-9265
victim_phone,3575119682
victim_phone,358-465-1897
victim_phone,358-692-6661
victim_phone,358-897-3560
victim_phone,359-774-7205
victim_phone,359-793-1510
victim_phone,359-932-6353
victim_phone,360-453-6829
victim_phone,3602888147
victim_phone,361-116-8978
victim_phone,361-181-3320
victim_phone,361-264-4307
victim_phone,361-265-9878
victim_phone,361-549-8316
victim_phone,362-122-6300
victim_phone,362-123-5079
victim_phone,362-205-6486
victim_phone,362-293-8715
victim_phone,362-776-1449
victim_phone,363-396-4048
victim_phone,363-953-8175
victim_phone,364-362-4868
victim_phone,364-367-4364
victim_phone,364-392-8553
victim_phone,364-854-5532
victim_phone,364-900-6397
victim_phone,365-169-9022
victim_phone,365-179-4503
victim_phone,365-281-7646
victim_phone,365-481-3475
victim_phone,365-483-5069
victim_phone,365-927-7440
victim_phone,3653757702
victim_phone,366-159-9718
victim_phone,366-940-1500
victim_phone,367-133-2010
victim_phone,367-133-7858
victim_phone,367-216-8389
victim_phone,367-236-7726
victim_phone,367-422-7664
victim_phone,367-462-4642
victim_phone,367-538-7671
victim_phone,368-248-5922
victim_phone,368-355-8502
victim_phone,368-380-7216
victim_phone,368-439-8083
victim_phone,368-739-8823
victim_phone,368-831-3562
victim_phone,3681699166
victim_phone,3688915887
victim_phone,369-335-2263
victim_phone,369-965-5970
victim_phone,370-140-5292
victim_phone,370-672-8177
victim_phone,370-821-4380
victim_phone,370-953-2726
victim_phone,3707141742
victim_phone,371-202-7000
victim_phone,371-252-1604
victim_phone,371-271-7214
victim_phone,371-370-1341
victim_phone,371-500-5492
victim_phone,371-619-7441
victim_phone,371-689-3815
victim_phone,372-797-2381
victim_phone,3725259785
victim_phone,373-181-7214
victim_phone,373-182-3755
victim_phone,373-389-3134
victim_phone,373-470-2633
victim_phone,373-643-3411
victim_phone,373-849-5587
victim_phone,373-914-5582
victim_phone,373-955-3434
victim_phone,374-147-1627
victim_phone,374-575-1854
victim_phone,374-634-6038
victim_phone,374-960-4572
victim_phone,375-348-9656
victim_phone,3758058696
victim_phone,376-306-9801
victim_phone,376-382-7602
victim_phone,376-440-3132
victim_phone,376-669-2735
victim_phone,376-683-1333
victim_phone,376-730-2898
victim_phone,377-286-4714
victim_phone,377-297-4288
victim_phone,377-347-5641
victim_phone,377-401-5862
victim_phone,377-592-5950
victim_phone,377-628-8134
victim_phone,3777884418
victim_phone,3778449061
victim_phone,378-244-9115
victim_phone,378-367-8314
victim_phone,378-402-7109
victim_phone,378-722-4095
victim_phone,378-895-5453
victim_phone,379-186-9765
victim_phone,379-763-2097
victim_phone,379-931-2119
victim_phone,3792164109
victim_phone,380-263-1706
victim_phone,380-639-2431
victim_phone,3805909191
victim_phone,3807152141
victim_phone,381-153-4428
victim_phone,381-178-4751
victim_phone,381-567-9653
victim_phone,381-808-3845
victim_phone,381-883-2474
victim_phone,381-910-1766
victim_phone,381-972-5755
victim_phone,3814109512
victim_phone,382-321-7137
victim_phone,382-644-9466
victim_phone,382-729-2581
victim_phone,382-862-7789
victim_phone,382-891-3495
victim_phone,382-913-5127
victim_phone,383-153-2922
victim_phone,383-205-3291
victim_phone,383-268-3898
victim_phone,383-367-7082
victim_phone,383-527-9317
victim_phone,383-722-5152
victim_phone,383-975-2268
victim_phone,3836941768
victim_phone,384-262-8587
victim_phone,384-461-4739
victim_phone,384-469-9545
victim_phone,384-738-2609
victim_phone,384-805-7303
victim_phone,384-897-9952
victim_phone,385-142-5025
victim_phone,385-459-7283
victim_phone,386-290-1265
victim_phone,386-628-8901
victim_phone,387-142-3763
victim_phone,387-369-3365
victim_phone,387-656-8571
victim_phone,387-870-3490
victim_phone,387-899-2435
victim_phone,387-909-4085
victim_phone,387-954-5615
victim_phone,3876565107
victim_phone,388-146-5766
victim_phone,388-421-3144
victim_phone,388-507-9899
victim_phone,388-541-8292
victim_phone,388-627-3222
victim_phone,3888883241
victim_phone,389-196-1669
victim_phone,389-801-3448
victim_phone,389-845-2356
victim_phone,389-898-7344
victim_phone,389-913-3800
victim_phone,390-444-7271
victim_phone,390-529-4090
victim_phone,390-740-5955
victim_phone,390-882-9299
victim_phone,3901259328
victim_phone,391-351-1143
victim_phone,391-481-8107
victim_phone,391-871-5492
victim_phone,392-283-3421
victim_phone,392-641-6747
victim_phone,3928601593
victim_phone,393-192-7881
victim_phone,393-396-9588
victim_phone,393-517-4454
victim_phone,3938149024
victim_phone,394-210-4030
victim_phone,394-216-5020
victim_phone,394-274-1961
victim_phone,394-861-2750
victim_phone,394-909-3796
victim_phone,395-305-1798
victim_phone,395-389-1479
victim_phone,395-440-1306
victim_phone,3956212676
victim_phone,396-798-6270
victim_phone,3968709048
victim_phone,397-123-8807
victim_phone,397-393-5532
victim_phone,397-765-3114
victim_phone,397-791-8191
victim_phone,397-880-5683
victim_phone,3975764717
victim_phone,398-197-6256
victim_phone,398-477-8786
victim_phone,398-857-7290
victim_phone,3986026093
victim_phone,399-465-5226
victim_phone,3999563581
victim_phone,400-361-5180
victim_phone,400-560-5294
victim_phone,400-713-2435
victim_phone,400-716-5854
victim_phone,400-914-8890
victim_phone,400-918-3705
victim_phone,400-931-5118
victim_phone,400-966-1594
victim_phone,401-405-7748
victim_phone,401-568-2867
victim_phone,402-224-9264
victim_phone,402-361-9032
victim_phone,402-592-9516
victim_phone,402-707-3158
victim_phone,402-835-9531
victim_phone,402-975-2894
victim_phone,403-277-8070
victim_phone,403-864-7804
victim_phone,4032219809
victim_phone,404-142-6170
victim_phone,404-430-3173
victim_phone,404-624-1223
victim_phone,404-814-5184
victim_phone,405-180-9343
victim_phone,405-650-7419
victim_phone,406-176-2330
victim_phone,406-250-8619
victim_phone,406-292-8995
victim_phone,406-326-2530
victim_phone,406-474-4982
victim_phone,406-576-2254
victim_phone,406-646-3517
victim_phone,406-663-8684
victim_phone,407-837-3029
victim_phone,407-909-7401
victim_phone,407-989-5250
victim_phone,408-177-7785
victim_phone,408-540-5480
victim_phone,408-617-8964
victim_phone,408-673-9656
victim_phone,408-717-1793
victim_phone,409-273-4281
victim_phone,409-371-3594
victim_phone,409-523-7099
victim_phone,409-600-1910
victim_phone,409-660-7697
victim_phone,409-920-1320
victim_phone,410-637-3369
victim_phone,410-747-2560
victim_phone,410-808-2048
victim_phone,410-817-6988
victim_phone,410-905-3629
victim_phone,411-176-1478
victim_phone,411-490-1142
victim_phone,411-564-8570
victim_phone,411-660-6684
victim_phone,411-661-2975
victim_phone,411-860-5380
victim_phone,412-552-3831
victim_phone,412-569-8298
victim_phone,412-630-7833
victim_phone,412-661-9734
victim_phone,412-878-2042
victim_phone,413-433-3938
victim_phone,413-625-8313
victim_phone,413-706-3158
victim_phone,413-768-1434
victim_phone,413-947-7082
victim_phone,414-257-4028
victim_phone,414-259-3755
victim_phone,414-360-8551
victim_phone,415-128-5025
victim_phone,415-801-7982
victim_phone,415-866-6633
victim_phone,415-893-6780
victim_phone,415-989-9049
victim_phone,416-151-8143
victim_phone,416-547-2343
victim_phone,417-464-3125
victim_phone,417-707-8579
victim_phone,4179457157
victim_phone,418-778-4796
victim_phone,418-800-7692
victim_phone,418-977-3649
victim_phone,419-308-7111
victim_phone,419-323-7076
victim_phone,419-437-1728
victim_phone,4194173620
victim_phone,420-144-3330
victim_phone,420-328-5451
victim_phone,420-486-3775
victim_phone,420-834-5905
victim_phone,420-933-5166
victim_phone,421-418-2070
victim_phone,421-566-7526
victim_phone,421-636-8346
victim_phone,421-752-2729
victim_phone,422-179-1762
victim_phone,422-561-2861
victim_phone,422-737-9223
victim_phone,422-939-3981
victim_phone,423-257-5021
victim_phone,423-335-2020
victim_phone,423-467-6083
victim_phone,423-617-7281
victim_phone,423-761-1623
victim_phone,423-815-2348
victim_phone,423-945-7811
victim_phone,4234322491
victim_phone,424-237-6343
victim_phone,424-330-2177
victim_phone,424-408-7393
victim_phone,424-425-5449
victim_phone,424-978-8300
victim_phone,425-123-7315
victim_phone,425-130-5945
victim_phone,425-374-9471
victim_phone,425-403-5399
victim_phone,425-439-6648
victim_phone,425-482-4697
victim_phone,425-546-1052
victim_phone,426-631-8292
victim_phone,426-829-8145
victim_phone,4261862187
victim_phone,4263298768
victim_phone,4265397984
victim_phone,4269049829
victim_phone,427-134-8558
victim_phone,427-405-4804
victim_phone,427-459-8327
victim_phone,427-690-2086
victim_phone,428-174-5784
victim_phone,428-240-6802
victim_phone,428-583-9639
victim_phone,428-620-7368
victim_phone,428-661-5563
victim_phone,428-791-3535
victim_phone,428-933-5011
victim_phone,4281322107
victim_phone,429-245-9510
victim_phone,429-328-9555
victim_phone,429-441-7183
victim_phone,429-449-3877
victim_phone,429-588-3689
victim_phone,429-668-3734
victim_phone,429-686-7127
victim_phone,4292998364
victim_phone,430-181-2299
victim_phone,430-264-8626
victim_phone,430-389-3808
victim_phone,430-678-7403
victim_phone,430-683-3662
victim_phone,431-240-3538
victim_phone,431-305-3556
victim_phone,431-457-7618
victim_phone,431-459-2464
victim_phone,431-548-6021
victim_phone,431-579-6170
victim_phone,4314813609
victim_phone,432-280-5549
victim_phone,432-929-2126
victim_phone,432-941-2006
victim_phone,4324399195
victim_phone,433-210-1850
victim_phone,433-517-2848
victim_phone,433-543-7283
victim_phone,433-809-3880
victim_phone,433-979-8796
victim_phone,434-228-6813
victim_phone,434-419-8178
victim_phone,434-976-4590
victim_phone,435-100-8874
victim_phone,435-168-2432
victim_phone,435-327-9805
victim_phone,435-389-3956
victim_phone,435-472-7186
victim_phone,435-541-5400
victim_phone,435-669-7103
victim_phone,435-883-1611
victim_phone,436-820-4741
victim_phone,436-963-4550
victim_phone,4363173311
victim_phone,4369729874
victim_phone,437-102-7407
victim_phone,437-267-2630
victim_phone,437-363-7672
victim_phone,437-656-6641
victim_phone,437-877-3888
victim_phone,437-995-9836
victim_phone,438-250-4435
victim_phone,438-319-7158
victim_phone,438-688-1200
victim_phone,438-925-7386
victim_phone,438-979-2373
victim_phone,4386839322
victim_phone,439-356-6312
victim_phone,439-965-4872
victim_phone,440-188-4724
victim_phone,440-481-7334
victim_phone,440-621-1091
victim_phone,440-816-4986
victim_phone,441-577-8333
victim_phone,441-591-9903
victim_phone,442-101-4822
victim_phone,442-171-1664
victim_phone,443-209-3708
victim_phone,443-379-9348
victim_phone,443-639-2902
victim_phone,443-893-6852
victim_phone,443-910-1852
victim_phone,444-568-2459
victim_phone,445-282-9406
victim_phone,445-628-5139
victim_phone,445-649-4353
victim_phone,445-807-9233
victim_phone,446-505-5071
victim_phone,446-635-1068
victim_phone,446-639-6033
victim_phone,446-891-9683
victim_phone,447-114-8445
victim_phone,447-163-8294
victim_phone,447-583-5184
victim_phone,447-660-8652
victim_phone,447-729-6570
victim_phone,447-901-1845
victim_phone,447-939-5164
victim_phone,4479825582
victim_phone,448-104-5771
victim_phone,448-410-2856
victim_phone,448-492-5347
victim_phone,448-680-6941
victim_phone,448-743-6160
victim_phone,4481284531
victim_phone,4488801528
victim_phone,449-422-9237
victim_phone,449-464-1635
victim_phone,449-652-8002
victim_phone,449-700-2520
victim_phone,449-754-5397
victim_phone,449-755-7798
victim_phone,449-825-6445
victim_phone,449-887-5397
victim_phone,449-960-1144
victim_phone,4491043210
victim_phone,450-362-3993
victim_phone,450-399-3125
victim_phone,450-551-3445
victim_phone,450-760-3470
victim_phone,450-908-4128
victim_phone,450-922-7044
victim_phone,451-419-1592
victim_phone,451-540-1256
victim_phone,451-568-6693
victim_phone,451-711-6721
victim_phone,451-993-1869
victim_phone,4512856402
victim_phone,452-132-2896
victim_phone,452-152-8214
victim_phone,452-447-6102
victim_phone,452-452-3094
victim_phone,452-539-4121
victim_phone,452-967-3226
victim_phone,453-207-6371
victim_phone,453-468-4682
victim_phone,453-626-8943
victim_phone,453-846-3135
victim_phone,453-969-4702
victim_phone,454-109-8696
victim_phone,454-631-8384
victim_phone,454-877-4781
victim_phone,454-902-5042
victim_phone,4549105578
victim_phone,455-257-8016
victim_phone,455-447-2405
victim_phone,456-387-8361
victim_phone,456-557-7505
victim_phone,456-844-1835
victim_phone,457-121-3831
victim_phone,457-224-8520
victim_phone,457-241-6737
victim_phone,457-344-6176
victim_phone,457-728-5370
victim_phone,458-942-1472
victim_phone,459-281-1693
victim_phone,459-781-6600
victim_phone,460-141-6635
victim_phone,460-270-6864
victim_phone,460-604-7879
victim_phone,461-264-4085
victim_phone,461-282-4933
victim_phone,461-557-1031
victim_phone,4611082305
victim_phone,462-536-8108
victim_phone,462-569-5234
victim_phone,462-742-5753
victim_phone,462-789-2720
victim_phone,462-794-9227
victim_phone,462-918-5244
victim_phone,463-120-1997
victim_phone,463-298-5118
victim_phone,463-554-3865
victim_phone,463-991-2366
victim_phone,4639134468
victim_phone,464-384-9304
victim_phone,464-410-1964
victim_phone,464-448-5581
victim_phone,464-708-3393
victim_phone,465-214-4496
victim_phone,465-546-3086
victim_phone,466-255-6446
victim_phone,466-514-5569
victim_phone,466-519-7933
victim_phone,466-549-3059
victim_phone,466-616-7497
victim_phone,466-639-4584
victim_phone,467-466-5230
victim_phone,467-518-9402
victim_phone,468-833-9769
victim_phone,468-926-2563
victim_phone,4686764836
victim_phone,469-315-7913
victim_phone,470-283-8039
victim_phone,470-392-5083
victim_phone,470-565-5868
victim_phone,470-744-5470
victim_phone,470-768-4966
victim_phone,471-350-1097
victim_phone,471-368-2716
victim_phone,471-584-5618
victim_phone,471-689-5341
victim_phone,471-911-6905
victim_phone,472-268-6199
victim_phone,472-308-3813
victim_phone,4723761877
victim_phone,473-260-5353
victim_phone,473-441-5384
victim_phone,473-459-9378
victim_phone,473-864-2457
victim_phone,474-565-9946
victim_phone,474-946-9762
victim_phone,4746053011
victim_phone,475-503-5642
victim_phone,476-429-4222
victim_phone,476-560-5534
victim_phone,477-537-7657
victim_phone,477-561-8660
victim_phone,477-604-3892
victim_phone,477-604-9434
victim_phone,477-824-3486
victim_phone,477-958-9003
victim_phone,4771882776
victim_phone,478-495-4762
victim_phone,478-680-2610
victim_phone,479-249-4698
victim_phone,479-346-4711
victim_phone,479-835-1459
victim_phone,479-847-9773
victim_phone,480-473-2068
victim_phone,480-566-5521
victim_phone,480-592-2460
victim_phone,480-615-8057
victim_phone,480-676-8014
victim_phone,481-157-6435
victim_phone,481-281-3246
victim_phone,481-355-9937
victim_phone,481-834-9713
victim_phone,482-921-4390
victim_phone,482-929-8486
victim_phone,483-215-1046
victim_phone,483-445-3914
victim_phone,483-604-6257
victim_phone,483-769-9378
victim_phone,483-956-9813
victim_phone,483-971-8756
victim_phone,484-755-5825
victim_phone,484-840-3944
victim_phone,484-958-8883
victim_phone,485-378-8174
victim_phone,485-597-6672
victim_phone,485-632-4800
victim_phone,485-765-7045
victim_phone,486-368-7804
victim_phone,486-507-1742
victim_phone,486-518-8764
victim_phone,486-583-4782
victim_phone,486-955-5798
victim_phone,4865379656
victim_phone,487-360-5195
victim_phone,487-793-6290
victim_phone,4872828239
victim_phone,488-410-5963
victim_phone,488-476-4993
victim_phone,488-549-9211
victim_phone,488-644-8904
victim_phone,489-169-2049
victim_phone,489-641-5874
victim_phone,489-669-5146
victim_phone,489-822-6586
victim_phone,4898926090
victim_phone,490-142-7957
victim_phone,490-537-8006
victim_phone,490-818-9475
victim_phone,490-961-8219
victim_phone,4905463302
victim_phone,491-118-1076
victim_phone,491-322-2390
victim_phone,491-355-3893
victim_phone,491-396-6062
victim_phone,491-482-3964
victim_phone,491-697-5815
victim_phone,492-123-1848
victim_phone,492-226-8395
victim_phone,492-559-5974
victim_phone,492-775-5812
victim_phone,493-629-2061
victim_phone,493-745-7763
victim_phone,494-220-1916
victim_phone,494-681-8733
victim_phone,494-770-8710
victim_phone,494-986-2121
victim_phone,495-560-3888
victim_phone,495-986-4641
victim_phone,496-329-1328
victim_phone,496-406-6718
victim_phone,496-557-3731
victim_phone,496-583-8302
victim_phone,496-647-5692
victim_phone,496-873-1265
victim_phone,497-237-1303
victim_phone,497-284-1984
victim_phone,497-506-4514
victim_phone,497-998-5467
victim_phone,4978706505
victim_phone,498-183-8758
victim_phone,498-391-4963
victim_phone,498-520-4963
victim_phone,498-800-1429
victim_phone,498-828-1380
victim_phone,498-864-6325
victim_phone,498-974-4652
victim_phone,4985167531
victim_phone,499-383-5199
victim_phone,499-779-6620
victim_phone,499-843-5687
victim_phone,500-160-4297
victim_phone,500-617-6389
victim_phone,500-851-7299
victim_phone,5005222363
victim_phone,501-943-8143
victim_phone,5017515028
victim_phone,502-242-4247
victim_phone,502-250-5189
victim_phone,502-331-4606
victim_phone,502-464-9125
victim_phone,502-828-2346
victim_phone,5021227484
victim_phone,503-133-2758
victim_phone,503-201-2945
victim_phone,503-566-7679
victim_phone,503-775-2042
victim_phone,503-900-5846
victim_phone,503-935-7480
victim_phone,5033277045
victim_phone,504-545-5691
victim_phone,504-611-1288
victim_phone,504-909-7234
victim_phone,504-912-3018
victim_phone,505-277-5813
victim_phone,505-414-1243
victim_phone,505-482-2447
victim_phone,505-581-2128
victim_phone,505-643-9606
victim_phone,505-655-8922
victim_phone,505-790-5206
victim_phone,505-853-3657
victim_phone,505-912-3361
victim_phone,505-929-5387
victim_phone,505-962-5437
victim_phone,5052187756
victim_phone,506-285-9971
victim_phone,506-807-6859
victim_phone,506-858-5519
victim_phone,506-866-7381
victim_phone,507-600-7562
victim_phone,507-710-9117
victim_phone,507-744-1164
victim_phone,507-875-4426
victim_phone,5079801235
victim_phone,508-418-7685
victim_phone,508-503-6429
victim_phone,508-645-7273
victim_phone,508-823-9533
victim_phone,508-841-6762
victim_phone,508-857-1184
victim_phone,5087774460
victim_phone,509-122-7168
victim_phone,510-569-1691
victim_phone,510-575-1070
victim_phone,510-817-8189
victim_phone,510-939-3544
victim_phone,5109132226
victim_phone,511-110-7739
victim_phone,511-341-1244
victim_phone,511-768-9504
victim_phone,511-843-8965
victim_phone,511-933-8458
victim_phone,511-946-9556
victim_phone,512-162-9340
victim_phone,512-317-9620
victim_phone,512-970-2552
victim_phone,512-982-3923
victim_phone,5129159876
victim_phone,513-103-2962
victim_phone,513-110-5813
victim_phone,513-228-2765
victim_phone,513-321-1657
victim_phone,513-535-7178
victim_phone,513-778-1516
victim_phone,513-980-7504
victim_phone,514-236-6228
victim_phone,514-659-2215
victim_phone,514-874-6646
victim_phone,5146777109
victim_phone,515-696-7678
victim_phone,515-836-2160
victim_phone,516-231-3173
victim_phone,516-488-8493
victim_phone,516-873-8884
victim_phone,5161566983
victim_phone,517-122-9248
victim_phone,517-510-5275
victim_phone,517-987-9141
victim_phone,518-135-1103
victim_phone,518-167-5237
victim_phone,518-277-6504
victim_phone,518-396-4658
victim_phone,518-419-5671
victim_phone,518-463-6283
victim_phone,519-165-5654
victim_phone,519-372-1786
victim_phone,519-508-7118
victim_phone,519-731-4687
victim_phone,519-920-7544
victim_phone,519-935-9733
victim_phone,520-145-5290
victim_phone,520-523-1749
victim_phone,520-564-3164
victim_phone,520-813-3649
victim_phone,521-445-9953
victim_phone,521-849-2533
victim_phone,5215281004
victim_phone,522-347-4523
victim_phone,522-376-2726
victim_phone,522-579-6386
victim_phone,522-869-4014
victim_phone,5229953251
victim_phone,523-258-6026
victim_phone,523-445-1679
victim_phone,523-729-9056
victim_phone,523-805-1137
victim_phone,523-824-5602
victim_phone,523-991-2844
victim_phone,524-186-5101
victim_phone,524-200-9942
victim_phone,524-419-2122
victim_phone,524-558-9647
victim_phone,524-699-4071
victim_phone,524-975-7563
victim_phone,525-555-4621
victim_phone,525-789-8436
victim_phone,526-225-1144
victim_phone,5264674869
victim_phone,527-108-7397
victim_phone,527-517-4886
victim_phone,527-552-9048
victim_phone,527-727-2712
victim_phone,527-763-1591
victim_phone,527-867-3050
victim_phone,528-202-4050
victim_phone,528-296-7595
victim_phone,528-313-4916
victim_phone,528-643-7567
victim_phone,528-952-4947
victim_phone,529-257-2187
victim_phone,529-610-4649
victim_phone,529-692-6293
victim_phone,529-822-1357
victim_phone,5293611641
victim_phone,530-378-4769
victim_phone,530-774-2098
victim_phone,530-810-2945
victim_phone,530-899-4230
victim_phone,530-940-5075
victim_phone,530-963-2891
victim_phone,531-664-4795
victim_phone,531-724-1740
victim_phone,531-757-5554
victim_phone,5316029871
victim_phone,5317959554
victim_phone,532-328-4430
victim_phone,532-375-4341
victim_phone,532-393-2859
victim_phone,532-648-7905
victim_phone,532-729-1344
victim_phone,532-743-1702
victim_phone,532-905-3485
victim_phone,532-999-2740
victim_phone,533-103-5025
victim_phone,533-123-8517
victim_phone,533-400-8433
victim_phone,533-443-1182
victim_phone,533-633-1910
victim_phone,533-677-5577
victim_phone,533-828-8448
victim_phone,533-989-6199
victim_phone,5335856074
victim_phone,534-173-4520
victim_phone,534-217-1403
victim_phone,534-365-2667
victim_phone,534-417-7933
victim_phone,534-870-3834
victim_phone,535-444-1231
victim_phone,535-738-2483
victim_phone,536-116-1893
victim_phone,536-116-3190
victim_phone,536-302-1088
victim_phone,536-324-4544
victim_phone,536-441-1904
victim_phone,536-677-1900
victim_phone,536-762-5023
victim_phone,536-824-3743
victim_phone,536-982-4531
victim_phone,5367245791
victim_phone,537-104-2916
victim_phone,537-590-7916
victim_phone,537-684-7293
victim_phone,538-438-6789
victim_phone,538-627-4323
victim_phone,538-651-5228
victim_phone,539-496-6074
victim_phone,539-542-5692
victim_phone,539-856-2296
victim_phone,5391653949
victim_phone,540-161-5230
victim_phone,540-746-3897
victim_phone,540-831-5766
victim_phone,540-853-1006
victim_phone,540-949-2634
victim_phone,541-550-3163
victim_phone,541-715-2021
victim_phone,541-760-9801
victim_phone,541-764-7546
victim_phone,542-355-2504
victim_phone,542-543-8707
victim_phone,542-642-4208
victim_phone,542-778-9560
victim_phone,543-181-1232
victim_phone,543-727-7521
victim_phone,543-848-6067
victim_phone,543-953-1248
victim_phone,544-629-5178
victim_phone,544-730-3855
victim_phone,544-753-6619
victim_phone,544-861-9377
victim_phone,545-296-3476
victim_phone,545-908-1486
victim_phone,546-282-5785
victim_phone,5461968554
victim_phone,547-137-6650
victim_phone,547-352-3807
victim_phone,547-437-8330
victim_phone,547-640-9095
victim_phone,547-682-9253
victim_phone,5476659315
victim_phone,5477982615
victim_phone,548-305-2978
victim_phone,548-399-8856
victim_phone,548-509-8413
victim_phone,548-542-9323
victim_phone,548-911-8437
victim_phone,550-541-1440
victim_phone,550-645-5332
victim_phone,550-657-4869
victim_phone,550-704-8603
victim_phone,550-800-9175
victim_phone,550-800-9404
victim_phone,5502872865
victim_phone,551-298-2299
victim_phone,551-336-6654
victim_phone,551-519-7493
victim_phone,551-523-3770
victim_phone,551-569-1537
victim_phone,551-635-9161
victim_phone,551-684-7325
victim_phone,551-914-8390
victim_phone,5515284227
victim_phone,552-172-7484
victim_phone,552-521-8290
victim_phone,552-616-3910
victim_phone,553-155-5331
victim_phone,554-268-1709
victim_phone,554-385-2967
victim_phone,554-518-5824
victim_phone,554-654-7353
victim_phone,555-124-4053
victim_phone,555-413-3920
victim_phone,555-841-8576
victim_phone,556-382-4424
victim_phone,556-618-7812
victim_phone,557-139-4506
victim_phone,557-311-3744
victim_phone,557-625-5877
victim_phone,558-124-8501
victim_phone,558-337-7502
victim_phone,558-408-1128
victim_phone,558-587-8692
victim_phone,558-893-4878
victim_phone,558-995-6093
victim_phone,5584119506
victim_phone,559-159-4570
victim_phone,559-663-9416
victim_phone,559-782-7083
victim_phone,559-991-3643
victim_phone,560-380-1825
victim_phone,560-678-2632
victim_phone,560-962-1385
victim_phone,562-102-7275
victim_phone,562-349-6013
victim_phone,562-365-3122
victim_phone,562-874-3071
victim_phone,562-941-6000
victim_phone,563-116-5937
victim_phone,563-444-9468
victim_phone,563-493-2856
victim_phone,563-639-4163
victim_phone,563-826-5993
victim_phone,563-871-4628
victim_phone,563-909-3614
victim_phone,5634675476
victim_phone,564-536-4844
victim_phone,565-516-3881
victim_phone,565-749-7611
victim_phone,565-764-6740
victim_phone,5655494967
victim_phone,566-381-8905
victim_phone,566-396-6823
victim_phone,566-445-1022
victim_phone,566-618-9983
victim_phone,567-463-1728
victim_phone,567-587-5682
victim_phone,567-589-9380
victim_phone,567-850-9918
victim_phone,5673589669
victim_phone,568-168-2884
victim_phone,568-639-8305
victim_phone,569-463-2232
victim_phone,569-843-3561
victim_phone,5695181928
victim_phone,570-109-5718
victim_phone,570-123-5929
victim_phone,570-479-4823
victim_phone,570-941-6568
victim_phone,571-201-7018
victim_phone,571-347-8764
victim_phone,571-474-5198
victim_phone,571-898-2322
victim_phone,572-168-4977
victim_phone,572-370-3707
victim_phone,572-672-2659
victim_phone,572-717-6265
victim_phone,5724413553
victim_phone,573-184-5245
victim_phone,573-217-4554
victim_phone,573-635-6034
victim_phone,573-819-2255
victim_phone,574-179-8863
victim_phone,574-462-1575
victim_phone,574-546-6648
victim_phone,574-609-1137
victim_phone,574-760-2899
victim_phone,574-795-9550
victim_phone,574-975-5126
victim_phone,575-322-7733
victim_phone,575-500-5524
victim_phone,575-748-8976
victim_phone,575-759-5393
victim_phone,576-230-6134
victim_phone,576-840-4684
victim_phone,576-884-5290
victim_phone,576-891-4189
victim_phone,576-950-2359
victim_phone,5769045701
victim_phone,577-687-5958
victim_phone,578-646-7743
victim_phone,579-113-1774
victim_phone,579-737-5870
victim_phone,579-756-3087
victim_phone,579-781-3543
victim_phone,579-927-8560
victim_phone,580-156-6346
victim_phone,580-523-1272
victim_phone,580-696-7954
victim_phone,580-862-5864
victim_phone,581-325-4278
victim_phone,581-578-6692
victim_phone,581-817-1264
victim_phone,5818998758
victim_phone,582-123-8416
victim_phone,582-316-9386
victim_phone,582-776-8653
victim_phone,583-189-3328
victim_phone,583-246-1214
victim_phone,583-483-9415
victim_phone,583-883-9163
victim_phone,584-144-2922
victim_phone,584-187-3144
victim_phone,584-202-9173
victim_phone,584-264-1565
victim_phone,584-309-1621
victim_phone,584-320-7510
victim_phone,584-601-8858
victim_phone,584-759-3670
victim_phone,584-782-8334
victim_phone,585-283-1031
victim_phone,585-298-7293
victim_phone,585-411-5939
victim_phone,585-553-8531
victim_phone,585-712-6456
victim_phone,585-972-6713
victim_phone,586-506-8228
victim_phone,586-625-1988
victim_phone,586-846-8013
victim_phone,587-128-1955
victim_phone,587-505-1798
victim_phone,587-587-1503
victim_phone,588-246-1380
victim_phone,588-759-1051
victim_phone,589-497-2985
victim_phone,589-972-5987
victim_phone,590-214-5608
victim_phone,590-332-6488
victim_phone,590-446-7772
victim_phone,590-852-3341
victim_phone,590-948-7883
victim_phone,5913282394
victim_phone,592-297-3560
victim_phone,592-489-1799
victim_phone,592-963-2655
victim_phone,592-990-1430
victim_phone,593-476-4422
victim_phone,593-704-2729
victim_phone,593-741-7622
victim_phone,5936759281
victim_phone,594-208-9294
victim_phone,594-492-2016
victim_phone,594-930-6018
victim_phone,595-532-6759
victim_phone,595-563-4338
victim_phone,595-669-5458
victim_phone,595-718-9026
victim_phone,595-910-7869
victim_phone,595-943-6404
victim_phone,596-444-9767
victim_phone,596-473-7035
victim_phone,596-507-7534
victim_phone,596-544-9727
victim_phone,597-400-2757
victim_phone,597-400-9874
victim_phone,597-406-7763
victim_phone,597-590-5404
victim_phone,598-369-4899
victim_phone,598-503-4384
victim_phone,598-746-2234
victim_phone,598-936-2315
victim_phone,5982732041
victim_phone,599-946-4741
victim_phone,5995072448
victim_phone,600-377-8617
victim_phone,601-499-7295
victim_phone,601-595-6522
victim_phone,601-794-7085
victim_phone,601-940-3826
victim_phone,601-968-2525
victim_phone,602-166-7547
victim_phone,602-207-7911
victim_phone,602-276-2245
victim_phone,602-512-4652
victim_phone,603-260-8163
victim_phone,603-660-8770
victim_phone,604-101-2075
victim_phone,604-567-4903
victim_phone,604-635-7435
victim_phone,604-658-8077
victim_phone,604-945-3839
victim_phone,6041784894
victim_phone,605-196-9865
victim_phone,605-293-5862
victim_phone,605-430-9231
victim_phone,605-459-2520
victim_phone,605-682-3255
victim_phone,605-740-6005
victim_phone,6059557008
victim_phone,606-334-2253
victim_phone,607-218-7194
victim_phone,607-618-5693
victim_phone,607-714-2769
victim_phone,6072798391
victim_phone,6074233442
victim_phone,608-122-7477
victim_phone,608-164-9675
victim_phone,608-327-8361
victim_phone,608-513-7603
victim_phone,608-575-9411
victim_phone,608-620-9845
victim_phone,608-910-7374
victim_phone,608-990-2233
victim_phone,6083223354
victim_phone,6086721552
victim_phone,6086918858
victim_phone,609-493-2780
victim_phone,609-525-9057
victim_phone,609-770-1487
victim_phone,609-880-5721
victim_phone,609-996-9476
victim_phone,6092016594
victim_phone,610-823-3671
victim_phone,611-137-9533
victim_phone,611-356-8166
victim_phone,611-560-3710
victim_phone,611-662-8467
victim_phone,611-688-5813
victim_phone,612-122-1211
victim_phone,612-471-8077
victim_phone,612-666-1372
victim_phone,612-841-5963
victim_phone,612-993-4202
victim_phone,613-154-8830
victim_phone,613-157-1068
victim_phone,613-572-9568
victim_phone,613-657-1540
victim_phone,613-665-7433
victim_phone,613-773-6340
victim_phone,613-959-8644
victim_phone,614-356-5146
victim_phone,614-605-1307
victim_phone,614-717-1349
victim_phone,614-776-8047
victim_phone,614-778-5376
victim_phone,615-614-8649
victim_phone,615-796-5448
victim_phone,6156381457
victim_phone,616-570-8211
victim_phone,6161987754
victim_phone,617-749-2100
victim_phone,617-752-4687
victim_phone,617-956-9478
victim_phone,618-184-4989
victim_phone,618-212-2980
victim_phone,618-368-9022
victim_phone,618-388-6047
victim_phone,618-494-3514
victim_phone,618-544-9218
victim_phone,618-551-2789
victim_phone,618-968-6517
victim_phone,619-352-6060
victim_phone,619-369-8551
victim_phone,619-381-4910
victim_phone,619-400-9691
victim_phone,619-412-5359
victim_phone,619-441-6913
victim_phone,619-593-5138
victim_phone,619-754-5478
victim_phone,619-814-8894
victim_phone,619-875-5478
victim_phone,6198003883
victim_phone,620-123-3808
victim_phone,620-200-5633
victim_phone,620-396-5553
victim_phone,620-710-7161
victim_phone,620-788-4303
victim_phone,620-879-9750
victim_phone,6203816431
victim_phone,621-590-8295
victim_phone,621-602-7172
victim_phone,621-617-4600
victim_phone,621-696-4097
victim_phone,621-789-4633
victim_phone,621-791-1460
victim_phone,621-828-1385
victim_phone,621-880-2986
victim_phone,621-942-6394
victim_phone,6219381106
victim_phone,622-112-4381
victim_phone,622-132-3522
victim_phone,622-274-7508
victim_phone,622-280-4161
victim_phone,622-665-9681
victim_phone,622-903-2659
victim_phone,6223265920
victim_phone,6223777338
victim_phone,6227283323
victim_phone,623-216-8403
victim_phone,623-313-9327
victim_phone,623-637-4438
victim_phone,623-741-2127
victim_phone,623-783-5378
victim_phone,623-918-8417
victim_phone,624-102-8735
victim_phone,624-295-3608
victim_phone,624-369-6990
victim_phone,624-393-7545
victim_phone,624-579-5718
victim_phone,624-680-6977
victim_phone,624-744-4185
victim_phone,624-969-6347
victim_phone,625-259-8594
victim_phone,625-884-4448
victim_phone,625-969-4890
victim_phone,626-253-3988
victim_phone,626-783-5871
victim_phone,627-111-7000
victim_phone,627-569-9749
victim_phone,627-652-8023
victim_phone,627-745-6403
victim_phone,627-918-3484
victim_phone,6275023449
victim_phone,628-122-3246
victim_phone,628-419-2176
victim_phone,628-585-6246
victim_phone,628-666-8419
victim_phone,629-154-6451
victim_phone,629-222-2693
victim_phone,629-282-1511
victim_phone,629-389-6987
victim_phone,629-682-4762
victim_phone,6296374507
victim_phone,630-379-4938
victim_phone,630-380-5057
victim_phone,630-567-6885
victim_phone,630-937-2872
victim_phone,6308265243
victim_phone,631-307-6915
victim_phone,631-387-5877
victim_phone,631-466-9949
victim_phone,631-639-4593
victim_phone,632-411-9913
victim_phone,632-483-3379
victim_phone,632-522-8864
victim_phone,632-549-2746
victim_phone,632-569-2975
victim_phone,632-604-3569
victim_phone,632-638-9665
victim_phone,632-946-9562
victim_phone,633-279-8655
victim_phone,633-531-8814
victim_phone,633-629-7836
victim_phone,633-632-4428
victim_phone,633-650-7637
victim_phone,633-714-3838
victim_phone,633-731-4094
victim_phone,633-886-1159
victim_phone,633-886-7471
victim_phone,633-977-1335
victim_phone,634-128-4018
victim_phone,634-708-9394
victim_phone,634-842-9177
victim_phone,635-214-3778
victim_phone,635-251-1458
victim_phone,635-409-1156
victim_phone,635-883-8394
victim_phone,635-947-9555
victim_phone,6356525134
victim_phone,636-603-7606
victim_phone,637-152-5190
victim_phone,637-289-6468
victim_phone,637-498-2630
victim_phone,637-830-2898
victim_phone,637-941-9155
victim_phone,638-269-3281
victim_phone,638-474-6811
victim_phone,638-533-3915
victim_phone,638-547-6344
victim_phone,638-591-9759
victim_phone,6385712805
victim_phone,6387074603
victim_phone,639-152-3531
victim_phone,639-378-9582
victim_phone,639-865-2041
victim_phone,639-973-8689
victim_phone,639-978-2949
victim_phone,640-161-6697
victim_phone,640-368-6594
victim_phone,640-468-4688
victim_phone,640-550-8236
victim_phone,640-617-7911
victim_phone,640-799-1894
victim_phone,640-880-2925
victim_phone,640-888-3378
victim_phone,6406296246
victim_phone,6408889127
victim_phone,641-171-6409
victim_phone,642-224-4885
victim_phone,642-349-4521
victim_phone,642-544-6121
victim_phone,642-766-8977
victim_phone,642-977-8808
victim_phone,643-163-2243
victim_phone,643-305-9653
victim_phone,643-488-1740
victim_phone,643-557-3562
victim_phone,643-558-3318
victim_phone,643-768-4931
victim_phone,643-779-9998
victim_phone,643-896-3660
victim_phone,644-134-9682
victim_phone,644-298-3981
victim_phone,644-629-9763
victim_phone,644-756-1992
victim_phone,644-784-3108
victim_phone,645-333-1483
victim_phone,645-633-4534
victim_phone,645-898-9286
victim_phone,645-910-8411
victim_phone,646-220-7362
victim_phone,646-467-6592
victim_phone,646-506-1010
victim_phone,647-272-2177
victim_phone,647-443-1774
victim_phone,647-503-8156
victim_phone,647-727-1606
victim_phone,647-751-9550
victim_phone,648-171-8999
victim_phone,648-189-4763
victim_phone,648-334-7794
victim_phone,648-499-1968
victim_phone,648-600-9681
victim_phone,648-618-3895
victim_phone,648-779-4339
victim_phone,648-973-4613
victim_phone,649-290-4062
victim_phone,649-311-5724
victim_phone,649-329-3774
victim_phone,649-400-9539
victim_phone,649-582-7470
victim_phone,649-598-4321
victim_phone,649-850-4161
victim_phone,650-233-5048
victim_phone,650-515-3016
victim_phone,650-525-8933
victim_phone,650-753-5495
victim_phone,650-766-7027
victim_phone,6501988989
victim_phone,651-159-4071
victim_phone,651-210-4497
victim_phone,651-876-5646
victim_phone,6514442650
victim_phone,6519347868
victim_phone,652-757-1905
victim_phone,6523605240
victim_phone,653-135-6805
victim_phone,653-180-4005
victim_phone,653-238-4590
victim_phone,653-618-4435
victim_phone,653-760-6187
victim_phone,653-789-8270
victim_phone,653-822-3788
victim_phone,6534059495
victim_phone,654-222-1379
victim_phone,654-344-3957
victim_phone,654-460-3211
victim_phone,654-544-6692
victim_phone,654-582-1669
victim_phone,654-615-1534
victim_phone,654-716-6876
victim_phone,655-102-6469
victim_phone,655-170-9225
victim_phone,655-405-6230
victim_phone,655-430-8545
victim_phone,655-459-2997
victim_phone,655-472-3610
victim_phone,655-476-9138
victim_phone,655-721-6070
victim_phone,655-760-3556
victim_phone,656-232-5209
victim_phone,656-461-6861
victim_phone,656-768-7180
victim_phone,656-946-3474
victim_phone,657-378-9015
victim_phone,657-813-7561
victim_phone,657-865-8993
victim_phone,6579397297
victim_phone,658-176-9932
victim_phone,658-183-3862
victim_phone,658-366-8491
victim_phone,658-886-5948
victim_phone,6582551030
victim_phone,659-400-9416
victim_phone,659-402-5930
victim_phone,659-447-5299
victim_phone,659-714-6116
victim_phone,659-729-3082
victim_phone,659-980-8422
victim_phone,659-981-3275
victim_phone,6595353820
victim_phone,660-157-2674
victim_phone,660-498-4165
victim_phone,660-563-5320
victim_phone,660-584-1926
victim_phone,660-692-8981
victim_phone,660-714-4260
victim_phone,660-739-1992
victim_phone,660-858-8138
victim_phone,660-865-1400
victim_phone,661-225-9256
victim_phone,661-306-4997
victim_phone,661-466-5758
victim_phone,661-963-4307
victim_phone,6618058699
victim_phone,662-285-1599
victim_phone,662-659-8404
victim_phone,663-345-4281
victim_phone,663-397-2648
victim_phone,663-412-8482
victim_phone,663-575-3419
victim_phone,663-588-1993
victim_phone,663-713-9862
victim_phone,663-745-5574
victim_phone,663-874-5478
victim_phone,663-939-2007
victim_phone,6639088234
victim_phone,664-201-1498
victim_phone,664-732-2941
victim_phone,664-960-1096
victim_phone,6642213324
victim_phone,665-172-2006
victim_phone,665-204-3864
victim_phone,665-642-8363
victim_phone,665-895-4398
victim_phone,665-896-8570
victim_phone,6658184314
victim_phone,6658991381
victim_phone,666-538-5640
victim_phone,667-185-3574
victim_phone,667-260-9561
victim_phone,667-593-9183
victim_phone,667-634-8463
victim_phone,667-909-5321
victim_phone,668-416-8317
victim_phone,668-803-1393
victim_phone,668-997-6624
victim_phone,6686387393
victim_phone,669-438-2551
victim_phone,669-641-1857
victim_phone,6692618362
victim_phone,6697195333
victim_phone,670-279-4596
victim_phone,670-380-1226
victim_phone,6704092813
victim_phone,671-100-7528
victim_phone,671-316-5405
victim_phone,671-524-5476
victim_phone,671-878-1306
victim_phone,6715461171
victim_phone,672-286-1823
victim_phone,672-305-8466
victim_phone,672-733-1460
victim_phone,672-819-6654
victim_phone,6723218560
victim_phone,673-393-5340
victim_phone,673-955-4329
victim_phone,674-181-7751
victim_phone,674-377-7522
victim_phone,674-502-1008
victim_phone,674-591-2941
victim_phone,674-643-5176
victim_phone,674-839-6238
victim_phone,674-865-5200
victim_phone,6748161580
victim_phone,675-654-3897
victim_phone,675-740-5842
victim_phone,675-882-2688
victim_phone,675-937-6090
victim_phone,676-443-7308
victim_phone,676-980-5191
victim_phone,677-368-3650
victim_phone,677-875-6246
victim_phone,677-885-3868
victim_phone,678-234-7368
victim_phone,678-272-8311
victim_phone,678-388-7476
victim_phone,679-895-8896
victim_phone,679-946-9443
victim_phone,680-197-6402
victim_phone,681-970-8988
victim_phone,681-973-9691
victim_phone,682-182-3383
victim_phone,682-228-6634
victim_phone,682-291-7750
victim_phone,682-295-9980
victim_phone,682-660-7304
victim_phone,6829441871
victim_phone,683-174-8125
victim_phone,683-641-8023
victim_phone,684-204-5334
victim_phone,684-384-8789
victim_phone,684-478-1147
victim_phone,684-593-3586
victim_phone,684-603-6174
victim_phone,684-901-7053
victim_phone,684-953-9179
victim_phone,6848336952
victim_phone,6849244228
victim_phone,685-692-8472
victim_phone,685-735-5845
victim_phone,685-979-4888
victim_phone,6857886661
victim_phone,686-243-8655
victim_phone,686-898-1988
victim_phone,687-146-6923
victim_phone,688-661-1371
victim_phone,688-913-8047
victim_phone,689-611-2808
victim_phone,689-750-1686
victim_phone,689-762-5082
victim_phone,689-784-6541
victim_phone,689-879-5331
victim_phone,690-308-1778
victim_phone,690-507-2326
victim_phone,690-553-6552
victim_phone,690-566-1051
victim_phone,690-669-8011
victim_phone,690-791-4548
victim_phone,690-810-7623
victim_phone,690-870-3311
victim_phone,691-213-8154
victim_phone,691-324-2624
victim_phone,691-333-2321
victim_phone,691-465-3963
victim_phone,691-490-7720
victim_phone,691-573-6612
victim_phone,691-620-8304
victim_phone,691-761-2298
victim_phone,692-108-7999
victim_phone,692-208-1164
victim_phone,692-417-3001
victim_phone,692-420-6078
victim_phone,692-509-1611
victim_phone,692-570-6062
victim_phone,692-588-3713
victim_phone,692-721-2503
victim_phone,692-986-3085
victim_phone,6928167278
victim_phone,693-288-2667
victim_phone,694-215-8942
victim_phone,694-441-1531
victim_phone,694-527-9280
victim_phone,694-558-3052
victim_phone,694-938-9997
victim_phone,695-595-8019
victim_phone,6951968473
victim_phone,696-292-2998
victim_phone,696-492-8393
victim_phone,696-790-5257
victim_phone,696-871-5250
victim_phone,6963421074
victim_phone,697-264-8649
victim_phone,697-565-4318
victim_phone,697-624-4541
victim_phone,697-661-3103
victim_phone,6976747374
victim_phone,698-978-4484
victim_phone,698-997-7325
victim_phone,6988075133
victim_phone,699-185-9045
victim_phone,699-625-7574
victim_phone,699-807-1544
victim_phone,699-810-5560
victim_phone,700-357-1832
victim_phone,700-383-6859
victim_phone,700-628-5092
victim_phone,700-659-4911
victim_phone,700-802-9119
victim_phone,700-956-6950
victim_phone,700-981-6643
victim_phone,7001947328
victim_phone,7004928076
victim_phone,701-116-9073
victim_phone,701-196-5437
victim_phone,701-331-5445
victim_phone,701-395-6824
victim_phone,701-550-5805
victim_phone,701-615-8948
victim_phone,701-843-4404
victim_phone,702-226-8430
victim_phone,702-269-2308
victim_phone,702-543-8596
victim_phone,702-550-6982
victim_phone,702-712-1605
victim_phone,702-900-9125
victim_phone,703-609-6048
victim_phone,703-718-3829
victim_phone,7038428768
victim_phone,704-411-8132
victim_phone,704-722-9863
victim_phone,704-753-7186
victim_phone,7042064566
victim_phone,705-109-7625
victim_phone,705-631-8103
victim_phone,705-838-2463
victim_phone,705-911-4496
victim_phone,7057446070
victim_phone,706-265-4667
victim_phone,706-281-9464
victim_phone,706-884-9605
victim_phone,707-163-4915
victim_phone,707-370-5890
victim_phone,707-968-9231
victim_phone,708-151-8624
victim_phone,708-171-9260
victim_phone,708-185-2335
victim_phone,708-239-8619
victim_phone,708-259-1111
victim_phone,708-441-4188
victim_phone,708-669-7863
victim_phone,7086411055
victim_phone,709-202-9569
victim_phone,709-419-2646
victim_phone,709-572-9531
victim_phone,709-604-7705
victim_phone,709-683-6564
victim_phone,709-745-2619
victim_phone,709-931-7535
victim_phone,709-978-6145
victim_phone,7097491342
victim_phone,710-132-8301
victim_phone,710-180-4086
victim_phone,710-313-3396
victim_phone,7101645261
victim_phone,7106561094
victim_phone,711-414-2098
victim_phone,711-610-8983
victim_phone,711-670-3134
victim_phone,711-782-1354
victim_phone,7116646318
victim_phone,712-132-1241
victim_phone,712-419-7540
victim_phone,712-509-5889
victim_phone,712-674-1432
victim_phone,712-820-2633
victim_phone,712-907-3523
victim_phone,713-243-9061
victim_phone,713-278-4500
victim_phone,713-758-6949
victim_phone,7136346477
victim_phone,714-211-1253
victim_phone,714-232-7500
victim_phone,714-277-9051
victim_phone,714-360-9084
victim_phone,714-699-5290
victim_phone,714-897-6598
victim_phone,714-905-8636
victim_phone,7146612059
victim_phone,7148439798
victim_phone,715-161-3999
victim_phone,715-397-3285
victim_phone,715-609-5137
victim_phone,7153261710
victim_phone,716-178-3746
victim_phone,716-192-4638
victim_phone,716-346-1988
victim_phone,716-353-9676
victim_phone,716-468-1519
victim_phone,716-694-4930
victim_phone,716-832-4779
victim_phone,716-975-8295
victim_phone,7169974291
victim_phone,717-583-3018
victim_phone,718-578-4324
victim_phone,719-369-2017
victim_phone,719-751-7614
victim_phone,719-785-6511
victim_phone,719-840-3956
victim_phone,720-119-7626
victim_phone,720-525-3420
victim_phone,720-610-8651
victim_phone,720-785-9809
victim_phone,720-970-1298
victim_phone,721-151-3155
victim_phone,721-616-7512
victim_phone,721-732-4956
victim_phone,722-407-9595
victim_phone,722-513-3089
victim_phone,722-738-6177
victim_phone,723-187-6204
victim_phone,723-604-6075
victim_phone,723-693-9215
victim_phone,723-887-4471
victim_phone,7231242762
victim_phone,724-263-2665
victim_phone,724-585-3135
victim_phone,724-974-7955
victim_phone,7241832774
victim_phone,7247259369
victim_phone,7254804949
victim_phone,726-109-1519
victim_phone,726-379-1462
victim_phone,726-676-2074
victim_phone,726-721-5803
victim_phone,727-345-9459
victim_phone,727-364-7203
victim_phone,727-409-8899
victim_phone,727-666-8204
victim_phone,7279252688
victim_phone,728-493-1138
victim_phone,728-497-6383
victim_phone,7282375379
victim_phone,729-408-3019
victim_phone,729-617-5873
victim_phone,7299888841
victim_phone,730-535-9230
victim_phone,730-953-3674
victim_phone,7301427441
victim_phone,731-298-2183
victim_phone,731-446-3165
victim_phone,731-796-4215
victim_phone,7311933211
victim_phone,7316553984
victim_phone,732-313-3545
victim_phone,732-700-1366
victim_phone,732-776-8545
victim_phone,732-853-2532
victim_phone,732-993-2808
victim_phone,733-132-4368
victim_phone,733-172-9892
victim_phone,733-188-9460
victim_phone,733-223-2023
victim_phone,733-371-8838
victim_phone,733-700-6286
victim_phone,733-762-9237
victim_phone,733-861-7738
victim_phone,734-535-6366
victim_phone,734-552-5283
victim_phone,7346447952
victim_phone,735-115-6340
victim_phone,735-240-1849
victim_phone,735-306-6864
victim_phone,735-335-8221
victim_phone,735-409-3871
victim_phone,735-794-7508
victim_phone,736-181-1651
victim_phone,736-450-6670
victim_phone,736-757-7869
victim_phone,736-937-1846
victim_phone,737-555-6103
victim_phone,737-667-3202
victim_phone,7379431117
victim_phone,738-197-6487
victim_phone,738-902-6365
victim_phone,738-943-3556
victim_phone,739-179-4988
victim_phone,739-378-6081
victim_phone,739-434-7453
victim_phone,739-630-3512
victim_phone,7399427081
victim_phone,740-420-1431
victim_phone,740-424-8908
victim_phone,740-485-3461
victim_phone,740-628-3817
victim_phone,740-713-1753
victim_phone,740-722-1450
victim_phone,740-836-8522
victim_phone,740-890-3493
victim_phone,741-135-9662
victim_phone,741-229-6847
victim_phone,741-351-3615
victim_phone,741-525-4102
victim_phone,741-671-6848
victim_phone,741-747-2458
victim_phone,742-169-9856
victim_phone,742-690-1386
victim_phone,743-191-9302
victim_phone,743-335-7491
victim_phone,743-497-1493
victim_phone,743-694-5099
victim_phone,743-715-4442
victim_phone,743-726-6705
victim_phone,743-858-7417
victim_phone,743-902-9979
victim_phone,744-145-3842
victim_phone,744-417-7917
victim_phone,744-425-7123
victim_phone,744-544-8420
victim_phone,744-620-2470
victim_phone,744-700-8965
victim_phone,744-984-9372
victim_phone,745-467-1315
victim_phone,745-787-3018
victim_phone,745-880-2502
victim_phone,7457392625
victim_phone,746-761-2998
victim_phone,747-440-4650
victim_phone,747-441-4585
victim_phone,747-596-8276
victim_phone,748-188-6867
victim_phone,748-523-5244
victim_phone,748-645-7425
victim_phone,748-702-9589
victim_phone,748-785-4584
victim_phone,749-108-2761
victim_phone,749-180-6930
victim_phone,749-315-7767
victim_phone,749-393-5664
victim_phone,749-405-4050
victim_phone,749-732-9927
victim_phone,749-902-9684
victim_phone,750-537-4198
victim_phone,750-797-5937
victim_phone,750-919-1064
victim_phone,751-163-3335
victim_phone,751-535-7270
victim_phone,751-737-5451
victim_phone,751-962-3135
victim_phone,752-185-9733
victim_phone,752-421-9854
victim_phone,752-832-1391
victim_phone,7524993061
victim_phone,753-111-6486
victim_phone,753-137-5987
victim_phone,753-325-4477
victim_phone,753-465-2262
victim_phone,753-493-2839
victim_phone,753-670-7764
victim_phone,754-310-9889
victim_phone,754-614-6327
victim_phone,754-629-2414
victim_phone,7544927009
victim_phone,7545406907
victim_phone,7548649523
victim_phone,755-206-3469
victim_phone,755-232-9066
victim_phone,755-289-5416
victim_phone,755-508-5467
victim_phone,755-736-7976
victim_phone,755-899-7785
victim_phone,756-110-8681
victim_phone,756-538-6107
victim_phone,756-573-1328
victim_phone,756-709-1447
victim_phone,756-885-3497
victim_phone,757-472-3132
victim_phone,757-720-5139
victim_phone,757-887-5577
victim_phone,757-967-4047
victim_phone,758-199-7192
victim_phone,758-436-8068
victim_phone,758-615-3372
victim_phone,758-627-2573
victim_phone,758-636-8103
victim_phone,758-873-1120
victim_phone,7583142921
victim_phone,759-182-9212
victim_phone,759-606-9747
victim_phone,7597079886
victim_phone,760-608-5891
victim_phone,760-672-5521
victim_phone,760-723-3431
victim_phone,760-900-3157
victim_phone,760-918-1813
victim_phone,761-101-4502
victim_phone,761-430-7051
victim_phone,761-439-5976
victim_phone,761-461-1697
victim_phone,761-601-9074
victim_phone,761-699-9743
victim_phone,761-780-4372
victim_phone,761-972-9362
victim_phone,7617262676
victim_phone,762-235-9094
victim_phone,762-502-4140
victim_phone,762-530-9741
victim_phone,762-638-3161
victim_phone,762-666-6194
victim_phone,762-841-2372
victim_phone,763-182-9703
victim_phone,763-192-2531
victim_phone,763-200-1828
victim_phone,763-248-5271
victim_phone,763-348-4073
victim_phone,763-355-2551
victim_phone,763-371-5011
victim_phone,763-413-4226
victim_phone,763-543-6644
victim_phone,763-590-1999
victim_phone,763-638-5703
victim_phone,763-780-5894
victim_phone,763-829-5844
victim_phone,764-216-5272
victim_phone,764-756-3159
victim_phone,7642836732
victim_phone,7648192867
victim_phone,765-344-4562
victim_phone,765-476-9090
victim_phone,765-513-4812
victim_phone,765-774-3182
victim_phone,766-298-5939
victim_phone,766-510-2590
victim_phone,766-668-6904
victim_phone,766-816-2040
victim_phone,766-985-2075
victim_phone,7663001878
victim_phone,7667166026
victim_phone,767-201-6057
victim_phone,767-246-3490
victim_phone,767-282-8807
victim_phone,767-364-2478
victim_phone,768-262-3828
victim_phone,768-274-8388
victim_phone,768-559-1097
victim_phone,768-686-4495
victim_phone,768-948-8715
victim_phone,769-282-9337
victim_phone,769-285-2963
victim_phone,769-301-7334
victim_phone,769-370-7039
victim_phone,769-450-7959
victim_phone,769-723-9101
victim_phone,769-824-7668
victim_phone,7694445706
victim_phone,7699411168
victim_phone,770-198-3017
victim_phone,770-209-5720
victim_phone,770-392-7198
victim_phone,770-442-9611
victim_phone,770-642-3196
victim_phone,770-925-9498
victim_phone,770-987-7529
victim_phone,771-319-9455
victim_phone,771-406-4573
victim_phone,771-721-4742
victim_phone,771-751-1766
victim_phone,771-799-4977
victim_phone,771-889-9966
victim_phone,771-906-5795
victim_phone,7717755726
victim_phone,772-419-4289
victim_phone,772-445-9726
victim_phone,772-696-6703
victim_phone,772-953-6802
victim_phone,7725275590
victim_phone,773-460-3201
victim_phone,773-502-6304
victim_phone,773-606-1560
victim_phone,7731508096
victim_phone,7736084980
victim_phone,774-377-4454
victim_phone,774-521-2044
victim_phone,774-542-1704
victim_phone,774-602-1705
victim_phone,7748933193
victim_phone,775-153-6062
victim_phone,775-553-7139
victim_phone,776-385-8267
victim_phone,776-406-8780
victim_phone,776-754-1727
victim_phone,776-930-4585
victim_phone,776-936-8336
victim_phone,777-163-1672
victim_phone,777-374-9779
victim_phone,777-465-7424
victim_phone,777-601-8138
victim_phone,777-604-6748
victim_phone,777-618-9624
victim_phone,777-814-9828
victim_phone,777-870-1535
victim_phone,777-949-9067
victim_phone,778-137-3820
victim_phone,778-219-6596
victim_phone,778-307-7535
victim_phone,778-370-5473
victim_phone,778-848-1100
victim_phone,778-861-9945
victim_phone,778-998-8999
victim_phone,779-427-6028
victim_phone,779-478-1093
victim_phone,779-583-8136
victim_phone,779-745-6223
victim_phone,779-858-7192
victim_phone,7797682490
victim_phone,780-193-6918
victim_phone,780-341-5241
victim_phone,780-419-2479
victim_phone,780-440-8728
victim_phone,780-762-8436
victim_phone,780-915-7299
victim_phone,781-522-9796
victim_phone,781-537-8331
victim_phone,781-680-9788
victim_phone,781-747-4008
victim_phone,782-672-3856
victim_phone,783-159-8223
victim_phone,783-327-7021
victim_phone,784-189-1466
victim_phone,784-316-3088
victim_phone,784-623-5546
victim_phone,785-124-6221
victim_phone,785-150-5021
victim_phone,785-180-8971
victim_phone,785-220-3976
victim_phone,785-258-2544
victim_phone,785-350-6447
victim_phone,785-793-3415
victim_phone,786-167-4828
victim_phone,786-600-1070
victim_phone,786-735-2244
victim_phone,786-917-5744
victim_phone,786-951-7087
victim_phone,787-100-7715
victim_phone,787-317-6088
victim_phone,7875844525
victim_phone,7878927569
victim_phone,788-182-1667
victim_phone,788-303-4423
victim_phone,788-327-1732
victim_phone,788-632-9709
victim_phone,788-728-7035
victim_phone,788-805-3865
victim_phone,788-989-8920
victim_phone,7886166483
victim_phone,789-440-3013
victim_phone,789-445-2135
victim_phone,790-238-9089
victim_phone,790-253-7483
victim_phone,790-569-6359
victim_phone,790-936-3724
victim_phone,791-357-5736
victim_phone,791-539-3111
victim_phone,791-546-8406
victim_phone,792-393-8892
victim_phone,7924862749
victim_phone,793-180-7677
victim_phone,793-374-9112
victim_phone,793-640-7385
victim_phone,793-665-1522
victim_phone,7941694278
victim_phone,795-370-6784
victim_phone,795-417-8715
victim_phone,795-610-5779
victim_phone,795-778-5476
victim_phone,796-117-9779
victim_phone,796-201-4342
victim_phone,796-232-5071
victim_phone,796-501-4609
victim_phone,796-677-8706
victim_phone,796-771-7022
victim_phone,796-900-2079
victim_phone,796-911-1169
victim_phone,7963293978
victim_phone,797-112-1368
victim_phone,797-393-1523
victim_phone,797-999-2936
victim_phone,798-225-4728
victim_phone,798-228-8705
victim_phone,798-400-6129
victim_phone,7985374466
victim_phone,7989413206
victim_phone,799-533-6799
victim_phone,799-534-8293
victim_phone,799-619-4871
victim_phone,800-488-4085
victim_phone,800-776-4640
victim_phone,800-978-3753
victim_phone,801-566-3673
victim_phone,801-571-5805
victim_phone,801-929-8931
victim_phone,8012448527
victim_phone,8014053571
victim_phone,802-116-9617
victim_phone,802-203-7343
victim_phone,802-274-5009
victim_phone,802-448-5488
victim_phone,802-566-1912
victim_phone,802-659-4218
victim_phone,802-997-3748
victim_phone,803-322-4172
victim_phone,803-621-3219
victim_phone,803-627-4670
victim_phone,804-107-6545
victim_phone,804-477-2226
victim_phone,804-567-4441
victim_phone,804-600-5023
victim_phone,805-771-3200
victim_phone,8055871768
victim_phone,8057279849
victim_phone,806-407-4645
victim_phone,806-444-5478
victim_phone,806-846-1706
victim_phone,807-211-5684
victim_phone,807-411-9979
victim_phone,807-886-1148
victim_phone,808-204-7786
victim_phone,808-219-8752
victim_phone,808-222-3483
victim_phone,808-269-8403
victim_phone,808-717-2967
victim_phone,808-718-9435
victim_phone,808-774-1528
victim_phone,809-532-8101
victim_phone,809-838-4379
victim_phone,810-169-9955
victim_phone,810-422-3787
victim_phone,810-866-9386
victim_phone,8102116884
victim_phone,811-125-6878
victim_phone,811-168-7943
victim_phone,811-548-6927
victim_phone,811-625-1769
victim_phone,811-779-8099
victim_phone,811-991-6447
victim_phone,812-148-8930
victim_phone,812-150-7111
victim_phone,812-164-4049
victim_phone,812-428-6573
victim_phone,812-465-9903
victim_phone,812-808-4905
victim_phone,812-865-4183
victim_phone,812-959-4301
victim_phone,8125579669
victim_phone,813-214-7613
victim_phone,813-277-7084
victim_phone,813-628-6930
victim_phone,813-706-5191
victim_phone,813-783-1904
victim_phone,814-108-3728
victim_phone,814-335-5882
victim_phone,814-525-9695
victim_phone,814-572-5969
victim_phone,814-778-2055
victim_phone,814-784-6441
victim_phone,815-292-7321
victim_phone,815-391-7891
victim_phone,815-415-8196
victim_phone,815-788-9629
victim_phone,816-225-9693
victim_phone,816-324-2169
victim_phone,816-451-4570
victim_phone,816-830-5222
victim_phone,816-981-7872
victim_phone,817-384-4555
victim_phone,818-348-7912
victim_phone,818-448-3128
victim_phone,818-688-6084
victim_phone,818-865-1379
victim_phone,8184271721
victim_phone,819-849-3090
victim_phone,819-867-1726
victim_phone,820-326-3122
victim_phone,820-391-6839
victim_phone,820-834-8414
victim_phone,820-968-9059
victim_phone,8206419074
victim_phone,821-180-7112
victim_phone,821-215-9166
victim_phone,821-220-5985
victim_phone,821-428-2707
victim_phone,821-431-2474
victim_phone,821-563-2527
victim_phone,821-748-4836
victim_phone,821-868-8770
victim_phone,821-886-3018
victim_phone,821-973-2446
victim_phone,8212377060
victim_phone,8219036762
victim_phone,822-123-8291
victim_phone,822-136-1665
victim_phone,822-362-6480
victim_phone,822-634-5604
victim_phone,823-190-1868
victim_phone,823-282-4852
victim_phone,823-680-5695
victim_phone,823-769-6482
victim_phone,823-821-8265
victim_phone,823-941-2183
victim_phone,8233285891
victim_phone,824-223-9569
victim_phone,824-455-6164
victim_phone,824-776-1044
victim_phone,824-835-8436
victim_phone,825-678-2253
victim_phone,825-704-3795
victim_phone,825-813-2553
victim_phone,825-876-9091
victim_phone,826-461-1979
victim_phone,826-551-9189
victim_phone,826-589-5988
victim_phone,826-637-2506
victim_phone,826-923-8754
victim_phone,827-639-2312
victim_phone,827-972-7232
victim_phone,8272948998
victim_phone,828-193-9205
victim_phone,828-228-1575
victim_phone,828-286-3036
victim_phone,828-324-6094
victim_phone,828-725-6401
victim_phone,828-886-2354
victim_phone,828-900-6851
victim_phone,828-977-2967
victim_phone,8299744646
victim_phone,830-339-9019
victim_phone,830-744-5076
victim_phone,830-913-6054
victim_phone,830-919-6977
victim_phone,831-395-5022
victim_phone,831-409-4464
victim_phone,831-685-1898
victim_phone,832-278-8736
victim_phone,832-572-4191
victim_phone,832-591-9563
victim_phone,832-638-4069
victim_phone,832-663-8846
victim_phone,8323723529
victim_phone,8328384723
victim_phone,833-204-1860
victim_phone,833-395-2403
victim_phone,833-460-2730
victim_phone,833-817-6525
victim_phone,833-881-7213
victim_phone,835-372-9265
victim_phone,835-441-3506
victim_phone,835-497-5423
victim_phone,835-624-8248
victim_phone,835-782-9427
victim_phone,835-999-9947
victim_phone,8354678443
victim_phone,836-503-4479
victim_phone,836-538-4838
victim_phone,836-538-7770
victim_phone,836-656-3157
victim_phone,836-700-2111
victim_phone,837-399-9877
victim_phone,838-197-6433
victim_phone,838-462-8477
victim_phone,838-980-4015
victim_phone,839-324-1411
victim_phone,839-455-5216
victim_phone,839-801-1651
victim_phone,839-875-3664
victim_phone,8398465361
victim_phone,840-351-6930
victim_phone,840-903-7122
victim_phone,8402875664
victim_phone,8403084191
victim_phone,841-146-1520
victim_phone,841-351-6423
victim_phone,841-485-2532
victim_phone,841-795-9927
victim_phone,841-911-3165
victim_phone,8419535713
victim_phone,842-311-7956
victim_phone,842-498-4342
victim_phone,842-787-4904
victim_phone,842-984-3511
victim_phone,843-157-8080
victim_phone,843-164-2436
victim_phone,843-465-9628
victim_phone,843-730-9221
victim_phone,843-828-4059
victim_phone,844-284-2988
victim_phone,844-590-3632
victim_phone,844-747-3619
victim_phone,844-954-1775
victim_phone,8441562972
victim_phone,8442802406
victim_phone,845-487-8765
victim_phone,845-533-8939
victim_phone,845-642-2114
victim_phone,845-825-7472
victim_phone,8453583053
victim_phone,846-158-6380
victim_phone,846-223-2067
victim_phone,846-423-7178
victim_phone,846-573-1650
victim_phone,846-904-7767
victim_phone,846-982-9825
victim_phone,8464738020
victim_phone,847-100-5977
victim_phone,847-389-7220
victim_phone,847-794-6579
victim_phone,8473535613
victim_phone,848-252-6100
victim_phone,848-322-8163
victim_phone,848-688-8228
victim_phone,848-869-3763
victim_phone,849-190-3862
victim_phone,849-470-3391
victim_phone,849-671-9628
victim_phone,849-780-4518
victim_phone,849-952-6747
victim_phone,850-725-5885
victim_phone,851-343-7636
victim_phone,851-366-1197
victim_phone,851-561-5728
victim_phone,851-565-2194
victim_phone,851-629-8601
victim_phone,8517008969
victim_phone,852-148-6951
victim_phone,852-233-1235
victim_phone,852-620-8441
victim_phone,852-651-8296
victim_phone,852-843-7066
victim_phone,852-903-9449
victim_phone,852-968-5017
victim_phone,8524114193
victim_phone,853-324-2596
victim_phone,853-505-2817
victim_phone,853-687-7322
victim_phone,8533381860
victim_phone,854-426-6752
victim_phone,854-949-1439
victim_phone,855-416-9794
victim_phone,855-584-7818
victim_phone,855-624-8658
victim_phone,855-919-4145
victim_phone,856-233-4765
victim_phone,856-283-2706
victim_phone,856-895-2081
victim_phone,856-998-4919
victim_phone,8568467887
victim_phone,857-827-1408
victim_phone,858-527-5102
victim_phone,858-751-3633
victim_phone,858-884-6523
victim_phone,858-982-6543
victim_phone,858-983-9085
victim_phone,8583328479
victim_phone,859-506-2402
victim_phone,859-557-8127
victim_phone,859-672-4835
victim_phone,859-692-5338
victim_phone,859-846-2729
victim_phone,8591962872
victim_phone,860-170-8991
victim_phone,860-330-5811
victim_phone,860-640-2150
victim_phone,860-714-5036
victim_phone,860-722-7295
victim_phone,861-276-1641
victim_phone,861-511-7827
victim_phone,861-756-5419
victim_phone,861-818-6001
victim_phone,861-892-9839
victim_phone,862-720-2814
victim_phone,8621082760
victim_phone,8628846397
victim_phone,863-340-9636
victim_phone,863-549-3407
victim_phone,863-666-2098
victim_phone,864-508-4645
victim_phone,864-779-6577
victim_phone,864-908-3156
victim_phone,865-772-3040
victim_phone,865-925-8531
victim_phone,8653763724
victim_phone,866-165-2366
victim_phone,866-485-5733
victim_phone,866-745-6344
victim_phone,867-340-6134
victim_phone,867-665-7083
victim_phone,867-797-8934
victim_phone,867-816-4505
victim_phone,867-859-3821
victim_phone,867-919-8690
victim_phone,868-182-7391
victim_phone,868-245-2376
victim_phone,8682947727
victim_phone,869-248-1450
victim_phone,869-384-9317
victim_phone,869-477-3583
victim_phone,869-694-7180
victim_phone,869-998-7875
victim_phone,8696035356
victim_phone,870-357-6843
victim_phone,870-401-8366
victim_phone,870-802-5253
victim_phone,870-836-4486
victim_phone,871-932-8462
victim_phone,8713513097
victim_phone,872-310-5597
victim_phone,872-329-4607
victim_phone,872-462-1532
victim_phone,872-471-7606
victim_phone,872-514-4875
victim_phone,872-646-7970
victim_phone,872-843-3458
victim_phone,8726114654
victim_phone,873-130-7585
victim_phone,873-365-9263
victim_phone,873-449-9097
victim_phone,873-899-6835
victim_phone,873-960-3208
victim_phone,8732913342
victim_phone,874-112-7134
victim_phone,874-238-5770
victim_phone,874-243-1146
victim_phone,874-257-7932
victim_phone,874-401-7274
victim_phone,874-628-3521
victim_phone,874-661-7370
victim_phone,874-999-1106
victim_phone,875-237-9324
victim_phone,875-253-7454
victim_phone,875-599-1257
victim_phone,875-645-5592
victim_phone,875-920-6187
victim_phone,876-167-1125
victim_phone,876-507-2961
victim_phone,877-635-6457
victim_phone,877-737-3544
victim_phone,877-837-9026
victim_phone,877-939-7303
victim_phone,878-260-6335
victim_phone,878-413-3405
victim_phone,8786214552
victim_phone,879-731-3262
victim_phone,879-792-7305
victim_phone,879-802-5240
victim_phone,880-339-7285
victim_phone,880-752-4408
victim_phone,881-153-4493
victim_phone,881-236-9079
victim_phone,881-313-8746
victim_phone,881-696-8381
victim_phone,881-948-6323
victim_phone,8812936083
victim_phone,882-187-9797
victim_phone,882-246-4383
victim_phone,882-328-9301
victim_phone,882-620-5309
victim_phone,882-689-4086
victim_phone,882-715-4880
victim_phone,882-885-6955
victim_phone,8823552948
victim_phone,883-731-3078
victim_phone,883-830-9019
victim_phone,8834748764
victim_phone,884-122-3455
victim_phone,884-135-4546
victim_phone,884-198-4334
victim_phone,884-404-7634
victim_phone,884-437-3530
victim_phone,884-721-8018
victim_phone,884-918-1662
victim_phone,885-175-8445
victim_phone,885-932-9598
victim_phone,8859845065
victim_phone,886-135-9290
victim_phone,886-142-5752
victim_phone,886-253-3278
victim_phone,886-443-3242
victim_phone,886-553-5544
victim_phone,8866695373
victim_phone,887-241-1860
victim_phone,887-444-8023
victim_phone,887-694-6501
victim_phone,887-752-7655
victim_phone,887-867-2020
victim_phone,888-264-5337
victim_phone,888-379-2445
victim_phone,888-893-4995
victim_phone,8881135839
victim_phone,8885353378
victim_phone,889-171-3419
victim_phone,889-447-4727
victim_phone,889-784-5757
victim_phone,889-941-8046
victim_phone,8894883335
victim_phone,890-194-8333
victim_phone,890-271-9853
victim_phone,890-393-1280
victim_phone,890-433-4769
victim_phone,890-832-8459
victim_phone,891-294-7400
victim_phone,891-690-4142
victim_phone,891-722-1668
victim_phone,8912758678
victim_phone,892-108-5084
victim_phone,892-234-2280
victim_phone,892-475-7034
victim_phone,892-496-1352
victim_phone,892-953-4402
victim_phone,8924391159
victim_phone,8924809662
victim_phone,8929825501
victim_phone,893-466-3906
victim_phone,894-550-8319
victim_phone,895-187-6581
victim_phone,895-220-8246
victim_phone,895-546-8728
victim_phone,895-738-8836
victim_phone,8955353461
victim_phone,8958781159
victim_phone,896-100-8894
victim_phone,896-696-9565
victim_phone,896-735-3126
victim_phone,896-811-3326
victim_phone,896-829-6307
victim_phone,897-102-9006
victim_phone,897-219-8850
victim_phone,897-292-6259
victim_phone,897-797-9119
victim_phone,898-317-1217
victim_phone,898-865-2293
victim_phone,8987513822
victim_phone,8989656236
victim_phone,899-398-4278
victim_phone,899-600-4808
victim_phone,899-617-2872
victim_phone,899-764-3953
victim_phone,899-933-9131
victim_phone,899-949-4754
victim_phone,900-312-4460
victim_phone,900-629-9058
victim_phone,900-815-1903
victim_phone,901-118-4210
victim_phone,901-245-4023
victim_phone,901-355-4732
victim_phone,901-948-3424
victim_phone,901-958-2038
victim_phone,902-270-3417
victim_phone,902-489-8061
victim_phone,902-607-5522
victim_phone,902-920-1650
victim_phone,9022963079
victim_phone,9026584109
victim_phone,903-439-2085
victim_phone,903-440-4925
victim_phone,903-549-6586
victim_phone,903-672-2940
victim_phone,9042213274
victim_phone,905-841-2857
victim_phone,9051568385
victim_phone,906-214-9743
victim_phone,906-286-9718
victim_phone,906-375-3238
victim_phone,906-384-3227
victim_phone,906-411-3568
victim_phone,906-494-4436
victim_phone,906-622-4915
victim_phone,906-807-7208
victim_phone,9065516230
victim_phone,9069949444
victim_phone,907-466-8274
victim_phone,907-810-1295
victim_phone,907-874-4350
victim_phone,9074459774
victim_phone,908-167-8468
victim_phone,908-680-8790
victim_phone,908-682-1977
victim_phone,9082031362
victim_phone,909-449-1585
victim_phone,909-528-5177
victim_phone,9097901883
victim_phone,910-324-2982
victim_phone,910-510-3881
victim_phone,910-818-4437
victim_phone,911-483-6209
victim_phone,911-861-1650
victim_phone,912-148-2675
victim_phone,912-295-4758
victim_phone,912-491-5387
victim_phone,912-600-8144
victim_phone,912-704-5970
victim_phone,912-771-4855
victim_phone,9123616481
victim_phone,913-414-9548
victim_phone,913-659-3721
victim_phone,913-746-8897
victim_phone,913-815-5466
victim_phone,913-869-8861
victim_phone,914-108-6440
victim_phone,914-218-8055
victim_phone,914-229-9042
victim_phone,914-605-3958
victim_phone,914-833-2074
victim_phone,914-919-4446
victim_phone,915-317-3594
victim_phone,915-767-1826
victim_phone,915-857-5558
victim_phone,915-990-1112
victim_phone,916-353-7794
victim_phone,916-638-1844
victim_phone,917-399-4974
victim_phone,917-543-5246
victim_phone,918-123-3960
victim_phone,918-330-4062
victim_phone,918-565-7469
victim_phone,919-108-1982
victim_phone,919-185-1448
victim_phone,919-505-4574
victim_phone,920-178-8079
victim_phone,920-309-8925
victim_phone,920-811-9588
victim_phone,920-817-6761
victim_phone,922-144-6734
victim_phone,922-255-5001
victim_phone,922-821-1108
victim_phone,9224656032
victim_phone,9229785234
victim_phone,923-242-1074
victim_phone,923-305-3697
victim_phone,923-320-8277
victim_phone,923-568-3999
victim_phone,923-700-2316
victim_phone,923-739-8233
victim_phone,923-784-6232
victim_phone,924-341-3659
victim_phone,924-985-8530
victim_phone,9242456215
victim_phone,925-339-4814
victim_phone,925-637-7034
victim_phone,925-811-4565
victim_phone,925-948-3480
victim_phone,925-968-7987
victim_phone,926-443-4377
victim_phone,9263623398
victim_phone,9263754633
victim_phone,927-134-4614
victim_phone,927-159-9082
victim_phone,927-446-6506
victim_phone,927-668-1450
victim_phone,927-890-8792
victim_phone,9278718823
victim_phone,928-403-1431
victim_phone,928-528-5046
victim_phone,928-604-3938
victim_phone,928-876-9392
victim_phone,929-220-1385
victim_phone,929-279-4652
victim_phone,929-466-8673
victim_phone,929-542-7289
victim_phone,929-948-4332
victim_phone,9294302839
victim_phone,930-772-4312
victim_phone,930-921-1651
victim_phone,930-922-7858
victim_phone,931-611-7511
victim_phone,932-282-1677
victim_phone,932-303-2245
victim_phone,932-326-5618
victim_phone,932-719-7504
victim_phone,932-776-3710
victim_phone,932-835-5600
victim_phone,932-891-9654
victim_phone,933-448-9729
victim_phone,933-771-7003
victim_phone,933-796-1243
victim_phone,9336226771
victim_phone,9339706899
victim_phone,934-147-5550
victim_phone,934-354-4826
victim_phone,934-873-4928
victim_phone,934-935-4016
victim_phone,9342342094
victim_phone,9345188511
victim_phone,9345242284
victim_phone,935-278-3000
victim_phone,935-578-3714
victim_phone,935-822-1242
victim_phone,9352291051
victim_phone,936-554-8182
victim_phone,936-590-7326
victim_phone,936-975-6336
victim_phone,9364531712
victim_phone,937-921-8228
victim_phone,938-128-3498
victim_phone,938-154-9950
victim_phone,938-217-9797
victim_phone,938-495-5347
victim_phone,938-527-3165
victim_phone,938-559-7648
victim_phone,938-647-4293
victim_phone,939-409-3320
victim_phone,940-208-2016
victim_phone,940-765-2120
victim_phone,940-813-5183
victim_phone,9403436059
victim_phone,941-156-3987
victim_phone,941-161-3346
victim_phone,941-181-3052
victim_phone,941-229-5514
victim_phone,941-989-1325
victim_phone,9418718888
victim_phone,942-413-2726
victim_phone,942-552-8052
victim_phone,942-829-9948
victim_phone,943-114-7837
victim_phone,943-139-3034
victim_phone,943-298-6746
victim_phone,943-964-7874
victim_phone,9432391933
victim_phone,944-195-2456
victim_phone,944-286-5436
victim_phone,944-756-6279
victim_phone,944-846-7596
victim_phone,945-510-2368
victim_phone,945-617-7920
victim_phone,945-634-1953
victim_phone,945-798-5431
victim_phone,945-943-8638
victim_phone,945-996-5625
victim_phone,946-564-9297
victim_phone,946-825-2104
victim_phone,946-975-7419
victim_phone,947-236-7852
victim_phone,947-266-2106
victim_phone,947-377-1113
victim_phone,947-520-7321
victim_phone,947-757-6358
victim_phone,947-849-1263
victim_phone,947-987-3038
victim_phone,9474144538
victim_phone,948-501-7797
victim_phone,948-651-2212
victim_phone,948-806-2570
victim_phone,948-884-6146
victim_phone,9485695215
victim_phone,949-139-9862
victim_phone,949-516-4571
victim_phone,950-407-2731
victim_phone,950-767-4972
victim_phone,950-954-1127
victim_phone,951-353-9663
victim_phone,951-521-5911
victim_phone,951-801-7435
victim_phone,951-805-5825
victim_phone,951-837-8775
victim_phone,951-854-2345
victim_phone,9516188707
victim_phone,952-236-3337
victim_phone,952-412-3822
victim_phone,952-419-1645
victim_phone,953-252-4677
victim_phone,953-335-8371
victim_phone,953-828-7268
victim_phone,953-979-4479
victim_phone,954-405-3364
victim_phone,954-497-7173
victim_phone,954-575-3381
victim_phone,954-689-6864
victim_phone,955-146-3939
victim_phone,955-575-5552
victim_phone,955-625-8241
victim_phone,955-842-4136
victim_phone,956-481-3131
victim_phone,956-780-7408
victim_phone,956-805-5102
victim_phone,957-249-4224
victim_phone,957-587-6822
victim_phone,957-719-5722
victim_phone,958-359-6416
victim_phone,958-510-5374
victim_phone,958-577-5726
victim_phone,958-595-5595
victim_phone,959-326-8228
victim_phone,959-615-2654
victim_phone,959-807-8124
victim_phone,959-899-1970
victim_phone,959-971-2377
victim_phone,9592187674
victim_phone,960-361-3914
victim_phone,960-393-6825
victim_phone,960-493-1579
victim_phone,960-497-8490
victim_phone,960-787-4323
victim_phone,9603515978
victim_phone,9605651755
victim_phone,961-557-6712
victim_phone,961-799-1042
victim_phone,9611587960
victim_phone,962-327-7258
victim_phone,962-719-7693
victim_phone,962-908-5100
victim_phone,962-966-8310
victim_phone,963-889-4452
victim_phone,9638673125
victim_phone,964-107-3312
victim_phone,964-108-5852
victim_phone,964-158-4057
victim_phone,964-192-8110
victim_phone,964-208-6864
victim_phone,964-376-8222
victim_phone,964-487-2649
victim_phone,964-772-6679
victim_phone,964-935-1683
victim_phone,9642609945
victim_phone,965-344-2245
victim_phone,965-362-2086
victim_phone,965-393-1762
victim_phone,965-403-1280
victim_phone,965-519-7306
victim_phone,965-622-7513
victim_phone,965-961-9747
victim_phone,966-396-9243
victim_phone,966-451-9839
victim_phone,966-496-2085
victim_phone,966-520-4288
victim_phone,966-901-1930
victim_phone,966-912-6322
victim_phone,9661145247
victim_phone,9669159818
victim_phone,967-311-7473
victim_phone,967-630-5501
victim_phone,9679305567
victim_phone,968-647-5257
victim_phone,968-726-9272
victim_phone,968-924-2190
victim_phone,969-136-8231
victim_phone,969-725-5883
victim_phone,969-810-3970
victim_phone,969-967-9579
victim_phone,9691319753
victim_phone,9698766873
victim_phone,970-233-4779
victim_phone,970-376-6314
victim_phone,970-598-2099
victim_phone,970-764-1144
victim_phone,971-394-2560
victim_phone,971-941-5486
victim_phone,972-180-9151
victim_phone,972-223-3281
victim_phone,972-395-7938
victim_phone,972-453-6800
victim_phone,972-997-9897
victim_phone,973-276-7825
victim_phone,973-506-8512
victim_phone,973-564-2557
victim_phone,973-855-3174
victim_phone,973-988-2938
victim_phone,9731843325
victim_phone,974-341-5872
victim_phone,974-364-1830
victim_phone,974-637-3175
victim_phone,974-873-2364
victim_phone,974-880-6313
victim_phone,974-962-9867
victim_phone,975-112-2174
victim_phone,975-845-2405
victim_phone,975-983-2006
victim_phone,9756504578
victim_phone,9758835535
victim_phone,976-499-3121
victim_phone,976-717-2093
victim_phone,976-853-2817
victim_phone,976-969-6955
victim_phone,977-334-6421
victim_phone,977-341-4362
victim_phone,977-766-3560
victim_phone,977-936-8242
victim_phone,978-150-4668
victim_phone,978-312-3675
victim_phone,978-855-6405
victim_phone,978-911-6673
victim_phone,979-483-9627
victim_phone,979-597-1463
victim_phone,979-667-9010
victim_phone,979-704-4919
victim_phone,980-241-1867
victim_phone,980-329-4183
victim_phone,980-353-6713
victim_phone,980-448-2687
victim_phone,980-665-4226
victim_phone,980-968-4461
victim_phone,981-266-1242
victim_phone,981-376-8883
victim_phone,981-719-6090
victim_phone,981-994-8243
victim_phone,9814075480
victim_phone,982-404-5204
victim_phone,982-636-4687
victim_phone,982-764-5611
victim_phone,982-790-9947
victim_phone,982-907-8626
victim_phone,983-275-9311
victim_phone,983-800-6849
victim_phone,9833871803
victim_phone,9839125809
victim_phone,984-542-9798
victim_phone,984-595-1127
victim_phone,984-672-1893
victim_phone,984-675-5409
victim_phone,984-938-1114
victim_phone,985-189-6481
victim_phone,986-105-6751
victim_phone,986-885-7224
victim_phone,987-138-7707
victim_phone,987-382-3676
victim_phone,987-967-9031
victim_phone,987-990-6331
victim_phone,988-566-7663
victim_phone,988-621-7989
victim_phone,988-745-7772
victim_phone,9886315691
victim_phone,989-233-2954
victim_phone,989-287-1888
victim_phone,989-457-6640
victim_phone,989-809-6939
victim_phone,9895868093
victim_phone,9899432248
victim_phone,991-570-4294
victim_phone,991-573-8676
victim_phone,991-743-9095
victim_phone,991-777-3400
victim_phone,991-926-6134
victim_phone,992-268-2350
victim_phone,992-656-1367
victim_phone,993-553-4468
victim_phone,993-818-8581
victim_phone,994-118-3757
victim_phone,994-283-8987
victim_phone,994-388-8458
victim_phone,994-863-8579
victim_phone,995-498-6234
victim_phone,9951756157
victim_phone,996-250-1665
victim_phone,996-286-2016
victim_phone,997-212-9227
victim_phone,997-305-3632
victim_phone,997-894-5903
victim_phone,997-945-3624
victim_phone,998-152-2894
victim_phone,998-562-3749
victim_phone,998-687-2274
victim_phone,998-935-5656
victim_phone,998-978-9922
victim_phone,9988448339
victim_phone,999-190-5783
victim_phone,999-214-7129
victim_phone,999-226-7590
victim_phone,999-310-2397
victim_phone,999-637-3965
victim_phone,999-825-6818
victim_phone,n/a
weapon_used,bat
weapon_used,blunt object
weapon_used,firearm
weapon_used,gun
weapon_used,hands
weapon_used,hands/feet
weapon_used,knife
weapon_used,n/a
weapon_used,none
weapon_used,pistol
weapon_used,rifle
weapon_used,unarmed
severity,1
severity,2
severity,3
severity,4
severity,crit
severity,critical
severity,high
severity,low
severity,med
severity,medium
case_status,closed
case_status,investgation
case_status,n/a
case_status,open
case_status,pending
case_status,pendng
case_status,resolved
case_status,under investigation
resolution,arres made
resolution,arrest made
resolution,case dismissed
resolution,dismissed
resolution,n/a
resolution,no arrest
resolution,warning
resolution,warning issued
property_loss_usd,-1055.88
property_loss_usd,-11066.72
property_loss_usd,-11314.7
property_loss_usd,-11385.92
property_loss_usd,-11623.76
property_loss_usd,-11865.2
property_loss_usd,-11874.85
property_loss_usd,-11983.37
property_loss_usd,-12396.77
property_loss_usd,-12478.07
property_loss_usd,-13144.01
property_loss_usd,-13905.84
property_loss_usd,-13914.8
property_loss_usd,-14097.16
property_loss_usd,-14414.67
property_loss_usd,-14455.09
property_loss_usd,-14518.11
property_loss_usd,-14735.71
property_loss_usd,-14749.71
property_loss_usd,-15220.94
property_loss_usd,-1570.22
property_loss_usd,-161.96
property_loss_usd,-16129.02
property_loss_usd,-16150.8
property_loss_usd,-16464.18
property_loss_usd,-16675.01
property_loss_usd,-16974.55
property_loss_usd,-17364.2
property_loss_usd,-17384.15
property_loss_usd,-17523.74
property_loss_usd,-17540.77
property_loss_usd,-17606.57
property_loss_usd,-17643.35
property_loss_usd,-18010.67
property_loss_usd,-18219.7
property_loss_usd,-1835.98
property_loss_usd,-1847.68
property_loss_usd,-18541.07
property_loss_usd,-18598.92
property_loss_usd,-19012.5
property_loss_usd,-19049.27
property_loss_usd,-19199.91
property_loss_usd,-19278.79
property_loss_usd,-19425.15
property_loss_usd,-19479.01
property_loss_usd,-19802.47
property_loss_usd,-19857.76
property_loss_usd,-19867.21
property_loss_usd,-19874.76
property_loss_usd,-20161.37
property_loss_usd,-20209.54
property_loss_usd,-2024.0
property_loss_usd,-20293.14
property_loss_usd,-20312.34
property_loss_usd,-20437.85
property_loss_usd,-20439.25
property_loss_usd,-20970.6
property_loss_usd,-21090.73
property_loss_usd,-21152.42
property_loss_usd,-21239.02
property_loss_usd,-21357.15
property_loss_usd,-21399.53
property_loss_usd,-21662.83
property_loss_usd,-22698.2
property_loss_usd,-23268.58
property_loss_usd,-23719.9
property_loss_usd,-23912.12
property_loss_usd,-24079.18
property_loss_usd,-25755.61
property_loss_usd,-25794.43
property_loss_usd,-25863.85
property_loss_usd,-2588.88
property_loss_usd,-2608.0
property_loss_usd,-26266.85
property_loss_usd,-26327.47
property_loss_usd,-26826.32
property_loss_usd,-27085.56
property_loss_usd,-27296.87
property_loss_usd,-27514.85
property_loss_usd,-27807.71
property_loss_usd,-27974.8
property_loss_usd,-28547.08
property_loss_usd,-28562.12
property_loss_usd,-28673.7
property_loss_usd,-2873.06
property_loss_usd,-28827.46
property_loss_usd,-28997.91
property_loss_usd,-29197.16
property_loss_usd,-29321.79
property_loss_usd,-29391.61
property_loss_usd,-29768.94
property_loss_usd,-29922.15
property_loss_usd,-30156.51
property_loss_usd,-31247.31
property_loss_usd,-31540.54
property_loss_usd,-31847.09
property_loss_usd,-31852.04
property_loss_usd,-31923.94
property_loss_usd,-32349.72
property_loss_usd,-32760.37
property_loss_usd,-33162.43
property_loss_usd,-33379.84
property_loss_usd,-33554.57
property_loss_usd,-3360.55
property_loss_usd,-33785.53
property_loss_usd,-34063.07
property_loss_usd,-34179.75
property_loss_usd,-34291.84
property_loss_usd,-34310.76
property_loss_usd,-34314.16
property_loss_usd,-34528.87
property_loss_usd,-34649.43
property_loss_usd,-35374.5
property_loss_usd,-36057.62
property_loss_usd,-36199.65
property_loss_usd,-36393.87
property_loss_usd,-36481.14
property_loss_usd,-36717.86
property_loss_usd,-3723.45
property_loss_usd,-37289.61
property_loss_usd,-37422.6
property_loss_usd,-37602.61
property_loss_usd,-37694.66
property_loss_usd,-38126.84
property_loss_usd,-38229.74
property_loss_usd,-38332.18
property_loss_usd,-38342.19
property_loss_usd,-38487.69
property_loss_usd,-38543.74
property_loss_usd,-38622.21
property_loss_usd,-38640.13
property_loss_usd,-39514.83
property_loss_usd,-39929.32
property_loss_usd,-40408.78
property_loss_usd,-41067.22
property_loss_usd,-41237.36
property_loss_usd,-41262.71
property_loss_usd,-41330.87
property_loss_usd,-41645.47
property_loss_usd,-418.06
property_loss_usd,-41988.98
property_loss_usd,-42048.11
property_loss_usd,-42076.33
property_loss_usd,-43358.11
property_loss_usd,-43451.73
property_loss_usd,-43515.93
property_loss_usd,-43752.58
property_loss_usd,-44198.01
property_loss_usd,-4431.61
property_loss_usd,-45023.67
property_loss_usd,-45165.51
property_loss_usd,-4521.36
property_loss_usd,-45213.08
property_loss_usd,-45519.53
property_loss_usd,-45949.38
property_loss_usd,-45950.07
property_loss_usd,-4627.55
property_loss_usd,-46318.65
property_loss_usd,-46524.59
property_loss_usd,-46567.25
property_loss_usd,-46783.49
property_loss_usd,-46978.97
property_loss_usd,-47202.73
property_loss_usd,-47438.58
property_loss_usd,-47639.47
property_loss_usd,-48841.75
property_loss_usd,-49218.06
property_loss_usd,-49775.63
property_loss_usd,-49797.51
property_loss_usd,-49866.74
property_loss_usd,-5313.11
property_loss_usd,-5474.22
property_loss_usd,-5754.79
property_loss_usd,-5971.66
property_loss_usd,-6070.81
property_loss_usd,-6101.04
property_loss_usd,-6305.77
property_loss_usd,-6461.24
property_loss_usd,-6824.7
property_loss_usd,-6884.57
property_loss_usd,-7109.77
property_loss_usd,-7117.88
property_loss_usd,-8313.5
property_loss_usd,-8318.24
property_loss_usd,-8407.41
property_loss_usd,-8477.57
property_loss_usd,-8606.74
property_loss_usd,-8689.47
property_loss_usd,-9030.85
property_loss_usd,-9307.12
property_loss_usd,-9622.25
property_loss_usd,10008.79
property_loss_usd,10013.25
property_loss_usd,10023.37
property_loss_usd,10024.97
property_loss_usd,1003.9
property_loss_usd,10032.65
property_loss_usd,1004.6
property_loss_usd,10056.48
property_loss_usd,1006.62
property_loss_usd,10067.97
property_loss_usd,10089.47
property_loss_usd,10098.84
property_loss_usd,101.68
property_loss_usd,10110.98
property_loss_usd,10134.05
property_loss_usd,10136.03
property_loss_usd,10147.07.0
property_loss_usd,10167.39
property_loss_usd,10168.85
property_loss_usd,10171.0
property_loss_usd,10178.56
property_loss_usd,10189.17
property_loss_usd,10190.09
property_loss_usd,10200.65
property_loss_usd,1021.92
property_loss_usd,10214.87
property_loss_usd,10216.86
property_loss_usd,10230.36
property_loss_usd,10254.73
property_loss_usd,10274.86
property_loss_usd,10285.51
property_loss_usd,10290.1
property_loss_usd,1031.49
property_loss_usd,10311.07
property_loss_usd,10326.36
property_loss_usd,1034.9.0
property_loss_usd,10347.01
property_loss_usd,10351.61
property_loss_usd,10361.12
property_loss_usd,10362.53
property_loss_usd,10370.55
property_loss_usd,10374.73
property_loss_usd,10407.49
property_loss_usd,10410.56
property_loss_usd,10424.06
property_loss_usd,10427.25
property_loss_usd,10428.69
property_loss_usd,10429.6
property_loss_usd,10434.78
property_loss_usd,10437.14
property_loss_usd,10454.02
property_loss_usd,10456.48
property_loss_usd,10464.36
property_loss_usd,10465.51
property_loss_usd,10479.4
property_loss_usd,10510.95
property_loss_usd,10515.0
property_loss_usd,10515.12
property_loss_usd,10526.08
property_loss_usd,10534.27
property_loss_usd,10538.92
property_loss_usd,10542.7
property_loss_usd,10550.97
property_loss_usd,10551.76
property_loss_usd,10556.46
property_loss_usd,10560.37
property_loss_usd,10563.44
property_loss_usd,10576.68.0
property_loss_usd,10605.64
property_loss_usd,10633.34
property_loss_usd,10640.77.0
property_loss_usd,1065.37
property_loss_usd,10660.43
property_loss_usd,10672.89
property_loss_usd,10679.53
property_loss_usd,1068.75
property_loss_usd,10691.63
property_loss_usd,10695.7
property_loss_usd,10698.93
property_loss_usd,10699.83
property_loss_usd,10702.49
property_loss_usd,10707.36
property_loss_usd,10718.18
property_loss_usd,10755.71
property_loss_usd,10759.6
property_loss_usd,1077.96
property_loss_usd,10780.97
property_loss_usd,10803.36
property_loss_usd,10803.4
property_loss_usd,10823.97
property_loss_usd,1086.8
property_loss_usd,10863.03
property_loss_usd,10872.1
property_loss_usd,10884.79
property_loss_usd,10895.13.0
property_loss_usd,109.85
property_loss_usd,10900.24
property_loss_usd,10914.51
property_loss_usd,10915.78
property_loss_usd,10929.71
property_loss_usd,10932.68
property_loss_usd,10947.07.0
property_loss_usd,10947.08
property_loss_usd,1095.66
property_loss_usd,10952.19
property_loss_usd,10960.51.0
property_loss_usd,10977.39
property_loss_usd,10992.43
property_loss_usd,11020.01
property_loss_usd,1105.83
property_loss_usd,11069.15.0
property_loss_usd,1107.34
property_loss_usd,11102.42
property_loss_usd,11114.62
property_loss_usd,11121.6
property_loss_usd,11128.0
property_loss_usd,11139.18
property_loss_usd,11143.25
property_loss_usd,11167.45
property_loss_usd,11222.74
property_loss_usd,11225.1
property_loss_usd,11267.36
property_loss_usd,11268.3
property_loss_usd,11283.04
property_loss_usd,11283.31
property_loss_usd,11295.29
property_loss_usd,11301.82
property_loss_usd,11303.67
property_loss_usd,11311.25
property_loss_usd,11324.19
property_loss_usd,11340.1
property_loss_usd,11342.66
property_loss_usd,11347.55
property_loss_usd,11356.42
property_loss_usd,11372.3
property_loss_usd,11373.27.0
property_loss_usd,11392.11
property_loss_usd,11398.44
property_loss_usd,11417.61
property_loss_usd,11424.35
property_loss_usd,11462.65
property_loss_usd,11465.98
property_loss_usd,11483.69
property_loss_usd,11487.69
property_loss_usd,11519.09
property_loss_usd,11520.06
property_loss_usd,11524.82
property_loss_usd,11548.3
property_loss_usd,11556.23
property_loss_usd,11587.88
property_loss_usd,11588.63
property_loss_usd,11596.54
property_loss_usd,11619.54
property_loss_usd,11625.08
property_loss_usd,11642.33
property_loss_usd,11648.05
property_loss_usd,11658.76
property_loss_usd,11700.91
property_loss_usd,11702.24
property_loss_usd,11711.07
property_loss_usd,11717.13
property_loss_usd,11731.36
property_loss_usd,11747.25
property_loss_usd,11786.4
property_loss_usd,11787.61
property_loss_usd,11794.53
property_loss_usd,1181.47
property_loss_usd,11829.58
property_loss_usd,11837.27
property_loss_usd,11839.75
property_loss_usd,11843.18
property_loss_usd,11857.23
property_loss_usd,11900.19
property_loss_usd,11910.84
property_loss_usd,11929.33
property_loss_usd,1194.24
property_loss_usd,11963.27
property_loss_usd,1197.34
property_loss_usd,11989.22
property_loss_usd,11995.41
property_loss_usd,12008.14
property_loss_usd,12022.26
property_loss_usd,12027.4
property_loss_usd,12042.6
property_loss_usd,12047.08
property_loss_usd,12047.94
property_loss_usd,12048.17
property_loss_usd,12077.06
property_loss_usd,12088.16
property_loss_usd,12091.78
property_loss_usd,12110.15
property_loss_usd,12110.16.0
property_loss_usd,12116.82
property_loss_usd,12119.02
property_loss_usd,12144.11
property_loss_usd,12161.91
property_loss_usd,12167.8
property_loss_usd,12178.58
property_loss_usd,12183.33
property_loss_usd,12209.08
property_loss_usd,12213.7
property_loss_usd,12240.75
property_loss_usd,12246.59
property_loss_usd,12247.55
property_loss_usd,12257.29
property_loss_usd,12264.1
property_loss_usd,12271.0
property_loss_usd,12276.12
property_loss_usd,12278.38
property_loss_usd,1229.23
property_loss_usd,12293.99
property_loss_usd,12295.28
property_loss_usd,12299.52
property_loss_usd,12322.39
property_loss_usd,12323.67
property_loss_usd,12328.06
property_loss_usd,12328.73
property_loss_usd,12336.94
property_loss_usd,12350.47
property_loss_usd,12367.28
property_loss_usd,12369.61
property_loss_usd,12381.46
property_loss_usd,12382.93
property_loss_usd,12387.36
property_loss_usd,12398.68
property_loss_usd,12402.72
property_loss_usd,12418.99
property_loss_usd,12420.91
property_loss_usd,12435.79
property_loss_usd,1244.01
property_loss_usd,12448.51
property_loss_usd,1245.61.0
property_loss_usd,12465.65
property_loss_usd,12516.77
property_loss_usd,12518.08
property_loss_usd,12522.93
property_loss_usd,12532.5
property_loss_usd,12546.98
property_loss_usd,12550.74
property_loss_usd,12577.16
property_loss_usd,12583.07
property_loss_usd,12593.75
property_loss_usd,12607.82
property_loss_usd,12626.07
property_loss_usd,12629.2
property_loss_usd,12634.54
property_loss_usd,12634.61
property_loss_usd,12638.19
property_loss_usd,12643.56
property_loss_usd,12644.58
property_loss_usd,12655.49
property_loss_usd,12656.35
property_loss_usd,12663.55
property_loss_usd,12665.69
property_loss_usd,12682.83
property_loss_usd,12695.49
property_loss_usd,12705.46
property_loss_usd,12713.31
property_loss_usd,12732.81
property_loss_usd,12732.94
property_loss_usd,12733.23.0
property_loss_usd,12734.48
property_loss_usd,12746.91
property_loss_usd,1276.92
property_loss_usd,12767.04
property_loss_usd,12780.77
property_loss_usd,12792.05
property_loss_usd,12794.17
property_loss_usd,12796.14
property_loss_usd,12821.81
property_loss_usd,12828.3
property_loss_usd,12830.45
property_loss_usd,12832.89
property_loss_usd,12847.14
property_loss_usd,12855.1
property_loss_usd,12867.96
property_loss_usd,12881.66
property_loss_usd,12883.0
property_loss_usd,12902.64
property_loss_usd,12921.65
property_loss_usd,12922.55
property_loss_usd,12948.76
property_loss_usd,12949.87
property_loss_usd,1295.28
property_loss_usd,12973.28
property_loss_usd,12976.95
property_loss_usd,12989.44
property_loss_usd,13020.5
property_loss_usd,13025.15
property_loss_usd,13029.45
property_loss_usd,13045.12
property_loss_usd,13050.25
property_loss_usd,13055.68
property_loss_usd,13061.15
property_loss_usd,13062.33
property_loss_usd,13063.58
property_loss_usd,13067.58
property_loss_usd,13075.89
property_loss_usd,13082.74
property_loss_usd,13091.27
property_loss_usd,13095.81
property_loss_usd,13107.84
property_loss_usd,13114.55
property_loss_usd,13121.65
property_loss_usd,13133.69
property_loss_usd,13138.25
property_loss_usd,13171.43
property_loss_usd,13173.07
property_loss_usd,13173.14
property_loss_usd,13174.84
property_loss_usd,13177.71
property_loss_usd,13197.97
property_loss_usd,13198.91
property_loss_usd,13222.93
property_loss_usd,13235.03
property_loss_usd,13235.57
property_loss_usd,13243.23
property_loss_usd,13249.41
property_loss_usd,13267.69
property_loss_usd,13271.92
property_loss_usd,13293.0
property_loss_usd,13312.96
property_loss_usd,13314.42
property_loss_usd,13320.41
property_loss_usd,13324.21
property_loss_usd,13330.44
property_loss_usd,13366.55
property_loss_usd,13392.93
property_loss_usd,13415.62
property_loss_usd,13420.33
property_loss_usd,13426.58
property_loss_usd,1344.3
property_loss_usd,13452.04
property_loss_usd,13458.51
property_loss_usd,13459.71
property_loss_usd,13469.16
property_loss_usd,13470.96
property_loss_usd,13472.21
property_loss_usd,13484.11
property_loss_usd,13485.64
property_loss_usd,1349.49
property_loss_usd,13495.6
property_loss_usd,13498.85
property_loss_usd,13500.21
property_loss_usd,13513.28
property_loss_usd,13528.29
property_loss_usd,13540.65
property_loss_usd,13564.42.0
property_loss_usd,13566.57
property_loss_usd,13577.43
property_loss_usd,13587.2
property_loss_usd,1359.02
property_loss_usd,13594.28
property_loss_usd,13597.48
property_loss_usd,13605.03
property_loss_usd,13606.95
property_loss_usd,13607.95
property_loss_usd,13608.49
property_loss_usd,13632.71
property_loss_usd,13636.96
property_loss_usd,13648.64
property_loss_usd,13696.09
property_loss_usd,13702.71
property_loss_usd,13704.95
property_loss_usd,13723.29
property_loss_usd,13730.07
property_loss_usd,13743.66
property_loss_usd,13747.57
property_loss_usd,13748.3
property_loss_usd,13753.44
property_loss_usd,13757.67
property_loss_usd,1377.45
property_loss_usd,13779.73
property_loss_usd,1383.57
property_loss_usd,13834.31
property_loss_usd,1385.21
property_loss_usd,13876.28
property_loss_usd,13876.54
property_loss_usd,13876.63
property_loss_usd,13877.43
property_loss_usd,13886.7
property_loss_usd,13899.7
property_loss_usd,13903.84
property_loss_usd,1392.35
property_loss_usd,13920.29
property_loss_usd,13922.36
property_loss_usd,13945.01
property_loss_usd,13948.17
property_loss_usd,13951.43
property_loss_usd,13954.62
property_loss_usd,13954.75
property_loss_usd,1397.26
property_loss_usd,13983.62
property_loss_usd,13994.63
property_loss_usd,13998.01
property_loss_usd,140.7
property_loss_usd,14000.99
property_loss_usd,14002.53
property_loss_usd,14005.87
property_loss_usd,14048.63
property_loss_usd,14051.82
property_loss_usd,14068.42
property_loss_usd,14088.84
property_loss_usd,14089.43
property_loss_usd,14094.34
property_loss_usd,14121.59
property_loss_usd,14135.92
property_loss_usd,14142.99
property_loss_usd,1415.34
property_loss_usd,14151.61
property_loss_usd,14166.51
property_loss_usd,14166.77
property_loss_usd,14174.03
property_loss_usd,14178.86
property_loss_usd,14183.28
property_loss_usd,14190.37
property_loss_usd,14196.08
property_loss_usd,14199.09
property_loss_usd,14200.38
property_loss_usd,1421.79.0
property_loss_usd,14210.67
property_loss_usd,1424.71
property_loss_usd,14244.58
property_loss_usd,14258.89
property_loss_usd,14299.33
property_loss_usd,14306.44
property_loss_usd,14314.17
property_loss_usd,14314.61
property_loss_usd,14344.38
property_loss_usd,14376.1
property_loss_usd,14381.15.0
property_loss_usd,1440.55
property_loss_usd,14407.75
property_loss_usd,14434.21
property_loss_usd,14440.95
property_loss_usd,1445.83
property_loss_usd,14457.98
property_loss_usd,14464.91
property_loss_usd,14467.84
property_loss_usd,14468.52
property_loss_usd,14473.3
property_loss_usd,14474.08
property_loss_usd,14485.64
property_loss_usd,1449.97
property_loss_usd,14513.98
property_loss_usd,14517.25
property_loss_usd,14534.19
property_loss_usd,14535.07
property_loss_usd,14537.54
property_loss_usd,14539.64.0
property_loss_usd,14554.21.0
property_loss_usd,14557.95
property_loss_usd,14589.69
property_loss_usd,1459.35
property_loss_usd,14604.47
property_loss_usd,14609.09
property_loss_usd,14616.21
property_loss_usd,14643.28
property_loss_usd,14648.96.0
property_loss_usd,14675.01
property_loss_usd,14677.67
property_loss_usd,14689.2
property_loss_usd,14697.31
property_loss_usd,14701.84
property_loss_usd,14706.17
property_loss_usd,14716.36
property_loss_usd,14745.63
property_loss_usd,14749.92
property_loss_usd,14750.0
property_loss_usd,14750.66
property_loss_usd,14752.26
property_loss_usd,1476.46
property_loss_usd,14766.88
property_loss_usd,1477.62
property_loss_usd,14776.6
property_loss_usd,14785.91
property_loss_usd,1479.34
property_loss_usd,14809.71
property_loss_usd,14811.47.0
property_loss_usd,14830.28
property_loss_usd,14834.27
property_loss_usd,14856.13
property_loss_usd,14859.61
property_loss_usd,1486.41
property_loss_usd,14919.21
property_loss_usd,14922.11
property_loss_usd,14939.51
property_loss_usd,14948.62
property_loss_usd,14949.65
property_loss_usd,14972.98
property_loss_usd,14999.05
property_loss_usd,15001.07
property_loss_usd,15002.15
property_loss_usd,15017.9
property_loss_usd,15067.63
property_loss_usd,15075.36
property_loss_usd,1508.23
property_loss_usd,15086.1
property_loss_usd,1509.5.0
property_loss_usd,15094.72
property_loss_usd,15101.66
property_loss_usd,15102.1
property_loss_usd,15124.15
property_loss_usd,15127.92
property_loss_usd,15135.81
property_loss_usd,15136.59
property_loss_usd,15145.92
property_loss_usd,15155.66
property_loss_usd,15160.32
property_loss_usd,15161.07
property_loss_usd,15172.41
property_loss_usd,15189.53
property_loss_usd,15190.56
property_loss_usd,15201.64
property_loss_usd,15203.96
property_loss_usd,15227.54
property_loss_usd,15238.63
property_loss_usd,15248.97
property_loss_usd,15256.02
property_loss_usd,15282.84
property_loss_usd,15286.24
property_loss_usd,15293.28
property_loss_usd,15300.33
property_loss_usd,15300.59
property_loss_usd,15303.75
property_loss_usd,15315.26
property_loss_usd,15339.0
property_loss_usd,15340.44
property_loss_usd,15345.4
property_loss_usd,15371.06
property_loss_usd,15388.09
property_loss_usd,15401.99
property_loss_usd,15421.24
property_loss_usd,15423.99
property_loss_usd,15438.36
property_loss_usd,15442.28
property_loss_usd,15444.31
property_loss_usd,15444.42
property_loss_usd,15452.65
property_loss_usd,15452.7
property_loss_usd,15463.68
property_loss_usd,15464.84
property_loss_usd,15470.49
property_loss_usd,1548.58
property_loss_usd,15494.41
property_loss_usd,15497.38
property_loss_usd,15517.92
property_loss_usd,15535.6
property_loss_usd,15547.62
property_loss_usd,15561.42
property_loss_usd,15580.22
property_loss_usd,15590.61
property_loss_usd,15607.93
property_loss_usd,15609.45
property_loss_usd,15616.0
property_loss_usd,1562.75
property_loss_usd,15629.12
property_loss_usd,15653.12
property_loss_usd,15656.7
property_loss_usd,15675.94
property_loss_usd,15692.8
property_loss_usd,15699.46
property_loss_usd,1570.76
property_loss_usd,15700.67
property_loss_usd,15702.15
property_loss_usd,15711.3
property_loss_usd,15713.0
property_loss_usd,15716.89
property_loss_usd,15727.26
property_loss_usd,15740.16
property_loss_usd,15771.17
property_loss_usd,15777.12
property_loss_usd,15781.14
property_loss_usd,15786.67
property_loss_usd,15802.28
property_loss_usd,15807.27
property_loss_usd,15826.64
property_loss_usd,15827.96
property_loss_usd,15845.14
property_loss_usd,15849.0
property_loss_usd,15849.57
property_loss_usd,15859.22
property_loss_usd,1586.04
property_loss_usd,15879.88
property_loss_usd,15892.94
property_loss_usd,1590.14
property_loss_usd,1590.86
property_loss_usd,15916.95
property_loss_usd,15917.15
property_loss_usd,15917.37
property_loss_usd,15924.36
property_loss_usd,1593.07
property_loss_usd,1594.68
property_loss_usd,15944.93
property_loss_usd,15963.38
property_loss_usd,15967.09
property_loss_usd,15968.03
property_loss_usd,15969.95
property_loss_usd,15978.62
property_loss_usd,15984.19
property_loss_usd,15986.11
property_loss_usd,1599.1
property_loss_usd,15995.14
property_loss_usd,160.31
property_loss_usd,16013.36
property_loss_usd,16013.81
property_loss_usd,16032.19
property_loss_usd,16040.34
property_loss_usd,16045.45
property_loss_usd,16058.43
property_loss_usd,16071.36
property_loss_usd,16078.39
property_loss_usd,16124.42
property_loss_usd,16130.66
property_loss_usd,16133.3
property_loss_usd,16136.96.0
property_loss_usd,16143.25
property_loss_usd,16157.9
property_loss_usd,16158.25
property_loss_usd,16161.52
property_loss_usd,16164.57
property_loss_usd,16173.4
property_loss_usd,16181.09
property_loss_usd,16191.85
property_loss_usd,162.49
property_loss_usd,16209.06
property_loss_usd,16211.46
property_loss_usd,16222.87
property_loss_usd,16232.35
property_loss_usd,16243.76
property_loss_usd,16262.16
property_loss_usd,16277.5
property_loss_usd,16282.07
property_loss_usd,16288.17
property_loss_usd,16290.87
property_loss_usd,16296.42
property_loss_usd,16327.2
property_loss_usd,16330.48
property_loss_usd,16342.44
property_loss_usd,16377.33
property_loss_usd,1639.58
property_loss_usd,16390.74
property_loss_usd,16393.08
property_loss_usd,16406.68
property_loss_usd,1642.45
property_loss_usd,16454.84
property_loss_usd,16461.23
property_loss_usd,16468.03
property_loss_usd,16497.61
property_loss_usd,16498.83
property_loss_usd,165.83
property_loss_usd,16506.78
property_loss_usd,16512.54
property_loss_usd,16526.05
property_loss_usd,16537.52
property_loss_usd,1654.05
property_loss_usd,1654.68
property_loss_usd,16581.17
property_loss_usd,16592.76
property_loss_usd,16608.26
property_loss_usd,16608.79
property_loss_usd,16611.86
property_loss_usd,16618.81
property_loss_usd,1666.09
property_loss_usd,16668.14
property_loss_usd,16674.52
property_loss_usd,16694.56
property_loss_usd,167.07
property_loss_usd,1670.7
property_loss_usd,16755.15
property_loss_usd,1679.24
property_loss_usd,168.48
property_loss_usd,1680.51
property_loss_usd,16813.12
property_loss_usd,16813.91
property_loss_usd,16850.94
property_loss_usd,16860.98
property_loss_usd,16869.97
property_loss_usd,16876.62
property_loss_usd,16891.31
property_loss_usd,16897.88
property_loss_usd,16917.2
property_loss_usd,16919.69
property_loss_usd,16928.23
property_loss_usd,16938.7
property_loss_usd,16950.18
property_loss_usd,17006.86
property_loss_usd,17013.89
property_loss_usd,17024.62
property_loss_usd,17035.87
property_loss_usd,1704.78
property_loss_usd,17042.35
property_loss_usd,17042.67
property_loss_usd,17049.38
property_loss_usd,1705.47
property_loss_usd,17054.86
property_loss_usd,17056.25
property_loss_usd,17080.3
property_loss_usd,17091.45
property_loss_usd,17116.43
property_loss_usd,17146.02
property_loss_usd,17146.41
property_loss_usd,1716.16
property_loss_usd,17162.94
property_loss_usd,17172.83
property_loss_usd,17176.27
property_loss_usd,17199.31
property_loss_usd,17211.16
property_loss_usd,17242.66
property_loss_usd,17245.4
property_loss_usd,1726.92
property_loss_usd,1728.1
property_loss_usd,17296.33
property_loss_usd,173.17
property_loss_usd,1731.97
property_loss_usd,17324.51
property_loss_usd,17325.85
property_loss_usd,17330.04
property_loss_usd,17332.6
property_loss_usd,17333.67
property_loss_usd,17334.2
property_loss_usd,17347.42
property_loss_usd,17358.65
property_loss_usd,174.89
property_loss_usd,17411.66
property_loss_usd,17422.27
property_loss_usd,17426.58
property_loss_usd,17439.29
property_loss_usd,17444.37
property_loss_usd,17446.32
property_loss_usd,17454.16
property_loss_usd,17461.88
property_loss_usd,17466.05
property_loss_usd,17469.75
property_loss_usd,17479.01
property_loss_usd,17484.3
property_loss_usd,17494.71
property_loss_usd,17509.65
property_loss_usd,17528.45
property_loss_usd,17530.72
property_loss_usd,17532.82
property_loss_usd,17557.98
property_loss_usd,17566.0
property_loss_usd,17587.99
property_loss_usd,17588.08
property_loss_usd,1760.93
property_loss_usd,17608.62
property_loss_usd,17627.34
property_loss_usd,17629.04
property_loss_usd,17629.87
property_loss_usd,1763.86
property_loss_usd,1765.73
property_loss_usd,17657.55
property_loss_usd,17662.56
property_loss_usd,17664.06
property_loss_usd,17664.58
property_loss_usd,17673.31
property_loss_usd,17677.56
property_loss_usd,17677.85
property_loss_usd,17697.75
property_loss_usd,177.28
property_loss_usd,17708.45
property_loss_usd,17713.83
property_loss_usd,1772.31
property_loss_usd,17737.51
property_loss_usd,17748.57.0
property_loss_usd,17774.24
property_loss_usd,1780.71
property_loss_usd,17800.75
property_loss_usd,17807.72
property_loss_usd,1784.04
property_loss_usd,17853.42
property_loss_usd,17856.04
property_loss_usd,17856.93
property_loss_usd,17858.02
property_loss_usd,17866.22
property_loss_usd,17875.83
property_loss_usd,17882.32
property_loss_usd,1789.78
property_loss_usd,17932.54
property_loss_usd,17940.61
property_loss_usd,17946.55
property_loss_usd,17949.26
property_loss_usd,17951.52
property_loss_usd,17957.95
property_loss_usd,17971.12
property_loss_usd,17972.83.0
property_loss_usd,17988.85.0
property_loss_usd,17995.21.0
property_loss_usd,18005.33
property_loss_usd,18006.94
property_loss_usd,18021.97
property_loss_usd,18036.18
property_loss_usd,18051.58
property_loss_usd,18051.94
property_loss_usd,18060.35
property_loss_usd,18081.56
property_loss_usd,18082.17
property_loss_usd,18083.59
property_loss_usd,18084.71
property_loss_usd,18085.71
property_loss_usd,18095.24
property_loss_usd,18098.4
property_loss_usd,18098.9
property_loss_usd,181.32
property_loss_usd,18111.15
property_loss_usd,18112.51
property_loss_usd,18114.69
property_loss_usd,18135.18
property_loss_usd,18143.01
property_loss_usd,1819.92
property_loss_usd,18190.66
property_loss_usd,18195.99
property_loss_usd,18199.38
property_loss_usd,182.99
property_loss_usd,18203.43
property_loss_usd,18203.99
property_loss_usd,18216.01
property_loss_usd,18224.78
property_loss_usd,18228.53
property_loss_usd,1824.15
property_loss_usd,18244.55
property_loss_usd,18247.16
property_loss_usd,18247.31
property_loss_usd,18248.81
property_loss_usd,18255.26.0
property_loss_usd,18256.48.0
property_loss_usd,1827.88
property_loss_usd,18271.72
property_loss_usd,18296.87
property_loss_usd,18307.83
property_loss_usd,18315.44
property_loss_usd,18339.64.0
property_loss_usd,18340.55
property_loss_usd,18348.16
property_loss_usd,18361.25
property_loss_usd,18363.01
property_loss_usd,1837.6
property_loss_usd,18382.04
property_loss_usd,18382.45
property_loss_usd,18384.25
property_loss_usd,18393.01
property_loss_usd,18406.36
property_loss_usd,18410.67
property_loss_usd,18416.42
property_loss_usd,18416.7
property_loss_usd,18425.36
property_loss_usd,18428.3
property_loss_usd,18433.96
property_loss_usd,18435.44
property_loss_usd,18445.97
property_loss_usd,18449.86
property_loss_usd,18473.56
property_loss_usd,18477.15
property_loss_usd,18478.89
property_loss_usd,1848.13
property_loss_usd,18486.09
property_loss_usd,18487.16
property_loss_usd,18492.52
property_loss_usd,18493.89
property_loss_usd,18502.06
property_loss_usd,18512.91
property_loss_usd,18518.22
property_loss_usd,18542.68
property_loss_usd,18543.5
property_loss_usd,18548.09
property_loss_usd,18563.35
property_loss_usd,18564.66
property_loss_usd,18565.72
property_loss_usd,18573.08
property_loss_usd,18579.18
property_loss_usd,18579.22
property_loss_usd,18603.68
property_loss_usd,18612.81
property_loss_usd,18613.13
property_loss_usd,1862.46
property_loss_usd,18638.47
property_loss_usd,18641.66
property_loss_usd,18642.04
property_loss_usd,18648.05
property_loss_usd,18734.56
property_loss_usd,18739.23
property_loss_usd,18747.93
property_loss_usd,18750.95
property_loss_usd,18753.04
property_loss_usd,18754.09
property_loss_usd,18756.28
property_loss_usd,1876.51
property_loss_usd,18763.21
property_loss_usd,18769.29
property_loss_usd,18778.47
property_loss_usd,18782.28
property_loss_usd,18795.76
property_loss_usd,18797.51
property_loss_usd,18806.77
property_loss_usd,18807.48
property_loss_usd,18814.07
property_loss_usd,18825.48
property_loss_usd,18832.88
property_loss_usd,18833.52
property_loss_usd,18844.81
property_loss_usd,18851.35
property_loss_usd,18855.1
property_loss_usd,18865.89
property_loss_usd,18889.51
property_loss_usd,18910.34.0
property_loss_usd,18910.57
property_loss_usd,18916.65
property_loss_usd,18927.8
property_loss_usd,18931.62
property_loss_usd,18936.35
property_loss_usd,18937.36
property_loss_usd,18942.55
property_loss_usd,18954.86
property_loss_usd,18959.58
property_loss_usd,18968.28
property_loss_usd,18976.63
property_loss_usd,18994.66
property_loss_usd,190.16
property_loss_usd,1901.45
property_loss_usd,19025.51
property_loss_usd,19067.8
property_loss_usd,19072.87
property_loss_usd,19075.36
property_loss_usd,1908.02
property_loss_usd,19080.85
property_loss_usd,19093.35
property_loss_usd,19136.02
property_loss_usd,19136.2
property_loss_usd,19143.1
property_loss_usd,19150.44
property_loss_usd,19150.89
property_loss_usd,19178.2
property_loss_usd,19178.34
property_loss_usd,19196.54
property_loss_usd,19205.58
property_loss_usd,19229.96
property_loss_usd,19254.51
property_loss_usd,19255.56
property_loss_usd,19269.49
property_loss_usd,19285.07
property_loss_usd,19301.91
property_loss_usd,19318.31
property_loss_usd,19318.74
property_loss_usd,19335.85
property_loss_usd,19340.01
property_loss_usd,19356.13
property_loss_usd,1938.62
property_loss_usd,1938.79
property_loss_usd,19395.7
property_loss_usd,19396.75
property_loss_usd,19398.73
property_loss_usd,1941.74
property_loss_usd,19418.9
property_loss_usd,1942.07
property_loss_usd,19424.02.0
property_loss_usd,19430.02
property_loss_usd,19445.52
property_loss_usd,19445.61
property_loss_usd,19460.25
property_loss_usd,19465.1
property_loss_usd,19497.76
property_loss_usd,19499.28
property_loss_usd,19508.72
property_loss_usd,19536.87
property_loss_usd,19562.62
property_loss_usd,19568.1
property_loss_usd,1957.51
property_loss_usd,19588.24
property_loss_usd,19591.63
property_loss_usd,19608.16
property_loss_usd,19619.04
property_loss_usd,19629.23
property_loss_usd,19656.29
property_loss_usd,19666.02
property_loss_usd,19693.63
property_loss_usd,19705.28
property_loss_usd,19751.74
property_loss_usd,19755.62
property_loss_usd,19787.9
property_loss_usd,19794.4
property_loss_usd,19811.81
property_loss_usd,19813.86
property_loss_usd,19815.4
property_loss_usd,19816.59
property_loss_usd,1982.33.0
property_loss_usd,19829.56
property_loss_usd,19852.15
property_loss_usd,19861.22
property_loss_usd,19861.53
property_loss_usd,19873.16
property_loss_usd,19882.92
property_loss_usd,1990.83
property_loss_usd,19917.05
property_loss_usd,1992.12
property_loss_usd,19930.95
property_loss_usd,19934.08
property_loss_usd,19952.71
property_loss_usd,19962.28
property_loss_usd,19965.11
property_loss_usd,1998.67
property_loss_usd,19986.16
property_loss_usd,19996.69
property_loss_usd,20.66
property_loss_usd,20028.99
property_loss_usd,20066.34.0
property_loss_usd,20082.67
property_loss_usd,20085.99
property_loss_usd,20092.05
property_loss_usd,20100.56
property_loss_usd,20103.24
property_loss_usd,2011.64
property_loss_usd,20135.18
property_loss_usd,20157.35
property_loss_usd,20158.29
property_loss_usd,20183.45
property_loss_usd,20184.11
property_loss_usd,20186.25
property_loss_usd,20190.46
property_loss_usd,20190.74
property_loss_usd,20207.27
property_loss_usd,20208.9
property_loss_usd,20209.81
property_loss_usd,2021.54
property_loss_usd,20210.61
property_loss_usd,2022.72
property_loss_usd,20230.38
property_loss_usd,20232.34
property_loss_usd,20243.74
property_loss_usd,20246.95
property_loss_usd,20248.41
property_loss_usd,20249.49
property_loss_usd,20249.88
property_loss_usd,20284.08
property_loss_usd,20285.02
property_loss_usd,20290.87
property_loss_usd,20298.65
property_loss_usd,203.64
property_loss_usd,20320.7
property_loss_usd,20334.22
property_loss_usd,20349.79
property_loss_usd,20351.29
property_loss_usd,20355.89
property_loss_usd,20363.11
property_loss_usd,2038.16
property_loss_usd,20389.15
property_loss_usd,20390.54
property_loss_usd,20394.14
property_loss_usd,20407.19
property_loss_usd,20450.63
property_loss_usd,20454.32
property_loss_usd,20456.91
property_loss_usd,20461.49
property_loss_usd,20479.48
property_loss_usd,2048.85
property_loss_usd,20481.62
property_loss_usd,2049.51
property_loss_usd,20504.35
property_loss_usd,20505.36
property_loss_usd,20509.01
property_loss_usd,20527.47
property_loss_usd,20545.56
property_loss_usd,20573.15
property_loss_usd,20573.38
property_loss_usd,20579.29
property_loss_usd,20600.29
property_loss_usd,20611.06
property_loss_usd,20617.69
property_loss_usd,20621.21
property_loss_usd,20627.69
property_loss_usd,2063.91
property_loss_usd,2065.03
property_loss_usd,20668.73
property_loss_usd,20681.86
property_loss_usd,20682.13
property_loss_usd,20697.79
property_loss_usd,20699.79
property_loss_usd,20702.38
property_loss_usd,20702.72
property_loss_usd,20702.85
property_loss_usd,2071.3
property_loss_usd,20710.74
property_loss_usd,20712.44
property_loss_usd,20737.11
property_loss_usd,20743.39
property_loss_usd,20747.69
property_loss_usd,20766.39.0
property_loss_usd,20775.63
property_loss_usd,20779.25
property_loss_usd,20785.84
property_loss_usd,20790.05
property_loss_usd,208.34
property_loss_usd,20804.84
property_loss_usd,20808.54.0
property_loss_usd,20833.52
property_loss_usd,20874.67
property_loss_usd,20876.49
property_loss_usd,2088.72
property_loss_usd,20902.88
property_loss_usd,20905.84
property_loss_usd,20908.79
property_loss_usd,20911.19
property_loss_usd,20916.11
property_loss_usd,2092.92.0
property_loss_usd,20929.26
property_loss_usd,20934.82
property_loss_usd,20944.39
property_loss_usd,20944.99
property_loss_usd,20958.6
property_loss_usd,20962.39
property_loss_usd,20979.27
property_loss_usd,2098.44
property_loss_usd,21020.67
property_loss_usd,21023.0
property_loss_usd,21027.5
property_loss_usd,21039.92
property_loss_usd,21060.71
property_loss_usd,21083.41
property_loss_usd,21096.02
property_loss_usd,21103.06
property_loss_usd,21110.81
property_loss_usd,21113.52
property_loss_usd,21118.6
property_loss_usd,2112.43.0
property_loss_usd,21123.89
property_loss_usd,2113.59
property_loss_usd,21132.37
property_loss_usd,21144.39
property_loss_usd,21156.55
property_loss_usd,21159.77
property_loss_usd,21166.28
property_loss_usd,21170.29
property_loss_usd,21175.29
property_loss_usd,21179.75
property_loss_usd,21183.97
property_loss_usd,21189.89
property_loss_usd,21191.16
property_loss_usd,21193.58
property_loss_usd,21194.26
property_loss_usd,21200.84
property_loss_usd,21220.93
property_loss_usd,21249.1
property_loss_usd,21260.78
property_loss_usd,21298.54
property_loss_usd,21304.69
property_loss_usd,21314.12
property_loss_usd,21318.16
property_loss_usd,21319.26
property_loss_usd,2132.01
property_loss_usd,2135.4
property_loss_usd,21351.24
property_loss_usd,21355.15
property_loss_usd,21355.29
property_loss_usd,21364.37
property_loss_usd,21375.22
property_loss_usd,21385.32
property_loss_usd,21415.9
property_loss_usd,21419.73
property_loss_usd,21423.15
property_loss_usd,21427.95
property_loss_usd,21431.34
property_loss_usd,21451.72
property_loss_usd,21460.58
property_loss_usd,21462.19
property_loss_usd,21464.68
property_loss_usd,21470.84
property_loss_usd,21484.19
property_loss_usd,21487.94
property_loss_usd,21492.15
property_loss_usd,21492.87
property_loss_usd,21504.13
property_loss_usd,21576.82
property_loss_usd,21583.71
property_loss_usd,21613.01
property_loss_usd,21617.6
property_loss_usd,21620.98
property_loss_usd,21621.94
property_loss_usd,21635.38
property_loss_usd,21645.56
property_loss_usd,21660.56
property_loss_usd,2167.35
property_loss_usd,21702.67
property_loss_usd,21703.3
property_loss_usd,21731.23
property_loss_usd,21733.58
property_loss_usd,21747.4
property_loss_usd,21767.85
property_loss_usd,21772.4
property_loss_usd,21779.92
property_loss_usd,21783.24
property_loss_usd,21787.81
property_loss_usd,21794.7
property_loss_usd,21795.59
property_loss_usd,21808.21
property_loss_usd,21816.88
property_loss_usd,2182.36
property_loss_usd,21869.93
property_loss_usd,21873.66
property_loss_usd,21891.46
property_loss_usd,2190.05
property_loss_usd,21902.35
property_loss_usd,21903.08
property_loss_usd,21915.53
property_loss_usd,21918.5
property_loss_usd,2192.91
property_loss_usd,21921.32
property_loss_usd,21926.09
property_loss_usd,21926.41
property_loss_usd,21935.0
property_loss_usd,2194.3
property_loss_usd,21951.39
property_loss_usd,21963.67
property_loss_usd,21966.15
property_loss_usd,2199.03
property_loss_usd,2199.33
property_loss_usd,21994.62
property_loss_usd,21999.38
property_loss_usd,22.55
property_loss_usd,22010.77
property_loss_usd,22017.48
property_loss_usd,22024.01
property_loss_usd,22033.97
property_loss_usd,22042.48
property_loss_usd,22047.62
property_loss_usd,2208.11
property_loss_usd,2211.23
property_loss_usd,22116.2
property_loss_usd,22118.26
property_loss_usd,22120.59.0
property_loss_usd,22121.94
property_loss_usd,22168.6
property_loss_usd,22180.74
property_loss_usd,22188.67.0
property_loss_usd,22188.78
property_loss_usd,22199.03
property_loss_usd,22218.78
property_loss_usd,22223.83
property_loss_usd,22224.73
property_loss_usd,22226.56
property_loss_usd,22246.98
property_loss_usd,22250.9
property_loss_usd,22276.95
property_loss_usd,22307.71
property_loss_usd,22309.22
property_loss_usd,22326.84
property_loss_usd,22336.11
property_loss_usd,22337.27
property_loss_usd,22338.88
property_loss_usd,22344.3
property_loss_usd,22349.26
property_loss_usd,22367.94
property_loss_usd,22384.7
property_loss_usd,22414.57
property_loss_usd,22419.88
property_loss_usd,22426.81
property_loss_usd,22430.06
property_loss_usd,22453.26
property_loss_usd,22461.57
property_loss_usd,22465.96
property_loss_usd,2247.99.0
property_loss_usd,22473.76
property_loss_usd,22480.63
property_loss_usd,2252.71
property_loss_usd,22554.0
property_loss_usd,22561.36.0
property_loss_usd,22565.56
property_loss_usd,22573.55
property_loss_usd,22580.97
property_loss_usd,22586.76
property_loss_usd,22587.91
property_loss_usd,22595.9
property_loss_usd,22618.86
property_loss_usd,22628.63
property_loss_usd,22674.82.0
property_loss_usd,22687.17
property_loss_usd,22702.04
property_loss_usd,22705.4
property_loss_usd,22728.62
property_loss_usd,22757.29
property_loss_usd,22760.47
property_loss_usd,22774.23
property_loss_usd,22775.84
property_loss_usd,2278.8
property_loss_usd,22786.66
property_loss_usd,22789.77
property_loss_usd,22795.34
property_loss_usd,2280.93
property_loss_usd,22802.19
property_loss_usd,22817.65
property_loss_usd,2282.82
property_loss_usd,22821.87
property_loss_usd,22829.85
property_loss_usd,22836.7
property_loss_usd,22854.79
property_loss_usd,22875.41
property_loss_usd,22890.42
property_loss_usd,22903.46
property_loss_usd,22917.49
property_loss_usd,22928.24
property_loss_usd,22939.11
property_loss_usd,22971.51
property_loss_usd,2298.88
property_loss_usd,22981.2
property_loss_usd,22993.05
property_loss_usd,23.14
property_loss_usd,23008.85
property_loss_usd,23016.75
property_loss_usd,23019.7
property_loss_usd,23051.06
property_loss_usd,23058.98
property_loss_usd,23059.41
property_loss_usd,23060.63
property_loss_usd,23064.2
property_loss_usd,23068.5
property_loss_usd,23073.87
property_loss_usd,23085.66
property_loss_usd,23100.96
property_loss_usd,23101.66.0
property_loss_usd,23107.33
property_loss_usd,23118.02
property_loss_usd,23161.47.0
property_loss_usd,23200.13
property_loss_usd,23227.73
property_loss_usd,23257.51
property_loss_usd,23263.38
property_loss_usd,23263.69
property_loss_usd,23287.21
property_loss_usd,23314.7
property_loss_usd,23320.26
property_loss_usd,23327.14
property_loss_usd,23348.81
property_loss_usd,23355.16
property_loss_usd,23363.44
property_loss_usd,23368.41
property_loss_usd,23369.62
property_loss_usd,23386.34
property_loss_usd,23396.11
property_loss_usd,23401.19
property_loss_usd,23405.73
property_loss_usd,23409.14
property_loss_usd,23417.78
property_loss_usd,23424.43
property_loss_usd,23426.83
property_loss_usd,23447.74
property_loss_usd,23469.85
property_loss_usd,23477.59
property_loss_usd,23483.12
property_loss_usd,23498.01
property_loss_usd,23513.01
property_loss_usd,23517.46
property_loss_usd,23542.98
property_loss_usd,23548.94
property_loss_usd,23549.76
property_loss_usd,23550.86
property_loss_usd,23552.38
property_loss_usd,23553.59
property_loss_usd,23563.86
property_loss_usd,23569.03
property_loss_usd,23569.59
property_loss_usd,23599.98
property_loss_usd,2361.43
property_loss_usd,23613.85
property_loss_usd,2362.93
property_loss_usd,23647.95
property_loss_usd,23648.74
property_loss_usd,23651.44
property_loss_usd,23662.63
property_loss_usd,23669.78
property_loss_usd,23675.52
property_loss_usd,23687.35
property_loss_usd,23708.92
property_loss_usd,23709.31
property_loss_usd,2374.31
property_loss_usd,23741.83
property_loss_usd,23759.76
property_loss_usd,23760.89
property_loss_usd,23781.03
property_loss_usd,23785.6
property_loss_usd,23808.53
property_loss_usd,23811.6
property_loss_usd,23825.09
property_loss_usd,23829.04
property_loss_usd,23830.52
property_loss_usd,23839.21
property_loss_usd,23846.32
property_loss_usd,23849.59
property_loss_usd,23855.99
property_loss_usd,2386.41
property_loss_usd,23861.32
property_loss_usd,23864.4
property_loss_usd,23896.11
property_loss_usd,23907.12
property_loss_usd,23909.35
property_loss_usd,23912.02
property_loss_usd,23917.41
property_loss_usd,2395.81
property_loss_usd,23978.43
property_loss_usd,23988.91
property_loss_usd,2400.92
property_loss_usd,24002.65
property_loss_usd,2402.9
property_loss_usd,24026.46
property_loss_usd,24034.95
property_loss_usd,24035.71
property_loss_usd,24043.36
property_loss_usd,24086.12
property_loss_usd,24088.08.0
property_loss_usd,24134.73
property_loss_usd,24137.63
property_loss_usd,24166.55
property_loss_usd,24184.38
property_loss_usd,2420.93
property_loss_usd,24201.21
property_loss_usd,24201.55
property_loss_usd,24221.83
property_loss_usd,24240.34
property_loss_usd,24257.61
property_loss_usd,24267.32
property_loss_usd,24268.37
property_loss_usd,24269.26
property_loss_usd,24274.97
property_loss_usd,2428.55
property_loss_usd,243.54
property_loss_usd,2430.06
property_loss_usd,24322.56
property_loss_usd,24328.31
property_loss_usd,24336.68
property_loss_usd,24340.15
property_loss_usd,24344.34
property_loss_usd,24358.4
property_loss_usd,24380.62
property_loss_usd,24390.65
property_loss_usd,24392.59
property_loss_usd,24397.69
property_loss_usd,24415.83
property_loss_usd,24419.26
property_loss_usd,24422.15
property_loss_usd,24427.2
property_loss_usd,24442.34
property_loss_usd,24454.84
property_loss_usd,24466.58
property_loss_usd,2447.07
property_loss_usd,24470.7
property_loss_usd,24470.73
property_loss_usd,24494.29
property_loss_usd,24497.14
property_loss_usd,24497.48
property_loss_usd,245.92
property_loss_usd,24513.02
property_loss_usd,24521.12
property_loss_usd,24524.19
property_loss_usd,24524.66
property_loss_usd,24537.59
property_loss_usd,24549.88
property_loss_usd,24579.87
property_loss_usd,24593.65
property_loss_usd,24596.63
property_loss_usd,24599.75
property_loss_usd,24599.89
property_loss_usd,2461.85
property_loss_usd,24610.82
property_loss_usd,24629.03
property_loss_usd,24643.54
property_loss_usd,24664.1
property_loss_usd,24669.99
property_loss_usd,24672.26
property_loss_usd,24691.79
property_loss_usd,24705.29
property_loss_usd,24713.81
property_loss_usd,24723.78
property_loss_usd,24725.4
property_loss_usd,24728.4
property_loss_usd,24742.13
property_loss_usd,24748.0
property_loss_usd,2475.49
property_loss_usd,24758.65
property_loss_usd,24772.17
property_loss_usd,2479.37.0
property_loss_usd,24798.63
property_loss_usd,24800.62
property_loss_usd,24801.34
property_loss_usd,24804.82
property_loss_usd,24812.41
property_loss_usd,24816.65
property_loss_usd,24817.74
property_loss_usd,2482.02
property_loss_usd,2482.65
property_loss_usd,24821.41.0
property_loss_usd,24826.59
property_loss_usd,24846.14
property_loss_usd,24866.39
property_loss_usd,249.32
property_loss_usd,24902.76
property_loss_usd,24906.31
property_loss_usd,24927.38
property_loss_usd,24930.0
property_loss_usd,24936.62
property_loss_usd,24938.43
property_loss_usd,24940.97
property_loss_usd,24950.18
property_loss_usd,24950.43
property_loss_usd,24954.37
property_loss_usd,24970.35
property_loss_usd,24973.34
property_loss_usd,24975.2
property_loss_usd,24990.3
property_loss_usd,24998.87
property_loss_usd,25024.33
property_loss_usd,25026.56
property_loss_usd,25032.22
property_loss_usd,25047.83
property_loss_usd,25052.76
property_loss_usd,25054.91
property_loss_usd,25055.61
property_loss_usd,2507.17
property_loss_usd,25073.7
property_loss_usd,25078.15
property_loss_usd,25095.16
property_loss_usd,25096.66
property_loss_usd,25103.83
property_loss_usd,25105.79
property_loss_usd,25107.88
property_loss_usd,25121.94
property_loss_usd,25129.21
property_loss_usd,25132.87
property_loss_usd,25146.06
property_loss_usd,25184.72
property_loss_usd,25189.04
property_loss_usd,25193.67
property_loss_usd,25194.79
property_loss_usd,25219.21
property_loss_usd,2522.56
property_loss_usd,25231.6
property_loss_usd,25231.73
property_loss_usd,25233.55
property_loss_usd,25237.67
property_loss_usd,2525.47
property_loss_usd,25250.59
property_loss_usd,25257.13
property_loss_usd,25266.51
property_loss_usd,25271.74
property_loss_usd,25278.2
property_loss_usd,25293.78
property_loss_usd,25311.87
property_loss_usd,25312.95
property_loss_usd,25321.3
property_loss_usd,25369.16
property_loss_usd,2541.44
property_loss_usd,25439.46
property_loss_usd,25439.56
property_loss_usd,25448.73
property_loss_usd,25457.21
property_loss_usd,25458.1
property_loss_usd,2546.11
property_loss_usd,2546.43
property_loss_usd,25464.46
property_loss_usd,25467.46
property_loss_usd,25474.45
property_loss_usd,25483.05
property_loss_usd,25483.58
property_loss_usd,25504.16
property_loss_usd,25505.08
property_loss_usd,25505.23
property_loss_usd,2551.45.0
property_loss_usd,25521.93
property_loss_usd,25546.78
property_loss_usd,25550.24
property_loss_usd,25554.95
property_loss_usd,25570.48
property_loss_usd,25584.91
property_loss_usd,25599.09
property_loss_usd,25617.07
property_loss_usd,25636.8
property_loss_usd,25638.6
property_loss_usd,25661.71
property_loss_usd,25661.84
property_loss_usd,25711.96
property_loss_usd,25717.62
property_loss_usd,25722.05
property_loss_usd,25739.86
property_loss_usd,25744.75
property_loss_usd,25749.66
property_loss_usd,25755.6
property_loss_usd,25757.34
property_loss_usd,25767.69
property_loss_usd,25770.9
property_loss_usd,25797.84
property_loss_usd,258.34
property_loss_usd,2582.06
property_loss_usd,25851.16
property_loss_usd,25859.93.0
property_loss_usd,2586.86
property_loss_usd,25869.97
property_loss_usd,25885.99
property_loss_usd,25909.92
property_loss_usd,25924.2
property_loss_usd,25934.81
property_loss_usd,25945.77
property_loss_usd,25954.12
property_loss_usd,25965.34
property_loss_usd,25966.08
property_loss_usd,25971.38
property_loss_usd,25983.21
property_loss_usd,2599.75
property_loss_usd,25999.99
property_loss_usd,26.8.0
property_loss_usd,26025.49
property_loss_usd,26035.85
property_loss_usd,26052.11.0
property_loss_usd,26055.74
property_loss_usd,26055.9
property_loss_usd,26060.21
property_loss_usd,26083.59
property_loss_usd,26090.98.0
property_loss_usd,2610.37
property_loss_usd,26137.4
property_loss_usd,26152.21
property_loss_usd,2617.38
property_loss_usd,26176.04
property_loss_usd,2618.97
property_loss_usd,26194.28
property_loss_usd,2620.76
property_loss_usd,26225.84
property_loss_usd,26228.16
property_loss_usd,26230.8
property_loss_usd,26249.91
property_loss_usd,26259.59
property_loss_usd,26275.33
property_loss_usd,26279.11
property_loss_usd,26296.92
property_loss_usd,26297.11
property_loss_usd,26303.36
property_loss_usd,26312.4
property_loss_usd,26317.65
property_loss_usd,26320.46
property_loss_usd,26328.43
property_loss_usd,26342.36
property_loss_usd,26344.95
property_loss_usd,26346.45
property_loss_usd,26369.21
property_loss_usd,26390.26.0
property_loss_usd,26392.99
property_loss_usd,26396.04
property_loss_usd,2640.2
property_loss_usd,26410.37
property_loss_usd,26424.23
property_loss_usd,26450.1
property_loss_usd,26464.33
property_loss_usd,26469.96
property_loss_usd,2647.99
property_loss_usd,26471.18
property_loss_usd,26474.9
property_loss_usd,26487.05
property_loss_usd,2649.17
property_loss_usd,26494.94
property_loss_usd,26506.97
property_loss_usd,26508.23
property_loss_usd,26511.16
property_loss_usd,26524.2
property_loss_usd,26525.07
property_loss_usd,26525.51
property_loss_usd,26525.55
property_loss_usd,26574.75
property_loss_usd,26583.83
property_loss_usd,26598.68
property_loss_usd,26608.87
property_loss_usd,26609.86
property_loss_usd,26622.76
property_loss_usd,26632.29
property_loss_usd,26635.58
property_loss_usd,26664.18
property_loss_usd,26666.38
property_loss_usd,26694.0
property_loss_usd,2670.64
property_loss_usd,26700.46
property_loss_usd,26702.29
property_loss_usd,26708.52
property_loss_usd,26713.01
property_loss_usd,26714.22
property_loss_usd,26729.93
property_loss_usd,26730.69
property_loss_usd,26770.46
property_loss_usd,26774.42
property_loss_usd,26788.74
property_loss_usd,26790.38
property_loss_usd,26793.39
property_loss_usd,26801.63
property_loss_usd,26806.02
property_loss_usd,26810.58
property_loss_usd,2684.37
property_loss_usd,26842.34
property_loss_usd,26843.19
property_loss_usd,26845.31
property_loss_usd,26850.65
property_loss_usd,26859.51
property_loss_usd,26861.93.0
property_loss_usd,26862.97
property_loss_usd,26868.16
property_loss_usd,26881.17
property_loss_usd,26881.78
property_loss_usd,26889.17
property_loss_usd,2689.23
property_loss_usd,26898.45
property_loss_usd,26900.37
property_loss_usd,26915.4
property_loss_usd,26922.92
property_loss_usd,26933.4
property_loss_usd,26937.47
property_loss_usd,26938.01
property_loss_usd,26939.95
property_loss_usd,26950.45
property_loss_usd,26960.53
property_loss_usd,26967.82
property_loss_usd,26977.64
property_loss_usd,2698.17
property_loss_usd,26981.96
property_loss_usd,26998.82
property_loss_usd,27012.76
property_loss_usd,27029.89
property_loss_usd,27050.49
property_loss_usd,27083.86
property_loss_usd,27085.79
property_loss_usd,27086.74
property_loss_usd,27087.57
property_loss_usd,27087.58
property_loss_usd,27088.54
property_loss_usd,27098.94
property_loss_usd,27134.17
property_loss_usd,27135.25
property_loss_usd,27155.66
property_loss_usd,27156.84
property_loss_usd,27175.59
property_loss_usd,27176.37.0
property_loss_usd,27184.52
property_loss_usd,27194.23
property_loss_usd,27196.83
property_loss_usd,27201.33
property_loss_usd,27207.26
property_loss_usd,27230.26
property_loss_usd,27238.71
property_loss_usd,27245.81
property_loss_usd,27247.66
property_loss_usd,27279.18
property_loss_usd,2728.31
property_loss_usd,27288.62
property_loss_usd,2729.36
property_loss_usd,27293.59
property_loss_usd,27297.77
property_loss_usd,27303.3
property_loss_usd,27306.45
property_loss_usd,27341.25
property_loss_usd,27354.81
property_loss_usd,27371.99
property_loss_usd,27380.36
property_loss_usd,27387.47
property_loss_usd,2741.61
property_loss_usd,27438.67
property_loss_usd,27457.15
property_loss_usd,27463.91
property_loss_usd,27479.46
property_loss_usd,27505.04
property_loss_usd,27513.23.0
property_loss_usd,27527.6
property_loss_usd,27554.73
property_loss_usd,27569.82
property_loss_usd,2758.06
property_loss_usd,27583.25
property_loss_usd,27584.65
property_loss_usd,27586.06
property_loss_usd,27589.26
property_loss_usd,2760.14
property_loss_usd,27601.6
property_loss_usd,27607.2
property_loss_usd,27616.73
property_loss_usd,27656.14
property_loss_usd,27665.58
property_loss_usd,27669.83
property_loss_usd,27679.25
property_loss_usd,27681.04
property_loss_usd,27692.32
property_loss_usd,27698.05
property_loss_usd,27699.2
property_loss_usd,27703.44
property_loss_usd,27727.62
property_loss_usd,27731.75
property_loss_usd,27736.45
property_loss_usd,2774.06
property_loss_usd,27768.7
property_loss_usd,27782.18
property_loss_usd,27787.34
property_loss_usd,27811.1
property_loss_usd,27834.85
property_loss_usd,27843.21
property_loss_usd,27859.21
property_loss_usd,27890.76
property_loss_usd,27896.95
property_loss_usd,27899.72
property_loss_usd,27908.2
property_loss_usd,27955.6
property_loss_usd,27960.08
property_loss_usd,27975.26.0
property_loss_usd,28.35
property_loss_usd,280.0
property_loss_usd,28008.53
property_loss_usd,28013.99
property_loss_usd,28018.58
property_loss_usd,28035.99
property_loss_usd,28047.36
property_loss_usd,28074.38
property_loss_usd,28076.22
property_loss_usd,28084.43
property_loss_usd,28096.39
property_loss_usd,28106.46
property_loss_usd,2811.59
property_loss_usd,28117.02
property_loss_usd,28124.36
property_loss_usd,28139.51
property_loss_usd,28146.58
property_loss_usd,28148.78
property_loss_usd,28153.57.0
property_loss_usd,28163.23
property_loss_usd,28167.72
property_loss_usd,28178.45
property_loss_usd,28182.31
property_loss_usd,28182.67
property_loss_usd,28199.98.0
property_loss_usd,28228.03
property_loss_usd,28275.34
property_loss_usd,28287.07
property_loss_usd,28316.89
property_loss_usd,28327.02
property_loss_usd,28335.96
property_loss_usd,28338.94
property_loss_usd,28356.02
property_loss_usd,28377.62
property_loss_usd,28386.92
property_loss_usd,28389.06
property_loss_usd,2839.12
property_loss_usd,28395.82
property_loss_usd,28397.55
property_loss_usd,28404.97
property_loss_usd,28441.5
property_loss_usd,28449.61
property_loss_usd,28450.37
property_loss_usd,28475.42
property_loss_usd,28475.9
property_loss_usd,28480.26
property_loss_usd,28490.03
property_loss_usd,28509.38
property_loss_usd,28517.1
property_loss_usd,28535.93
property_loss_usd,28548.16
property_loss_usd,28550.34
property_loss_usd,2858.55
property_loss_usd,28582.21
property_loss_usd,28585.77
property_loss_usd,28596.9
property_loss_usd,28620.55
property_loss_usd,2864.72
property_loss_usd,28643.0
property_loss_usd,28648.67
property_loss_usd,28654.78
property_loss_usd,28664.21
property_loss_usd,28670.04
property_loss_usd,28671.24
property_loss_usd,28675.18
property_loss_usd,28678.7
property_loss_usd,28683.83
property_loss_usd,28693.14
property_loss_usd,28693.94
property_loss_usd,28694.8
property_loss_usd,287.75
property_loss_usd,28700.29
property_loss_usd,28722.66
property_loss_usd,28726.81
property_loss_usd,28729.06
property_loss_usd,28732.47
property_loss_usd,28732.6
property_loss_usd,28738.95
property_loss_usd,28746.0
property_loss_usd,28746.85
property_loss_usd,28761.21
property_loss_usd,28762.44
property_loss_usd,28779.34
property_loss_usd,28781.28
property_loss_usd,28794.99
property_loss_usd,2882.66
property_loss_usd,2882.68
property_loss_usd,28822.77
property_loss_usd,28833.57.0
property_loss_usd,28868.93
property_loss_usd,2887.87
property_loss_usd,28875.58
property_loss_usd,28888.23
property_loss_usd,28931.49
property_loss_usd,28937.59
property_loss_usd,28941.0
property_loss_usd,28947.92
property_loss_usd,28949.92
property_loss_usd,28969.89
property_loss_usd,28975.86
property_loss_usd,2899.17
property_loss_usd,28998.56
property_loss_usd,28999.97
property_loss_usd,29003.44
property_loss_usd,29005.14
property_loss_usd,29040.46
property_loss_usd,29046.17
property_loss_usd,29067.43
property_loss_usd,29069.0
property_loss_usd,29073.5
property_loss_usd,2908.71
property_loss_usd,29083.6
property_loss_usd,29088.36
property_loss_usd,29092.07
property_loss_usd,2910.25
property_loss_usd,29112.2
property_loss_usd,29114.56
property_loss_usd,29117.57
property_loss_usd,29119.62
property_loss_usd,29131.12
property_loss_usd,29139.26
property_loss_usd,29143.47
property_loss_usd,29148.65
property_loss_usd,29158.67
property_loss_usd,29164.07
property_loss_usd,29173.01
property_loss_usd,29185.86
property_loss_usd,29186.11
property_loss_usd,29186.32
property_loss_usd,2922.19
property_loss_usd,29239.43
property_loss_usd,29269.18
property_loss_usd,29292.96.0
property_loss_usd,29299.74
property_loss_usd,29312.87
property_loss_usd,29317.91
property_loss_usd,29324.21
property_loss_usd,29334.93
property_loss_usd,29343.62
property_loss_usd,29345.94
property_loss_usd,29353.1
property_loss_usd,29366.29
property_loss_usd,29380.15
property_loss_usd,29412.03
property_loss_usd,29412.45
property_loss_usd,29419.54
property_loss_usd,29423.76
property_loss_usd,2943.67
property_loss_usd,29455.45
property_loss_usd,29458.04
property_loss_usd,29478.69
property_loss_usd,29481.59
property_loss_usd,29508.66
property_loss_usd,29514.79
property_loss_usd,29515.86
property_loss_usd,29517.18
property_loss_usd,29523.16
property_loss_usd,29539.94
property_loss_usd,29552.05
property_loss_usd,29556.55
property_loss_usd,29586.89
property_loss_usd,296.81
property_loss_usd,29604.02
property_loss_usd,29606.33
property_loss_usd,29608.39
property_loss_usd,29617.94
property_loss_usd,29621.71.0
property_loss_usd,29632.41
property_loss_usd,29634.87
property_loss_usd,29650.42
property_loss_usd,29670.48
property_loss_usd,29672.95
property_loss_usd,29685.76
property_loss_usd,29694.34
property_loss_usd,29704.19
property_loss_usd,29708.81
property_loss_usd,29733.73
property_loss_usd,29734.43
property_loss_usd,29735.54
property_loss_usd,29738.36
property_loss_usd,29742.96
property_loss_usd,29770.29
property_loss_usd,29794.87
property_loss_usd,29803.63
property_loss_usd,29815.41
property_loss_usd,29824.34
property_loss_usd,29841.03
property_loss_usd,29853.22
property_loss_usd,29872.67
property_loss_usd,29889.85
property_loss_usd,29895.42
property_loss_usd,29903.61
property_loss_usd,29926.96
property_loss_usd,2995.27
property_loss_usd,29952.7
property_loss_usd,29953.66
property_loss_usd,29955.53
property_loss_usd,29965.04
property_loss_usd,29968.7
property_loss_usd,29969.66
property_loss_usd,29984.95
property_loss_usd,29986.94
property_loss_usd,29996.33
property_loss_usd,3001.32
property_loss_usd,30020.58
property_loss_usd,30043.01
property_loss_usd,30058.29
property_loss_usd,30079.24
property_loss_usd,30093.25
property_loss_usd,30094.59
property_loss_usd,30097.12
property_loss_usd,301.53
property_loss_usd,30105.0
property_loss_usd,30110.0
property_loss_usd,30114.44
property_loss_usd,30122.07
property_loss_usd,30128.38
property_loss_usd,30135.48
property_loss_usd,30135.87
property_loss_usd,3014.81
property_loss_usd,30140.63
property_loss_usd,30173.5
property_loss_usd,30202.29
property_loss_usd,3024.69
property_loss_usd,30248.18
property_loss_usd,30248.88
property_loss_usd,30257.1
property_loss_usd,3026.01
property_loss_usd,30267.72
property_loss_usd,30290.17.0
property_loss_usd,30292.5
property_loss_usd,30297.81
property_loss_usd,3030.23
property_loss_usd,30308.04
property_loss_usd,30312.44
property_loss_usd,30318.62.0
property_loss_usd,30319.54
property_loss_usd,30343.74
property_loss_usd,30346.46
property_loss_usd,30374.07
property_loss_usd,30374.78
property_loss_usd,30376.25
property_loss_usd,30376.41
property_loss_usd,30396.47
property_loss_usd,30428.28
property_loss_usd,30429.9
property_loss_usd,30471.35
property_loss_usd,3049.87
property_loss_usd,30495.94
property_loss_usd,30502.24
property_loss_usd,30502.75
property_loss_usd,30528.33
property_loss_usd,30566.7.0
property_loss_usd,30579.59
property_loss_usd,30585.01
property_loss_usd,30603.54
property_loss_usd,30618.0
property_loss_usd,30622.97
property_loss_usd,30624.72
property_loss_usd,30636.84
property_loss_usd,30651.67
property_loss_usd,30663.79
property_loss_usd,30685.93
property_loss_usd,30705.57
property_loss_usd,30709.18
property_loss_usd,3071.79
property_loss_usd,30716.21
property_loss_usd,30719.18
property_loss_usd,30723.43
property_loss_usd,30738.04
property_loss_usd,30758.53
property_loss_usd,30760.73
property_loss_usd,30761.5
property_loss_usd,30769.47
property_loss_usd,30771.23
property_loss_usd,30776.3
property_loss_usd,30789.74
property_loss_usd,30795.89
property_loss_usd,30799.52
property_loss_usd,30806.53
property_loss_usd,30808.85
property_loss_usd,30812.29
property_loss_usd,30851.47.0
property_loss_usd,30856.15
property_loss_usd,30857.0
property_loss_usd,30857.1
property_loss_usd,30860.92
property_loss_usd,30869.46
property_loss_usd,30874.21
property_loss_usd,30883.2.0
property_loss_usd,3090.64
property_loss_usd,30924.85
property_loss_usd,30936.86
property_loss_usd,3094.25.0
property_loss_usd,30962.38.0
property_loss_usd,30963.84
property_loss_usd,30965.49
property_loss_usd,30969.22
property_loss_usd,30972.22
property_loss_usd,30973.99
property_loss_usd,30983.34
property_loss_usd,30995.92
property_loss_usd,31010.04
property_loss_usd,31059.11
property_loss_usd,3106.98
property_loss_usd,31081.59
property_loss_usd,31126.45
property_loss_usd,31175.13
property_loss_usd,31178.36
property_loss_usd,31183.2
property_loss_usd,31193.08
property_loss_usd,31230.54
property_loss_usd,3124.14.0
property_loss_usd,31251.37
property_loss_usd,31257.05
property_loss_usd,31263.6
property_loss_usd,31269.65
property_loss_usd,31277.25
property_loss_usd,31279.78
property_loss_usd,31289.87
property_loss_usd,31308.25
property_loss_usd,31315.48.0
property_loss_usd,31337.72
property_loss_usd,31339.24
property_loss_usd,31345.6
property_loss_usd,31348.17
property_loss_usd,3135.68
property_loss_usd,31364.35
property_loss_usd,31376.95
property_loss_usd,31394.57
property_loss_usd,31411.63
property_loss_usd,31421.86
property_loss_usd,31430.47
property_loss_usd,31432.95
property_loss_usd,3144.09
property_loss_usd,31442.43
property_loss_usd,31443.55
property_loss_usd,31448.97
property_loss_usd,31458.21
property_loss_usd,31475.84
property_loss_usd,31490.11
property_loss_usd,31505.46
property_loss_usd,3152.67
property_loss_usd,31533.73
property_loss_usd,31546.41
property_loss_usd,31550.05
property_loss_usd,31554.87
property_loss_usd,31558.14
property_loss_usd,31559.06
property_loss_usd,31564.03
property_loss_usd,31566.73
property_loss_usd,31577.65
property_loss_usd,31587.2
property_loss_usd,31587.47
property_loss_usd,3159.81
property_loss_usd,31621.45
property_loss_usd,31649.46
property_loss_usd,3166.1
property_loss_usd,31665.09
property_loss_usd,31686.2
property_loss_usd,31688.47
property_loss_usd,31735.44
property_loss_usd,31758.0
property_loss_usd,31762.75
property_loss_usd,31778.52
property_loss_usd,31789.83
property_loss_usd,31804.26
property_loss_usd,31832.75
property_loss_usd,31834.7
property_loss_usd,3184.27
property_loss_usd,31855.37
property_loss_usd,31871.76
property_loss_usd,31890.67
property_loss_usd,31925.14
property_loss_usd,31931.65
property_loss_usd,31933.47
property_loss_usd,31949.32
property_loss_usd,3195.9
property_loss_usd,31964.89
property_loss_usd,31973.81
property_loss_usd,31978.34
property_loss_usd,31991.19
property_loss_usd,32000.06
property_loss_usd,3201.56
property_loss_usd,32017.13
property_loss_usd,3202.19
property_loss_usd,32026.86
property_loss_usd,32035.37
property_loss_usd,3204.47
property_loss_usd,32046.63
property_loss_usd,32058.58
property_loss_usd,32073.84
property_loss_usd,32082.65
property_loss_usd,32083.53
property_loss_usd,32136.98
property_loss_usd,32164.02
property_loss_usd,3218.33
property_loss_usd,32194.27
property_loss_usd,32196.4
property_loss_usd,32198.12
property_loss_usd,32201.17
property_loss_usd,32203.87
property_loss_usd,32209.92
property_loss_usd,32212.5
property_loss_usd,32213.34
property_loss_usd,32221.44
property_loss_usd,3223.58
property_loss_usd,32232.15
property_loss_usd,32248.34
property_loss_usd,32253.09
property_loss_usd,32254.53
property_loss_usd,32263.12
property_loss_usd,32268.96
property_loss_usd,32270.61
property_loss_usd,32280.43
property_loss_usd,32284.31
property_loss_usd,32296.67
property_loss_usd,32301.19
property_loss_usd,32308.3
property_loss_usd,32308.83
property_loss_usd,32335.29
property_loss_usd,32356.49
property_loss_usd,32382.83
property_loss_usd,3241.47
property_loss_usd,32415.72
property_loss_usd,32442.8
property_loss_usd,32444.16
property_loss_usd,32447.12
property_loss_usd,32468.75
property_loss_usd,3247.75
property_loss_usd,32503.04
property_loss_usd,3251.53
property_loss_usd,32523.13
property_loss_usd,32524.53
property_loss_usd,32535.8
property_loss_usd,32553.46
property_loss_usd,32559.27
property_loss_usd,32566.73
property_loss_usd,32569.04
property_loss_usd,32572.96
property_loss_usd,32579.01
property_loss_usd,3259.08
property_loss_usd,32595.69
property_loss_usd,32609.48
property_loss_usd,32615.63
property_loss_usd,32638.28
property_loss_usd,32645.0
property_loss_usd,32647.38
property_loss_usd,32672.35
property_loss_usd,32709.5
property_loss_usd,32724.09
property_loss_usd,32724.66
property_loss_usd,32732.7
property_loss_usd,3275.62
property_loss_usd,32762.13
property_loss_usd,32763.84
property_loss_usd,32775.86
property_loss_usd,32781.49
property_loss_usd,32785.94
property_loss_usd,3279.03
property_loss_usd,32795.58
property_loss_usd,32799.21
property_loss_usd,32800.04
property_loss_usd,32802.9
property_loss_usd,32818.04
property_loss_usd,3284.82
property_loss_usd,32858.24
property_loss_usd,32878.69
property_loss_usd,32878.91
property_loss_usd,32892.91
property_loss_usd,32911.69
property_loss_usd,32919.87
property_loss_usd,32920.66
property_loss_usd,32930.45
property_loss_usd,32950.83
property_loss_usd,32978.83
property_loss_usd,32979.47
property_loss_usd,33.65
property_loss_usd,33000.24
property_loss_usd,33007.04
property_loss_usd,33014.57
property_loss_usd,33015.29
property_loss_usd,33016.86
property_loss_usd,33026.17
property_loss_usd,33050.41
property_loss_usd,3306.87
property_loss_usd,33063.83
property_loss_usd,33074.33
property_loss_usd,33094.06
property_loss_usd,33097.94
property_loss_usd,33109.32
property_loss_usd,33119.88
property_loss_usd,33122.2
property_loss_usd,33122.72
property_loss_usd,33133.04
property_loss_usd,3315.45
property_loss_usd,33151.61
property_loss_usd,33156.76
property_loss_usd,33177.7
property_loss_usd,33187.52
property_loss_usd,33188.16
property_loss_usd,33190.73
property_loss_usd,33228.9
property_loss_usd,33242.09
property_loss_usd,33258.57
property_loss_usd,33260.57
property_loss_usd,33268.08
property_loss_usd,33270.18
property_loss_usd,33287.56
property_loss_usd,33298.51
property_loss_usd,33311.39
property_loss_usd,33335.06
property_loss_usd,3334.25
property_loss_usd,33352.64
property_loss_usd,33355.89
property_loss_usd,3338.6
property_loss_usd,33401.56
property_loss_usd,33414.71
property_loss_usd,33415.38
property_loss_usd,33418.6
property_loss_usd,33444.18
property_loss_usd,3345.32
property_loss_usd,33491.93
property_loss_usd,33493.83
property_loss_usd,33496.15
property_loss_usd,33499.33
property_loss_usd,33500.66
property_loss_usd,33522.18
property_loss_usd,33522.61
property_loss_usd,33555.05
property_loss_usd,33574.12
property_loss_usd,33574.52
property_loss_usd,33623.69
property_loss_usd,33630.84
property_loss_usd,33632.2
property_loss_usd,33633.87.0
property_loss_usd,33635.32
property_loss_usd,33636.44
property_loss_usd,33646.32
property_loss_usd,33655.69
property_loss_usd,33659.88
property_loss_usd,33672.87
property_loss_usd,33677.51
property_loss_usd,33680.79
property_loss_usd,33702.73
property_loss_usd,33728.36
property_loss_usd,33771.57
property_loss_usd,33797.25
property_loss_usd,33805.01
property_loss_usd,3381.3
property_loss_usd,33823.25
property_loss_usd,33830.19
property_loss_usd,33837.32
property_loss_usd,33848.51
property_loss_usd,33850.84
property_loss_usd,33852.31
property_loss_usd,33859.81.0
property_loss_usd,33864.59
property_loss_usd,33900.68
property_loss_usd,33915.02
property_loss_usd,33919.25
property_loss_usd,33938.84
property_loss_usd,33942.44
property_loss_usd,33942.65
property_loss_usd,33954.02
property_loss_usd,33958.55
property_loss_usd,33972.49
property_loss_usd,33973.45
property_loss_usd,33977.07
property_loss_usd,33978.17
property_loss_usd,33986.17
property_loss_usd,34011.58
property_loss_usd,34015.69
property_loss_usd,34018.14
property_loss_usd,34037.29
property_loss_usd,34037.52
property_loss_usd,34056.67
property_loss_usd,34059.6
property_loss_usd,3409.05
property_loss_usd,341.13
property_loss_usd,34108.29
property_loss_usd,34125.47
property_loss_usd,34147.53
property_loss_usd,34156.38
property_loss_usd,34196.03
property_loss_usd,34196.93
property_loss_usd,34236.2
property_loss_usd,34251.66
property_loss_usd,34262.85
property_loss_usd,34280.62
property_loss_usd,34283.77
property_loss_usd,34285.47
property_loss_usd,34285.87
property_loss_usd,34301.23
property_loss_usd,34304.67
property_loss_usd,34308.27
property_loss_usd,34312.44.0
property_loss_usd,34318.4
property_loss_usd,3435.69
property_loss_usd,34380.4
property_loss_usd,3439.51
property_loss_usd,34391.39
property_loss_usd,34396.94
property_loss_usd,34399.89
property_loss_usd,34407.1
property_loss_usd,34424.49
property_loss_usd,3443.0
property_loss_usd,34432.23
property_loss_usd,34437.19
property_loss_usd,34445.6
property_loss_usd,34452.47
property_loss_usd,34454.75
property_loss_usd,34456.43
property_loss_usd,34459.49
property_loss_usd,34463.03
property_loss_usd,34467.96
property_loss_usd,34495.12
property_loss_usd,34500.51
property_loss_usd,34528.14
property_loss_usd,34539.43
property_loss_usd,34539.56
property_loss_usd,34561.37
property_loss_usd,34562.43
property_loss_usd,34565.69
property_loss_usd,34577.6
property_loss_usd,3458.3
property_loss_usd,34580.16
property_loss_usd,34586.82
property_loss_usd,34603.87
property_loss_usd,34607.53
property_loss_usd,34616.47
property_loss_usd,34644.9
property_loss_usd,34645.04
property_loss_usd,34646.59
property_loss_usd,34673.79
property_loss_usd,34679.3
property_loss_usd,34703.99
property_loss_usd,34715.31
property_loss_usd,34717.04
property_loss_usd,34725.22
property_loss_usd,34728.52
property_loss_usd,34728.85
property_loss_usd,34745.18
property_loss_usd,34755.16
property_loss_usd,34761.16
property_loss_usd,34773.37
property_loss_usd,34775.89
property_loss_usd,34783.19
property_loss_usd,34791.77
property_loss_usd,3481.74
property_loss_usd,34811.81
property_loss_usd,34821.03
property_loss_usd,34834.11
property_loss_usd,34838.99
property_loss_usd,34861.78
property_loss_usd,34864.45
property_loss_usd,34881.77
property_loss_usd,34886.91.0
property_loss_usd,34901.91
property_loss_usd,34903.86
property_loss_usd,34935.05
property_loss_usd,34939.57
property_loss_usd,34964.02.0
property_loss_usd,34973.33
property_loss_usd,34979.82
property_loss_usd,34981.95
property_loss_usd,35022.73
property_loss_usd,35032.85
property_loss_usd,35036.31
property_loss_usd,3504.33
property_loss_usd,35050.38
property_loss_usd,35062.8
property_loss_usd,35111.17
property_loss_usd,35113.21
property_loss_usd,35114.22.0
property_loss_usd,35147.99
property_loss_usd,35188.18
property_loss_usd,35190.8
property_loss_usd,35203.77
property_loss_usd,35207.48
property_loss_usd,35217.6
property_loss_usd,35227.0
property_loss_usd,35235.65
property_loss_usd,35249.21.0
property_loss_usd,35280.15
property_loss_usd,35295.87
property_loss_usd,35306.16
property_loss_usd,35313.73.0
property_loss_usd,35317.57
property_loss_usd,35318.38
property_loss_usd,35325.7
property_loss_usd,35326.86
property_loss_usd,35330.62
property_loss_usd,35335.02
property_loss_usd,35337.06
property_loss_usd,35339.52
property_loss_usd,35341.24
property_loss_usd,35344.66
property_loss_usd,35351.53
property_loss_usd,35355.23
property_loss_usd,35377.36
property_loss_usd,35380.18
property_loss_usd,35421.63
property_loss_usd,35434.26
property_loss_usd,35446.9.0
property_loss_usd,3547.54
property_loss_usd,35482.91
property_loss_usd,35483.75
property_loss_usd,35487.03
property_loss_usd,355.82
property_loss_usd,35507.12
property_loss_usd,35509.1
property_loss_usd,35521.86
property_loss_usd,35524.2
property_loss_usd,35568.67
property_loss_usd,3557.13
property_loss_usd,35577.46.0
property_loss_usd,35592.95
property_loss_usd,35596.48
property_loss_usd,35596.91
property_loss_usd,35599.86
property_loss_usd,35611.65
property_loss_usd,3562.32
property_loss_usd,35656.44
property_loss_usd,35659.26
property_loss_usd,35665.03
property_loss_usd,35668.41
property_loss_usd,35669.5
property_loss_usd,35670.63
property_loss_usd,35677.94
property_loss_usd,35680.15
property_loss_usd,35687.46.0
property_loss_usd,35705.77
property_loss_usd,35716.27
property_loss_usd,35731.53.0
property_loss_usd,35731.68
property_loss_usd,35785.19
property_loss_usd,35797.76
property_loss_usd,35809.59
property_loss_usd,3581.3
property_loss_usd,35818.71
property_loss_usd,35868.77
property_loss_usd,35870.12
property_loss_usd,3588.65
property_loss_usd,35885.78
property_loss_usd,35893.79
property_loss_usd,35905.02
property_loss_usd,35922.09
property_loss_usd,35925.36
property_loss_usd,35925.45.0
property_loss_usd,35927.22
property_loss_usd,35932.34
property_loss_usd,35933.29.0
property_loss_usd,35938.03
property_loss_usd,35964.36
property_loss_usd,35974.04
property_loss_usd,35979.02
property_loss_usd,35997.52
property_loss_usd,35999.93
property_loss_usd,36009.02
property_loss_usd,36010.19
property_loss_usd,36034.68
property_loss_usd,36045.99
property_loss_usd,36075.24
property_loss_usd,36084.22
property_loss_usd,361.49
property_loss_usd,36115.48
property_loss_usd,36116.45.0
property_loss_usd,36116.78
property_loss_usd,36118.34
property_loss_usd,36118.46
property_loss_usd,36127.52
property_loss_usd,36173.1
property_loss_usd,36175.9
property_loss_usd,36178.55
property_loss_usd,36186.7
property_loss_usd,36204.65
property_loss_usd,36220.95
property_loss_usd,36233.1
property_loss_usd,36246.47
property_loss_usd,36253.27
property_loss_usd,36277.56
property_loss_usd,36287.77
property_loss_usd,36299.33
property_loss_usd,363.6
property_loss_usd,36300.67
property_loss_usd,36301.77
property_loss_usd,36314.31
property_loss_usd,36320.34
property_loss_usd,3633.97
property_loss_usd,36335.62
property_loss_usd,36342.64
property_loss_usd,36379.18
property_loss_usd,36387.19
property_loss_usd,36392.71
property_loss_usd,36397.4
property_loss_usd,3641.15
property_loss_usd,36431.27
property_loss_usd,36453.43
property_loss_usd,36453.96
property_loss_usd,36471.8.0
property_loss_usd,36473.45
property_loss_usd,36479.51
property_loss_usd,36486.43
property_loss_usd,36486.99
property_loss_usd,365.15
property_loss_usd,36501.39
property_loss_usd,36504.97
property_loss_usd,36523.09
property_loss_usd,36525.15
property_loss_usd,36548.93
property_loss_usd,36550.02
property_loss_usd,36550.83
property_loss_usd,36572.72
property_loss_usd,36619.97
property_loss_usd,36625.89
property_loss_usd,36636.71
property_loss_usd,36644.58
property_loss_usd,36648.64
property_loss_usd,3668.05
property_loss_usd,36686.36
property_loss_usd,36696.57
property_loss_usd,36709.67
property_loss_usd,36712.99
property_loss_usd,36719.49
property_loss_usd,36721.91
property_loss_usd,36726.26
property_loss_usd,36729.14
property_loss_usd,36749.58
property_loss_usd,36755.89
property_loss_usd,36764.13
property_loss_usd,36766.47
property_loss_usd,3677.88
property_loss_usd,36781.49
property_loss_usd,36782.52
property_loss_usd,36794.2
property_loss_usd,36801.43
property_loss_usd,36801.45
property_loss_usd,36803.22
property_loss_usd,36812.64
property_loss_usd,36813.62
property_loss_usd,36831.63
property_loss_usd,36838.78
property_loss_usd,36842.45
property_loss_usd,36855.58
property_loss_usd,36862.09
property_loss_usd,36862.47
property_loss_usd,36885.46
property_loss_usd,36891.68
property_loss_usd,3690.25
property_loss_usd,36907.43
property_loss_usd,36908.02
property_loss_usd,36908.42
property_loss_usd,3691.68
property_loss_usd,36918.37
property_loss_usd,36927.81
property_loss_usd,36936.67
property_loss_usd,36937.69
property_loss_usd,36955.94
property_loss_usd,3696.75
property_loss_usd,3696.78
property_loss_usd,36961.67
property_loss_usd,36962.78
property_loss_usd,36991.71
property_loss_usd,37015.45
property_loss_usd,37040.15
property_loss_usd,37048.86
property_loss_usd,37054.34
property_loss_usd,37079.19
property_loss_usd,37082.15
property_loss_usd,37135.95
property_loss_usd,37136.63
property_loss_usd,3715.43
property_loss_usd,37197.95
property_loss_usd,37203.45
property_loss_usd,37210.01
property_loss_usd,37218.05
property_loss_usd,37228.41
property_loss_usd,37229.66
property_loss_usd,37246.23
property_loss_usd,37266.59
property_loss_usd,3727.39
property_loss_usd,37287.34
property_loss_usd,37298.9
property_loss_usd,37308.1
property_loss_usd,3731.84
property_loss_usd,37335.6
property_loss_usd,37344.32
property_loss_usd,37345.41
property_loss_usd,37366.56
property_loss_usd,37374.9
property_loss_usd,37388.31
property_loss_usd,37392.57
property_loss_usd,37409.7
property_loss_usd,37420.19
property_loss_usd,3743.56
property_loss_usd,37434.99
property_loss_usd,37441.99
property_loss_usd,37444.33
property_loss_usd,37444.35
property_loss_usd,37483.49
property_loss_usd,37485.44
property_loss_usd,37531.63
property_loss_usd,37535.49
property_loss_usd,3754.41
property_loss_usd,37540.56
property_loss_usd,37572.0
property_loss_usd,37578.28
property_loss_usd,37597.2
property_loss_usd,37604.19
property_loss_usd,37604.88
property_loss_usd,37605.53
property_loss_usd,37605.67
property_loss_usd,37611.46.0
property_loss_usd,37620.49.0
property_loss_usd,37642.98
property_loss_usd,37656.83
property_loss_usd,37658.36
property_loss_usd,37663.85
property_loss_usd,37672.36
property_loss_usd,37678.44
property_loss_usd,37689.65
property_loss_usd,37695.84
property_loss_usd,377.81
property_loss_usd,37715.95
property_loss_usd,37730.47
property_loss_usd,37752.36
property_loss_usd,37755.32
property_loss_usd,3776.15
property_loss_usd,37778.43
property_loss_usd,37779.48
property_loss_usd,37782.54
property_loss_usd,37788.75
property_loss_usd,37789.86
property_loss_usd,37791.47
property_loss_usd,37802.71
property_loss_usd,37811.8
property_loss_usd,37816.93
property_loss_usd,37825.8
property_loss_usd,37840.56
property_loss_usd,37855.92
property_loss_usd,3788.31
property_loss_usd,37899.77
property_loss_usd,37917.98
property_loss_usd,37931.72
property_loss_usd,37937.56
property_loss_usd,37940.01
property_loss_usd,37945.92
property_loss_usd,37948.94
property_loss_usd,37960.0
property_loss_usd,37965.42
property_loss_usd,37967.05
property_loss_usd,37972.11
property_loss_usd,37972.76
property_loss_usd,37973.13
property_loss_usd,37977.73
property_loss_usd,38013.69.0
property_loss_usd,38020.89
property_loss_usd,38042.18
property_loss_usd,38047.63
property_loss_usd,38047.78
property_loss_usd,38049.3
property_loss_usd,38086.27
property_loss_usd,3811.14
property_loss_usd,38131.55
property_loss_usd,38139.21
property_loss_usd,3814.41
property_loss_usd,38148.09
property_loss_usd,38166.99
property_loss_usd,38168.47
property_loss_usd,38183.98
property_loss_usd,38185.14
property_loss_usd,38187.75
property_loss_usd,38188.32
property_loss_usd,3820.41
property_loss_usd,38207.36
property_loss_usd,38220.01
property_loss_usd,38222.9
property_loss_usd,38237.93
property_loss_usd,38238.23
property_loss_usd,38239.96
property_loss_usd,38281.81
property_loss_usd,38292.85
property_loss_usd,38298.57
property_loss_usd,3831.62
property_loss_usd,38310.04
property_loss_usd,38335.68
property_loss_usd,38359.83
property_loss_usd,38377.26
property_loss_usd,38399.01
property_loss_usd,3840.19
property_loss_usd,38413.4
property_loss_usd,38422.48
property_loss_usd,38428.02
property_loss_usd,38439.22
property_loss_usd,38439.62
property_loss_usd,38477.89
property_loss_usd,38479.24
property_loss_usd,38483.99
property_loss_usd,38528.85
property_loss_usd,3853.5
property_loss_usd,38573.92
property_loss_usd,38587.52
property_loss_usd,38596.31
property_loss_usd,38631.59
property_loss_usd,38634.3
property_loss_usd,38634.46
property_loss_usd,38645.46
property_loss_usd,38650.62
property_loss_usd,38654.35
property_loss_usd,38654.96
property_loss_usd,38659.56
property_loss_usd,38672.02
property_loss_usd,38674.89
property_loss_usd,38703.23
property_loss_usd,3871.67
property_loss_usd,38714.68
property_loss_usd,38719.28
property_loss_usd,38723.96
property_loss_usd,38738.96
property_loss_usd,38743.38
property_loss_usd,38745.67
property_loss_usd,38773.33
property_loss_usd,38776.93
property_loss_usd,38789.48
property_loss_usd,38795.16
property_loss_usd,3882.37
property_loss_usd,38839.72.0
property_loss_usd,38844.01
property_loss_usd,38847.19
property_loss_usd,38856.84
property_loss_usd,38873.62
property_loss_usd,38876.94
property_loss_usd,38885.34
property_loss_usd,38886.0
property_loss_usd,3890.15
property_loss_usd,38909.22
property_loss_usd,38922.12
property_loss_usd,3894.15
property_loss_usd,38950.37
property_loss_usd,38981.98
property_loss_usd,39011.22.0
property_loss_usd,39016.61
property_loss_usd,39025.94
property_loss_usd,39032.98
property_loss_usd,39036.29
property_loss_usd,39041.03
property_loss_usd,39046.36
property_loss_usd,39046.99
property_loss_usd,39048.59
property_loss_usd,39050.63
property_loss_usd,39057.86
property_loss_usd,39064.64
property_loss_usd,39066.42
property_loss_usd,39069.26
property_loss_usd,39087.19
property_loss_usd,39099.59
property_loss_usd,39133.83
property_loss_usd,39136.13
property_loss_usd,39137.89
property_loss_usd,39166.12.0
property_loss_usd,39166.76
property_loss_usd,39170.85
property_loss_usd,39170.91
property_loss_usd,39171.06
property_loss_usd,39180.04
property_loss_usd,39188.58
property_loss_usd,3919.3
property_loss_usd,3919.74
property_loss_usd,39192.01
property_loss_usd,39216.36
property_loss_usd,39225.27
property_loss_usd,39229.54
property_loss_usd,39257.28
property_loss_usd,39258.03
property_loss_usd,39261.17
property_loss_usd,39271.73
property_loss_usd,39274.74
property_loss_usd,39291.61
property_loss_usd,39294.29
property_loss_usd,39299.17
property_loss_usd,39329.82
property_loss_usd,3937.95
property_loss_usd,39375.19
property_loss_usd,39392.26
property_loss_usd,39409.27
property_loss_usd,39436.99
property_loss_usd,39458.31
property_loss_usd,39458.73
property_loss_usd,39465.79
property_loss_usd,39493.26
property_loss_usd,39529.34
property_loss_usd,3953.66
property_loss_usd,39542.44
property_loss_usd,39573.25
property_loss_usd,39618.48
property_loss_usd,39621.23
property_loss_usd,39623.89
property_loss_usd,39625.03
property_loss_usd,39626.72
property_loss_usd,39627.29
property_loss_usd,39646.6
property_loss_usd,39653.78
property_loss_usd,39664.24
property_loss_usd,39693.01
property_loss_usd,39694.34
property_loss_usd,39696.96
property_loss_usd,39704.66
property_loss_usd,39709.94
property_loss_usd,39712.84
property_loss_usd,39719.36
property_loss_usd,3972.83
property_loss_usd,39738.08
property_loss_usd,39744.24
property_loss_usd,39757.77
property_loss_usd,39778.86
property_loss_usd,39802.95
property_loss_usd,39819.72
property_loss_usd,39852.42
property_loss_usd,39867.68
property_loss_usd,39874.91
property_loss_usd,39877.09
property_loss_usd,39893.21
property_loss_usd,39933.81
property_loss_usd,39947.56
property_loss_usd,39959.87
property_loss_usd,39961.38
property_loss_usd,39976.43
property_loss_usd,39985.49
property_loss_usd,39999.1
property_loss_usd,40.86
property_loss_usd,40001.38
property_loss_usd,40023.74
property_loss_usd,4003.89
property_loss_usd,40040.02
property_loss_usd,40044.97
property_loss_usd,40065.38
property_loss_usd,40070.61
property_loss_usd,40087.01
property_loss_usd,40087.29
property_loss_usd,40093.88
property_loss_usd,4010.45
property_loss_usd,40102.06
property_loss_usd,40104.27
property_loss_usd,40106.96
property_loss_usd,40111.89
property_loss_usd,40116.35
property_loss_usd,40146.29
property_loss_usd,40155.99
property_loss_usd,4018.84
property_loss_usd,40180.85
property_loss_usd,40184.22
property_loss_usd,40198.59
property_loss_usd,40202.95
property_loss_usd,40203.82
property_loss_usd,4023.6
property_loss_usd,40267.31
property_loss_usd,40269.18
property_loss_usd,4031.43
property_loss_usd,40315.42
property_loss_usd,40364.96
property_loss_usd,40369.45
property_loss_usd,40375.47
property_loss_usd,4038.07
property_loss_usd,4038.14
property_loss_usd,40395.55
property_loss_usd,40404.4
property_loss_usd,40423.18
property_loss_usd,4043.86
property_loss_usd,40443.62
property_loss_usd,40452.02
property_loss_usd,40467.64
property_loss_usd,40471.52
property_loss_usd,4049.8
property_loss_usd,40495.47
property_loss_usd,405.51
property_loss_usd,40502.75
property_loss_usd,4051.03
property_loss_usd,40519.61
property_loss_usd,40530.35
property_loss_usd,40533.39
property_loss_usd,40535.13
property_loss_usd,40541.47
property_loss_usd,40559.27
property_loss_usd,40567.16
property_loss_usd,40572.1
property_loss_usd,40576.54
property_loss_usd,40610.84
property_loss_usd,40648.56
property_loss_usd,40661.57
property_loss_usd,40664.97
property_loss_usd,40665.29
property_loss_usd,40667.33
property_loss_usd,40676.63
property_loss_usd,40696.3
property_loss_usd,40724.97
property_loss_usd,40729.09
property_loss_usd,40730.84
property_loss_usd,40735.29
property_loss_usd,40740.56
property_loss_usd,40745.74
property_loss_usd,40765.17
property_loss_usd,40772.9
property_loss_usd,40799.5
property_loss_usd,40810.72
property_loss_usd,40823.52
property_loss_usd,40826.38
property_loss_usd,40839.47
property_loss_usd,40852.02
property_loss_usd,4086.02
property_loss_usd,40866.19
property_loss_usd,40873.28
property_loss_usd,40878.48
property_loss_usd,40890.87
property_loss_usd,40891.98
property_loss_usd,40909.85
property_loss_usd,40913.19
property_loss_usd,40913.67
property_loss_usd,40922.5
property_loss_usd,4093.02
property_loss_usd,40938.81
property_loss_usd,40950.57
property_loss_usd,40961.76
property_loss_usd,40983.11
property_loss_usd,40984.79
property_loss_usd,4099.98
property_loss_usd,40995.24
property_loss_usd,410.47
property_loss_usd,41004.11
property_loss_usd,41022.13
property_loss_usd,41039.01
property_loss_usd,41063.81
property_loss_usd,41067.98
property_loss_usd,41083.25
property_loss_usd,41093.07
property_loss_usd,41105.3
property_loss_usd,41136.06
property_loss_usd,41136.45
property_loss_usd,41141.66
property_loss_usd,41143.87
property_loss_usd,41144.39
property_loss_usd,41159.56
property_loss_usd,41159.59
property_loss_usd,41164.64
property_loss_usd,41172.59
property_loss_usd,41180.21
property_loss_usd,41185.32
property_loss_usd,4121.37
property_loss_usd,4122.05
property_loss_usd,41235.43
property_loss_usd,41252.24
property_loss_usd,41274.77
property_loss_usd,41286.33
property_loss_usd,41295.23
property_loss_usd,41318.54
property_loss_usd,41324.38
property_loss_usd,41329.23
property_loss_usd,4135.16
property_loss_usd,41356.77
property_loss_usd,41360.73
property_loss_usd,41362.68
property_loss_usd,41363.87
property_loss_usd,41379.54
property_loss_usd,41382.54
property_loss_usd,41419.06
property_loss_usd,41419.35
property_loss_usd,41425.53
property_loss_usd,41449.82
property_loss_usd,41450.83
property_loss_usd,41460.46
property_loss_usd,41470.31
property_loss_usd,41473.0
property_loss_usd,41484.25
property_loss_usd,41518.63
property_loss_usd,41519.83
property_loss_usd,41536.09
property_loss_usd,41542.39.0
property_loss_usd,41550.15
property_loss_usd,41566.1
property_loss_usd,4158.54
property_loss_usd,41583.03
property_loss_usd,41584.95
property_loss_usd,41587.67
property_loss_usd,41592.73
property_loss_usd,41599.92
property_loss_usd,41602.88
property_loss_usd,41610.73
property_loss_usd,41612.74
property_loss_usd,41612.9
property_loss_usd,41648.29
property_loss_usd,41654.04
property_loss_usd,41664.3
property_loss_usd,41666.49
property_loss_usd,4167.09
property_loss_usd,41692.52
property_loss_usd,41693.54
property_loss_usd,41695.38
property_loss_usd,41696.15
property_loss_usd,417.94
property_loss_usd,4170.62
property_loss_usd,41712.02
property_loss_usd,41735.72
property_loss_usd,41738.8
property_loss_usd,41751.53
property_loss_usd,41759.56
property_loss_usd,41783.6
property_loss_usd,41808.75
property_loss_usd,41821.6
property_loss_usd,41832.03
property_loss_usd,41860.21.0
property_loss_usd,4189.29
property_loss_usd,41892.98
property_loss_usd,41901.9
property_loss_usd,41917.51
property_loss_usd,41944.0
property_loss_usd,41949.14
property_loss_usd,41952.64
property_loss_usd,41970.69
property_loss_usd,41971.82
property_loss_usd,41995.76
property_loss_usd,42.17
property_loss_usd,42002.67
property_loss_usd,42004.36
property_loss_usd,4201.34
property_loss_usd,42011.08
property_loss_usd,42019.96
property_loss_usd,4202.14
property_loss_usd,42020.87
property_loss_usd,42033.01
property_loss_usd,42059.08
property_loss_usd,42071.16
property_loss_usd,42073.36.0
property_loss_usd,42075.26
property_loss_usd,42115.2
property_loss_usd,42125.48
property_loss_usd,42140.77
property_loss_usd,42155.37
property_loss_usd,42156.16
property_loss_usd,42157.86
property_loss_usd,42163.96
property_loss_usd,42172.58
property_loss_usd,42179.16
property_loss_usd,42183.12
property_loss_usd,42195.14
property_loss_usd,42204.97
property_loss_usd,4221.75
property_loss_usd,42235.99
property_loss_usd,4225.95
property_loss_usd,42250.47
property_loss_usd,42250.64
property_loss_usd,42250.65
property_loss_usd,42253.17
property_loss_usd,42275.06
property_loss_usd,42281.5
property_loss_usd,42309.68
property_loss_usd,4231.22
property_loss_usd,42324.82
property_loss_usd,42340.19
property_loss_usd,42352.11
property_loss_usd,4236.46
property_loss_usd,42360.73
property_loss_usd,42367.59
property_loss_usd,4239.36
property_loss_usd,42398.6
property_loss_usd,4241.23
property_loss_usd,42411.5
property_loss_usd,42423.94.0
property_loss_usd,4244.63
property_loss_usd,4245.04
property_loss_usd,42463.16
property_loss_usd,42466.38.0
property_loss_usd,42475.21
property_loss_usd,42479.71
property_loss_usd,42488.18
property_loss_usd,42497.8
property_loss_usd,42503.67
property_loss_usd,42515.31
property_loss_usd,42519.78.0
property_loss_usd,42522.03
property_loss_usd,42523.56
property_loss_usd,42560.07
property_loss_usd,42566.53
property_loss_usd,42567.37
property_loss_usd,42568.41
property_loss_usd,42579.96
property_loss_usd,42586.74
property_loss_usd,42592.46
property_loss_usd,42592.54
property_loss_usd,426.9
property_loss_usd,42610.11
property_loss_usd,42622.56
property_loss_usd,42637.09
property_loss_usd,42682.61
property_loss_usd,427.99
property_loss_usd,42709.12
property_loss_usd,42724.68
property_loss_usd,42733.04
property_loss_usd,42733.32
property_loss_usd,42758.1
property_loss_usd,42758.4
property_loss_usd,42763.93
property_loss_usd,4277.81
property_loss_usd,42779.35
property_loss_usd,4280.65
property_loss_usd,42807.37
property_loss_usd,42810.36
property_loss_usd,42823.53
property_loss_usd,4284.95
property_loss_usd,42845.57
property_loss_usd,42846.73
property_loss_usd,42858.91
property_loss_usd,42863.99.0
property_loss_usd,42871.62
property_loss_usd,42883.69
property_loss_usd,42920.98
property_loss_usd,42936.05
property_loss_usd,42937.06
property_loss_usd,42957.18
property_loss_usd,42965.02
property_loss_usd,42967.41
property_loss_usd,42986.63
property_loss_usd,4299.03
property_loss_usd,42991.17
property_loss_usd,43012.9
property_loss_usd,43018.04
property_loss_usd,43031.66
property_loss_usd,43047.93
property_loss_usd,43049.13
property_loss_usd,4311.6
property_loss_usd,4312.11
property_loss_usd,43133.26
property_loss_usd,43136.6
property_loss_usd,43137.01
property_loss_usd,43160.88
property_loss_usd,43168.24
property_loss_usd,43169.07
property_loss_usd,43175.18
property_loss_usd,43206.44
property_loss_usd,43232.28
property_loss_usd,43233.47
property_loss_usd,4324.99
property_loss_usd,43271.3
property_loss_usd,43277.47
property_loss_usd,43279.53
property_loss_usd,43296.4
property_loss_usd,43304.06
property_loss_usd,43305.63
property_loss_usd,43306.17
property_loss_usd,43306.85
property_loss_usd,43309.38
property_loss_usd,4331.64
property_loss_usd,43314.61.0
property_loss_usd,43372.35
property_loss_usd,4338.02
property_loss_usd,43388.79
property_loss_usd,43389.84
property_loss_usd,43436.66
property_loss_usd,43441.33
property_loss_usd,43463.23
property_loss_usd,43473.12
property_loss_usd,43475.24
property_loss_usd,43476.15
property_loss_usd,43486.51
property_loss_usd,43490.96
property_loss_usd,43502.71
property_loss_usd,4351.0
property_loss_usd,43521.41
property_loss_usd,43536.04
property_loss_usd,43546.14
property_loss_usd,43548.32
property_loss_usd,43566.48
property_loss_usd,43569.93
property_loss_usd,43594.99
property_loss_usd,43595.74
property_loss_usd,43602.71
property_loss_usd,43604.49
property_loss_usd,43606.67
property_loss_usd,43608.34
property_loss_usd,4361.02
property_loss_usd,43618.68
property_loss_usd,43647.91
property_loss_usd,43648.41
property_loss_usd,43649.39
property_loss_usd,43650.19
property_loss_usd,43660.93
property_loss_usd,43666.16
property_loss_usd,43683.82
property_loss_usd,43690.49
property_loss_usd,43695.61
property_loss_usd,43707.02
property_loss_usd,43735.21.0
property_loss_usd,43741.38
property_loss_usd,43749.55
property_loss_usd,43764.27
property_loss_usd,43770.11
property_loss_usd,43791.91
property_loss_usd,43801.55
property_loss_usd,43802.94
property_loss_usd,43815.69
property_loss_usd,4382.81
property_loss_usd,43821.56
property_loss_usd,43822.14
property_loss_usd,43828.63
property_loss_usd,43832.41
property_loss_usd,43836.97
property_loss_usd,43841.68
property_loss_usd,4385.2
property_loss_usd,43851.12
property_loss_usd,43858.2
property_loss_usd,43862.86
property_loss_usd,43865.17
property_loss_usd,43888.33
property_loss_usd,43910.22
property_loss_usd,43939.84
property_loss_usd,43948.28
property_loss_usd,43972.31
property_loss_usd,43981.78
property_loss_usd,43993.8
property_loss_usd,43997.69
property_loss_usd,44006.77
property_loss_usd,44019.78
property_loss_usd,44020.86
property_loss_usd,44024.89
property_loss_usd,44028.99
property_loss_usd,44035.19
property_loss_usd,44035.51
property_loss_usd,44039.62
property_loss_usd,44048.99
property_loss_usd,44053.64
property_loss_usd,44053.65
property_loss_usd,44058.17
property_loss_usd,44065.5
property_loss_usd,4408.23
property_loss_usd,44107.18
property_loss_usd,44118.93
property_loss_usd,4413.24
property_loss_usd,44163.92
property_loss_usd,44173.6
property_loss_usd,44184.19.0
property_loss_usd,4420.21
property_loss_usd,44217.57
property_loss_usd,44233.33
property_loss_usd,44235.92
property_loss_usd,44267.38
property_loss_usd,44282.27
property_loss_usd,44282.71
property_loss_usd,44289.89.0
property_loss_usd,44291.15
property_loss_usd,44320.3
property_loss_usd,44336.16
property_loss_usd,44339.76
property_loss_usd,44341.83
property_loss_usd,44357.75
property_loss_usd,4438.78
property_loss_usd,44417.98
property_loss_usd,44420.8
property_loss_usd,44430.3
property_loss_usd,44435.23
property_loss_usd,44436.33
property_loss_usd,44439.54
property_loss_usd,44446.3
property_loss_usd,44461.25
property_loss_usd,44469.27
property_loss_usd,44487.62
property_loss_usd,44506.32
property_loss_usd,44512.84
property_loss_usd,44522.51
property_loss_usd,44545.22
property_loss_usd,44560.48
property_loss_usd,44569.77
property_loss_usd,44579.11
property_loss_usd,44580.01
property_loss_usd,44581.53
property_loss_usd,44612.45
property_loss_usd,44619.51
property_loss_usd,4462.59
property_loss_usd,44622.57
property_loss_usd,44635.11
property_loss_usd,44645.13
property_loss_usd,44658.35
property_loss_usd,44669.19
property_loss_usd,4468.93
property_loss_usd,44688.59
property_loss_usd,44689.04
property_loss_usd,44694.95
property_loss_usd,44706.7
property_loss_usd,44715.62
property_loss_usd,44721.2
property_loss_usd,44721.93
property_loss_usd,44725.79
property_loss_usd,44736.05
property_loss_usd,44741.64
property_loss_usd,44744.64
property_loss_usd,44746.79
property_loss_usd,44747.83
property_loss_usd,44766.16
property_loss_usd,44791.48
property_loss_usd,44794.9
property_loss_usd,44799.75
property_loss_usd,4480.98
property_loss_usd,44838.51
property_loss_usd,44839.49
property_loss_usd,44842.54
property_loss_usd,44852.81
property_loss_usd,44869.49
property_loss_usd,44895.46
property_loss_usd,44900.85
property_loss_usd,44906.85
property_loss_usd,44909.71
property_loss_usd,44932.57.0
property_loss_usd,44932.67
property_loss_usd,44937.9.0
property_loss_usd,44942.2
property_loss_usd,44944.04
property_loss_usd,44958.23
property_loss_usd,44965.58
property_loss_usd,44996.71
property_loss_usd,45002.34
property_loss_usd,45003.97
property_loss_usd,45026.7
property_loss_usd,45040.85
property_loss_usd,45061.54
property_loss_usd,45079.63
property_loss_usd,45098.8
property_loss_usd,45110.15
property_loss_usd,45119.34
property_loss_usd,45125.19
property_loss_usd,45126.5
property_loss_usd,45136.79
property_loss_usd,45155.69
property_loss_usd,45161.75
property_loss_usd,45164.01
property_loss_usd,45172.5
property_loss_usd,45181.79
property_loss_usd,45194.5
property_loss_usd,45198.61
property_loss_usd,452.56
property_loss_usd,45203.65
property_loss_usd,45207.36
property_loss_usd,45207.5
property_loss_usd,45216.12
property_loss_usd,45222.95
property_loss_usd,45224.82
property_loss_usd,4523.56
property_loss_usd,45239.31
property_loss_usd,45239.54
property_loss_usd,45239.98
property_loss_usd,45249.19
property_loss_usd,45253.57
property_loss_usd,45257.28
property_loss_usd,45259.52
property_loss_usd,45271.43
property_loss_usd,45312.98
property_loss_usd,45318.45
property_loss_usd,45318.49
property_loss_usd,45319.75
property_loss_usd,45325.38
property_loss_usd,45329.37
property_loss_usd,45350.82
property_loss_usd,45359.08
property_loss_usd,45367.31
property_loss_usd,45387.2
property_loss_usd,45390.03
property_loss_usd,45400.48
property_loss_usd,45407.25
property_loss_usd,4541.08
property_loss_usd,45422.83
property_loss_usd,45434.71
property_loss_usd,45440.86
property_loss_usd,45450.8
property_loss_usd,45485.58
property_loss_usd,45488.78
property_loss_usd,45489.04
property_loss_usd,4550.03
property_loss_usd,45501.28
property_loss_usd,45511.69
property_loss_usd,45516.37
property_loss_usd,45548.91
property_loss_usd,45555.23
property_loss_usd,45566.58.0
property_loss_usd,45593.17
property_loss_usd,45603.72
property_loss_usd,45604.2
property_loss_usd,45606.79
property_loss_usd,45607.86.0
property_loss_usd,45609.86
property_loss_usd,45619.63
property_loss_usd,4564.21
property_loss_usd,45640.65
property_loss_usd,45659.75
property_loss_usd,45672.44
property_loss_usd,45689.88
property_loss_usd,45705.0
property_loss_usd,45730.33
property_loss_usd,45731.29
property_loss_usd,45736.75
property_loss_usd,45737.92
property_loss_usd,45760.15
property_loss_usd,45782.25
property_loss_usd,45782.65
property_loss_usd,45782.83
property_loss_usd,45804.01
property_loss_usd,45854.0
property_loss_usd,45861.57
property_loss_usd,45865.31
property_loss_usd,45867.73
property_loss_usd,45871.04
property_loss_usd,45871.42
property_loss_usd,45886.35
property_loss_usd,459.83
property_loss_usd,45901.03
property_loss_usd,45901.55
property_loss_usd,45903.17
property_loss_usd,45934.0
property_loss_usd,45948.73
property_loss_usd,45953.07
property_loss_usd,45955.32
property_loss_usd,45963.35
property_loss_usd,45967.33
property_loss_usd,45968.58
property_loss_usd,45981.76
property_loss_usd,45984.28
property_loss_usd,45992.69
property_loss_usd,46.68
property_loss_usd,46007.13
property_loss_usd,46009.26
property_loss_usd,46019.66
property_loss_usd,4603.23
property_loss_usd,46030.39
property_loss_usd,46037.74
property_loss_usd,4604.66
property_loss_usd,46047.38
property_loss_usd,46074.86
property_loss_usd,46079.57
property_loss_usd,46090.4
property_loss_usd,46090.43
property_loss_usd,46090.57
property_loss_usd,46097.03
property_loss_usd,46135.18
property_loss_usd,46154.66
property_loss_usd,46161.55
property_loss_usd,46170.49
property_loss_usd,46180.4
property_loss_usd,46182.32
property_loss_usd,46196.01
property_loss_usd,46205.88
property_loss_usd,46208.69
property_loss_usd,46225.79
property_loss_usd,46267.28
property_loss_usd,46276.3
property_loss_usd,46286.61
property_loss_usd,4629.53
property_loss_usd,46302.58
property_loss_usd,46312.81
property_loss_usd,46322.21
property_loss_usd,46326.13
property_loss_usd,46336.48
property_loss_usd,46394.83
property_loss_usd,46397.7
property_loss_usd,46406.24
property_loss_usd,46412.12
property_loss_usd,46414.54
property_loss_usd,4642.36
property_loss_usd,46460.62
property_loss_usd,46463.63
property_loss_usd,46476.03
property_loss_usd,46498.41
property_loss_usd,46500.1
property_loss_usd,46510.14
property_loss_usd,46518.02.0
property_loss_usd,46534.06
property_loss_usd,46543.16
property_loss_usd,46565.95
property_loss_usd,4659.18
property_loss_usd,46590.53
property_loss_usd,46595.77
property_loss_usd,46606.84
property_loss_usd,4661.4
property_loss_usd,46612.64
property_loss_usd,46622.63
property_loss_usd,46625.42
property_loss_usd,46641.04
property_loss_usd,46642.2
property_loss_usd,46677.45
property_loss_usd,46680.25
property_loss_usd,46728.07
property_loss_usd,46732.74
property_loss_usd,46736.89
property_loss_usd,46737.55.0
property_loss_usd,46762.9
property_loss_usd,46784.26
property_loss_usd,46790.72
property_loss_usd,46792.6.0
property_loss_usd,46793.37
property_loss_usd,46801.13
property_loss_usd,46810.34
property_loss_usd,46811.78
property_loss_usd,46826.33
property_loss_usd,46839.17
property_loss_usd,46846.88
property_loss_usd,46860.57
property_loss_usd,46877.81
property_loss_usd,469.31
property_loss_usd,46914.88
property_loss_usd,46923.8
property_loss_usd,46937.24
property_loss_usd,46940.17
property_loss_usd,46954.43
property_loss_usd,46960.66
property_loss_usd,46964.67
property_loss_usd,46965.43
property_loss_usd,46968.81
property_loss_usd,46990.93
property_loss_usd,47000.58
property_loss_usd,47005.25
property_loss_usd,47060.47
property_loss_usd,47073.7
property_loss_usd,47074.64
property_loss_usd,47091.45
property_loss_usd,47121.32
property_loss_usd,47123.7
property_loss_usd,47129.38
property_loss_usd,47155.27
property_loss_usd,47167.75
property_loss_usd,47187.01
property_loss_usd,47189.07
property_loss_usd,47229.65
property_loss_usd,4725.89.0
property_loss_usd,47264.16
property_loss_usd,47281.53
property_loss_usd,47306.29
property_loss_usd,47307.38
property_loss_usd,47319.14
property_loss_usd,47329.36
property_loss_usd,47329.6
property_loss_usd,47333.2
property_loss_usd,47336.4
property_loss_usd,4740.47
property_loss_usd,47417.73
property_loss_usd,47426.75
property_loss_usd,47429.97
property_loss_usd,47430.08
property_loss_usd,47434.91
property_loss_usd,47435.59
property_loss_usd,47438.29
property_loss_usd,47438.94
property_loss_usd,47439.55
property_loss_usd,47449.2
property_loss_usd,47459.17
property_loss_usd,4749.08
property_loss_usd,47494.81
property_loss_usd,47502.11
property_loss_usd,47511.32
property_loss_usd,47533.51
property_loss_usd,47536.97
property_loss_usd,47553.26
property_loss_usd,47568.68
property_loss_usd,47579.71
property_loss_usd,47585.19
property_loss_usd,47617.46
property_loss_usd,47635.61
property_loss_usd,47646.56
property_loss_usd,47670.74
property_loss_usd,47685.47
property_loss_usd,47687.52
property_loss_usd,47695.2
property_loss_usd,47700.47
property_loss_usd,47704.56
property_loss_usd,47716.76
property_loss_usd,47722.08
property_loss_usd,47740.59
property_loss_usd,47740.77
property_loss_usd,47752.07
property_loss_usd,47753.75
property_loss_usd,47767.7
property_loss_usd,47777.05
property_loss_usd,47783.51
property_loss_usd,4782.93
property_loss_usd,47839.91
property_loss_usd,47845.49
property_loss_usd,47853.16
property_loss_usd,47871.15
property_loss_usd,47924.55
property_loss_usd,47926.21
property_loss_usd,47930.14
property_loss_usd,47930.24
property_loss_usd,47931.26
property_loss_usd,47948.59
property_loss_usd,47950.3
property_loss_usd,47956.41
property_loss_usd,47963.79
property_loss_usd,480.47
property_loss_usd,48003.33
property_loss_usd,48015.33
property_loss_usd,48018.87
property_loss_usd,48020.33
property_loss_usd,48024.45
property_loss_usd,48084.35
property_loss_usd,48089.01
property_loss_usd,48095.04
property_loss_usd,481.25
property_loss_usd,48117.54
property_loss_usd,48126.43
property_loss_usd,48128.77
property_loss_usd,4813.78
property_loss_usd,48132.36
property_loss_usd,48145.95
property_loss_usd,48152.86
property_loss_usd,48180.55
property_loss_usd,48191.64
property_loss_usd,48192.83.0
property_loss_usd,48201.94
property_loss_usd,48211.26
property_loss_usd,48213.78
property_loss_usd,48227.71
property_loss_usd,48231.32
property_loss_usd,4827.02
property_loss_usd,48281.34
property_loss_usd,48295.82
property_loss_usd,483.77
property_loss_usd,48301.07
property_loss_usd,48302.41
property_loss_usd,48309.72
property_loss_usd,48329.94
property_loss_usd,48341.88
property_loss_usd,48371.97
property_loss_usd,48379.08
property_loss_usd,48386.78
property_loss_usd,48390.28
property_loss_usd,48391.76
property_loss_usd,48397.44
property_loss_usd,48399.39
property_loss_usd,48410.34
property_loss_usd,48426.44
property_loss_usd,48427.29
property_loss_usd,48435.3
property_loss_usd,48435.53
property_loss_usd,48436.52
property_loss_usd,48438.9
property_loss_usd,48441.23
property_loss_usd,48441.87
property_loss_usd,48449.26
property_loss_usd,48449.41
property_loss_usd,48453.32
property_loss_usd,48460.35
property_loss_usd,48465.28
property_loss_usd,48467.34
property_loss_usd,48482.92
property_loss_usd,48489.15
property_loss_usd,48491.37
property_loss_usd,4850.55.0
property_loss_usd,48502.2
property_loss_usd,4851.4
property_loss_usd,48524.63
property_loss_usd,4853.69
property_loss_usd,48532.89
property_loss_usd,48549.75
property_loss_usd,48562.53
property_loss_usd,48572.92
property_loss_usd,48576.08
property_loss_usd,48585.63
property_loss_usd,48587.23
property_loss_usd,486.9
property_loss_usd,48607.52
property_loss_usd,48608.24
property_loss_usd,48610.37
property_loss_usd,48627.99
property_loss_usd,4865.21
property_loss_usd,48652.95
property_loss_usd,48654.06
property_loss_usd,48661.57
property_loss_usd,48680.14
property_loss_usd,48682.79.0
property_loss_usd,487.63
property_loss_usd,48702.72
property_loss_usd,48702.75
property_loss_usd,48712.24
property_loss_usd,48715.12
property_loss_usd,48720.82
property_loss_usd,48729.87
property_loss_usd,48732.42
property_loss_usd,48739.01
property_loss_usd,48751.77
property_loss_usd,48754.8
property_loss_usd,48799.43
property_loss_usd,48806.63
property_loss_usd,4881.63
property_loss_usd,48812.36
property_loss_usd,48812.9
property_loss_usd,48825.29
property_loss_usd,48830.35
property_loss_usd,48832.46
property_loss_usd,48833.12
property_loss_usd,48839.24
property_loss_usd,48840.64
property_loss_usd,48858.89
property_loss_usd,4886.02
property_loss_usd,48889.3
property_loss_usd,48900.02
property_loss_usd,4895.28
property_loss_usd,48963.24
property_loss_usd,48971.1.0
property_loss_usd,48975.49
property_loss_usd,48975.86
property_loss_usd,48977.09
property_loss_usd,48978.45
property_loss_usd,4899.39
property_loss_usd,48994.9
property_loss_usd,49012.93
property_loss_usd,49031.37
property_loss_usd,49036.73
property_loss_usd,49068.73
property_loss_usd,49082.72
property_loss_usd,49085.1
property_loss_usd,49086.99
property_loss_usd,49087.73
property_loss_usd,49097.15
property_loss_usd,4910.82
property_loss_usd,49106.3
property_loss_usd,49130.87
property_loss_usd,49132.18
property_loss_usd,49147.08
property_loss_usd,49152.0
property_loss_usd,49155.53
property_loss_usd,49156.22
property_loss_usd,49164.39
property_loss_usd,49169.3
property_loss_usd,49190.41
property_loss_usd,49204.65
property_loss_usd,49204.76
property_loss_usd,49220.8
property_loss_usd,49224.7
property_loss_usd,49228.96
property_loss_usd,49249.7
property_loss_usd,49270.4
property_loss_usd,49277.72
property_loss_usd,49287.63
property_loss_usd,49288.11
property_loss_usd,49298.79
property_loss_usd,49308.87
property_loss_usd,49322.25
property_loss_usd,49323.24
property_loss_usd,49340.2
property_loss_usd,49381.35
property_loss_usd,49384.56
property_loss_usd,49433.13
property_loss_usd,49460.74
property_loss_usd,49468.13
property_loss_usd,49476.17
property_loss_usd,49486.32
property_loss_usd,49493.64
property_loss_usd,49493.93
property_loss_usd,495.36
property_loss_usd,49503.2
property_loss_usd,49503.8
property_loss_usd,49510.26
property_loss_usd,49511.48
property_loss_usd,4952.6
property_loss_usd,49521.04
property_loss_usd,49541.36
property_loss_usd,49553.16
property_loss_usd,49554.23
property_loss_usd,49559.65
property_loss_usd,49569.03
property_loss_usd,49574.46
property_loss_usd,49579.65
property_loss_usd,49596.2
property_loss_usd,49615.95
property_loss_usd,49616.0
property_loss_usd,49640.6
property_loss_usd,49640.64
property_loss_usd,49641.81
property_loss_usd,49644.93
property_loss_usd,49647.82
property_loss_usd,49659.37
property_loss_usd,49665.1
property_loss_usd,49669.94
property_loss_usd,49671.57
property_loss_usd,49681.97
property_loss_usd,49688.78
property_loss_usd,49691.59
property_loss_usd,49695.27
property_loss_usd,49705.57
property_loss_usd,49716.38
property_loss_usd,49725.06
property_loss_usd,49764.55
property_loss_usd,4977.29
property_loss_usd,49797.67
property_loss_usd,49845.19
property_loss_usd,49851.24
property_loss_usd,49854.61
property_loss_usd,4986.49
property_loss_usd,4987.45
property_loss_usd,49872.96
property_loss_usd,49874.09
property_loss_usd,4988.83
property_loss_usd,4990.41
property_loss_usd,49923.29
property_loss_usd,49929.34
property_loss_usd,49944.53
property_loss_usd,49946.01
property_loss_usd,49947.58
property_loss_usd,49950.63
property_loss_usd,49950.87
property_loss_usd,49956.36.0
property_loss_usd,49991.11
property_loss_usd,49998.3
property_loss_usd,50.05
property_loss_usd,5002.76
property_loss_usd,5003.28
property_loss_usd,5037.39
property_loss_usd,5040.97
property_loss_usd,5070.4
property_loss_usd,5081.37
property_loss_usd,5087.28
property_loss_usd,5126.8
property_loss_usd,5127.37
property_loss_usd,5133.93
property_loss_usd,5142.22
property_loss_usd,5149.95
property_loss_usd,5172.38
property_loss_usd,5195.05
property_loss_usd,5195.36
property_loss_usd,5209.68
property_loss_usd,5234.53
property_loss_usd,5259.74
property_loss_usd,5270.71
property_loss_usd,5290.06
property_loss_usd,5294.74.0
property_loss_usd,530.05
property_loss_usd,530.33
property_loss_usd,5310.38
property_loss_usd,5335.14
property_loss_usd,5347.68
property_loss_usd,5355.49
property_loss_usd,5357.11
property_loss_usd,5375.81.0
property_loss_usd,5399.0
property_loss_usd,5428.33
property_loss_usd,5476.42
property_loss_usd,5483.9
property_loss_usd,5498.28
property_loss_usd,5498.66
property_loss_usd,5498.74
property_loss_usd,5508.75
property_loss_usd,5511.55
property_loss_usd,5533.45
property_loss_usd,5537.84
property_loss_usd,5541.84
property_loss_usd,5542.82
property_loss_usd,5549.37
property_loss_usd,5558.9
property_loss_usd,5583.41
property_loss_usd,5586.94
property_loss_usd,5596.84
property_loss_usd,5606.32
property_loss_usd,5615.93
property_loss_usd,5627.45
property_loss_usd,5635.35
property_loss_usd,5648.75
property_loss_usd,5664.74
property_loss_usd,5666.55
property_loss_usd,5673.15
property_loss_usd,5677.88
property_loss_usd,5683.07
property_loss_usd,5683.89
property_loss_usd,5719.59
property_loss_usd,5723.56
property_loss_usd,573.02
property_loss_usd,5736.4
property_loss_usd,5749.89
property_loss_usd,5750.91
property_loss_usd,5763.58
property_loss_usd,5777.74
property_loss_usd,5793.05
property_loss_usd,5795.78
property_loss_usd,5799.12.0
property_loss_usd,5808.43
property_loss_usd,5810.33
property_loss_usd,5822.4
property_loss_usd,5862.23
property_loss_usd,587.18
property_loss_usd,5895.72
property_loss_usd,5898.2
property_loss_usd,5904.35
property_loss_usd,5908.11
property_loss_usd,5927.61
property_loss_usd,5950.83
property_loss_usd,5951.75
property_loss_usd,597.95
property_loss_usd,5992.23
property_loss_usd,60.75.0
property_loss_usd,6014.36
property_loss_usd,6015.62
property_loss_usd,6027.71
property_loss_usd,6058.54
property_loss_usd,6065.26
property_loss_usd,6076.42
property_loss_usd,6079.75
property_loss_usd,6080.12
property_loss_usd,6097.94
property_loss_usd,6107.78
property_loss_usd,6117.04
property_loss_usd,6121.51
property_loss_usd,6136.25
property_loss_usd,6140.84
property_loss_usd,6161.36
property_loss_usd,6167.24
property_loss_usd,6181.09
property_loss_usd,620.23
property_loss_usd,6234.08
property_loss_usd,6239.43
property_loss_usd,6246.75
property_loss_usd,6250.16
property_loss_usd,6256.6
property_loss_usd,626.09
property_loss_usd,6272.0
property_loss_usd,6276.79
property_loss_usd,6286.55
property_loss_usd,6312.81
property_loss_usd,6316.43
property_loss_usd,6322.76
property_loss_usd,6337.4
property_loss_usd,6377.94
property_loss_usd,6384.47
property_loss_usd,6398.18
property_loss_usd,6407.12
property_loss_usd,6418.48
property_loss_usd,645.91.0
property_loss_usd,6460.71
property_loss_usd,6461.62
property_loss_usd,6466.7
property_loss_usd,6469.95
property_loss_usd,6497.21
property_loss_usd,6498.18
property_loss_usd,6504.5
property_loss_usd,6511.38
property_loss_usd,6520.44
property_loss_usd,6530.01
property_loss_usd,6533.62
property_loss_usd,6536.13
property_loss_usd,6538.32
property_loss_usd,6544.66
property_loss_usd,6546.79
property_loss_usd,655.82
property_loss_usd,6561.25
property_loss_usd,657.29
property_loss_usd,6572.65
property_loss_usd,6576.81
property_loss_usd,6580.4
property_loss_usd,6585.74
property_loss_usd,6591.03
property_loss_usd,6597.91
property_loss_usd,6600.11
property_loss_usd,6603.45
property_loss_usd,6609.45
property_loss_usd,6631.51
property_loss_usd,6640.97
property_loss_usd,6653.48
property_loss_usd,6655.38
property_loss_usd,6660.59
property_loss_usd,6674.17.0
property_loss_usd,6697.09
property_loss_usd,6710.21
property_loss_usd,6716.05
property_loss_usd,6727.52
property_loss_usd,6736.61
property_loss_usd,6749.76
property_loss_usd,6755.18.0
property_loss_usd,6757.13
property_loss_usd,6762.99
property_loss_usd,6765.76
property_loss_usd,6772.26
property_loss_usd,6795.62
property_loss_usd,6797.41
property_loss_usd,680.33.0
property_loss_usd,6801.7
property_loss_usd,6810.63
property_loss_usd,6820.75
property_loss_usd,6820.94
property_loss_usd,683.72
property_loss_usd,6842.58
property_loss_usd,6858.53
property_loss_usd,6864.0
property_loss_usd,6890.59.0
property_loss_usd,6891.92
property_loss_usd,6924.7
property_loss_usd,6966.29
property_loss_usd,6977.9
property_loss_usd,6980.71
property_loss_usd,6984.98
property_loss_usd,7014.57
property_loss_usd,7030.15
property_loss_usd,7035.56
property_loss_usd,7081.05
property_loss_usd,7083.75
property_loss_usd,7097.51
property_loss_usd,7100.88
property_loss_usd,7104.44
property_loss_usd,7107.69
property_loss_usd,7113.36
property_loss_usd,7128.75
property_loss_usd,7174.97
property_loss_usd,7178.28
property_loss_usd,7178.85
property_loss_usd,718.26
property_loss_usd,7182.07
property_loss_usd,7184.8.0
property_loss_usd,7194.18
property_loss_usd,7199.75
property_loss_usd,7201.68
property_loss_usd,7218.6
property_loss_usd,7221.78
property_loss_usd,7229.77
property_loss_usd,7233.38
property_loss_usd,7252.19
property_loss_usd,726.69
property_loss_usd,7263.42
property_loss_usd,7265.34
property_loss_usd,7271.6
property_loss_usd,7276.3
property_loss_usd,7294.3
property_loss_usd,7315.25
property_loss_usd,7331.27
property_loss_usd,7335.54
property_loss_usd,7340.67
property_loss_usd,7341.05
property_loss_usd,7344.58
property_loss_usd,7363.56
property_loss_usd,7402.54
property_loss_usd,7412.73
property_loss_usd,7414.38
property_loss_usd,7425.53
property_loss_usd,7428.73
property_loss_usd,743.16
property_loss_usd,7450.59
property_loss_usd,7453.26
property_loss_usd,7471.56
property_loss_usd,7483.7
property_loss_usd,7513.8.0
property_loss_usd,7518.15
property_loss_usd,7520.89
property_loss_usd,7523.45
property_loss_usd,753.64.0
property_loss_usd,7530.19
property_loss_usd,7543.35
property_loss_usd,7544.54
property_loss_usd,7553.53
property_loss_usd,7557.67
property_loss_usd,7559.49
property_loss_usd,7571.83
property_loss_usd,7580.82
property_loss_usd,7582.66
property_loss_usd,7592.42
property_loss_usd,7603.88
property_loss_usd,7611.82
property_loss_usd,7665.23
property_loss_usd,7669.0
property_loss_usd,7673.99
property_loss_usd,7695.74
property_loss_usd,7700.52
property_loss_usd,7701.9
property_loss_usd,7703.46
property_loss_usd,7704.74
property_loss_usd,7706.21
property_loss_usd,7706.4
property_loss_usd,7707.62
property_loss_usd,7709.97
property_loss_usd,7711.05
property_loss_usd,7754.45
property_loss_usd,7758.35
property_loss_usd,7764.41
property_loss_usd,7787.92
property_loss_usd,7791.18
property_loss_usd,7792.82
property_loss_usd,7796.45
property_loss_usd,7832.31
property_loss_usd,7843.34
property_loss_usd,7849.72
property_loss_usd,7860.32
property_loss_usd,7870.46.0
property_loss_usd,7873.88
property_loss_usd,7889.16
property_loss_usd,7892.53
property_loss_usd,790.34
property_loss_usd,7902.51
property_loss_usd,7914.81
property_loss_usd,7930.41
property_loss_usd,7933.35
property_loss_usd,7957.84
property_loss_usd,7961.15
property_loss_usd,7962.32
property_loss_usd,8000.02
property_loss_usd,8016.99
property_loss_usd,803.74
property_loss_usd,8046.58
property_loss_usd,8047.72
property_loss_usd,8055.75
property_loss_usd,8066.9
property_loss_usd,8072.44
property_loss_usd,8095.79
property_loss_usd,81.52
property_loss_usd,8107.97
property_loss_usd,8112.65
property_loss_usd,8115.74
property_loss_usd,8116.42
property_loss_usd,8116.86
property_loss_usd,8145.05
property_loss_usd,8159.25
property_loss_usd,8165.44
property_loss_usd,8168.34
property_loss_usd,8177.9
property_loss_usd,8206.79
property_loss_usd,8214.83
property_loss_usd,8219.64
property_loss_usd,822.83
property_loss_usd,8223.27
property_loss_usd,8226.19
property_loss_usd,8238.65
property_loss_usd,8271.55
property_loss_usd,8279.82
property_loss_usd,8284.89
property_loss_usd,8316.38
property_loss_usd,8340.47
property_loss_usd,8345.1
property_loss_usd,8345.88
property_loss_usd,8353.41.0
property_loss_usd,836.31
property_loss_usd,8385.37
property_loss_usd,8400.1
property_loss_usd,8422.8
property_loss_usd,8424.83
property_loss_usd,8436.34
property_loss_usd,8442.68
property_loss_usd,8446.54
property_loss_usd,845.53
property_loss_usd,8471.61
property_loss_usd,8474.15
property_loss_usd,8489.07
property_loss_usd,8490.52
property_loss_usd,8499.25
property_loss_usd,8515.97
property_loss_usd,8534.06
property_loss_usd,8534.94
property_loss_usd,855.39
property_loss_usd,8552.47
property_loss_usd,8553.13
property_loss_usd,8565.75
property_loss_usd,8575.81
property_loss_usd,8586.52
property_loss_usd,8589.01
property_loss_usd,86.44
property_loss_usd,8607.76
property_loss_usd,8635.17
property_loss_usd,8646.49
property_loss_usd,8649.67
property_loss_usd,8651.98
property_loss_usd,8654.63
property_loss_usd,8663.13
property_loss_usd,8668.83
property_loss_usd,8670.85
property_loss_usd,8677.93
property_loss_usd,8684.98
property_loss_usd,8704.95
property_loss_usd,8713.6
property_loss_usd,873.45
property_loss_usd,873.54
property_loss_usd,8740.76
property_loss_usd,8750.44
property_loss_usd,8773.06
property_loss_usd,8786.17
property_loss_usd,880.93
property_loss_usd,8802.28
property_loss_usd,8804.65.0
property_loss_usd,8805.97
property_loss_usd,8813.63
property_loss_usd,8817.3
property_loss_usd,8844.69
property_loss_usd,8846.8.0
property_loss_usd,8851.13
property_loss_usd,8864.72
property_loss_usd,8864.93
property_loss_usd,8865.1
property_loss_usd,8865.57
property_loss_usd,8886.69
property_loss_usd,889.53
property_loss_usd,8898.28
property_loss_usd,8899.61
property_loss_usd,890.74
property_loss_usd,891.23
property_loss_usd,8912.1
property_loss_usd,8917.33
property_loss_usd,8943.33
property_loss_usd,8944.32
property_loss_usd,8949.97
property_loss_usd,8959.6
property_loss_usd,8973.6
property_loss_usd,8974.46
property_loss_usd,8986.59
property_loss_usd,8994.43
property_loss_usd,9018.49
property_loss_usd,9023.73
property_loss_usd,9027.42
property_loss_usd,903.2
property_loss_usd,9041.89
property_loss_usd,9050.34
property_loss_usd,9051.39
property_loss_usd,9057.42
property_loss_usd,9062.88
property_loss_usd,9065.52
property_loss_usd,9072.35
property_loss_usd,9074.46
property_loss_usd,908.62
property_loss_usd,9084.25
property_loss_usd,9085.19
property_loss_usd,9121.3
property_loss_usd,9134.49
property_loss_usd,9139.22
property_loss_usd,9172.54
property_loss_usd,9179.55
property_loss_usd,9180.84
property_loss_usd,9200.86
property_loss_usd,9242.67
property_loss_usd,9244.94
property_loss_usd,9252.09
property_loss_usd,9264.59
property_loss_usd,9271.49
property_loss_usd,9283.17
property_loss_usd,9284.91
property_loss_usd,9292.4
property_loss_usd,9298.59
property_loss_usd,9299.21.0
property_loss_usd,9304.51
property_loss_usd,9319.12
property_loss_usd,9323.5
property_loss_usd,9349.29
property_loss_usd,9364.35
property_loss_usd,9369.8
property_loss_usd,937.08
property_loss_usd,9378.29
property_loss_usd,9379.36
property_loss_usd,9380.73
property_loss_usd,9386.79
property_loss_usd,9388.96
property_loss_usd,9391.92
property_loss_usd,9399.41
property_loss_usd,940.5
property_loss_usd,9401.05
property_loss_usd,9433.35
property_loss_usd,9440.69
property_loss_usd,9444.62
property_loss_usd,9446.63
property_loss_usd,9451.05
property_loss_usd,9459.48
property_loss_usd,9462.51
property_loss_usd,947.42
property_loss_usd,9483.51
property_loss_usd,9492.55
property_loss_usd,9499.25
property_loss_usd,9508.28
property_loss_usd,9509.14
property_loss_usd,9509.29
property_loss_usd,9519.93
property_loss_usd,9535.64
property_loss_usd,9542.22
property_loss_usd,9547.39
property_loss_usd,9563.98
property_loss_usd,9564.87
property_loss_usd,9574.01
property_loss_usd,9587.42
property_loss_usd,9624.35
property_loss_usd,9632.06
property_loss_usd,964.14
property_loss_usd,9643.45
property_loss_usd,9657.91
property_loss_usd,9668.16
property_loss_usd,9672.51
property_loss_usd,9682.39
property_loss_usd,9701.66.0
property_loss_usd,9707.73
property_loss_usd,9728.13
property_loss_usd,9734.37.0
property_loss_usd,9734.4
property_loss_usd,9739.53
property_loss_usd,9743.81
property_loss_usd,9748.61
property_loss_usd,9801.53
property_loss_usd,9809.55
property_loss_usd,9810.01
property_loss_usd,982.55
property_loss_usd,9840.92
property_loss_usd,9849.34
property_loss_usd,986.68
property_loss_usd,9879.59
property_loss_usd,9890.8
property_loss_usd,9927.43
property_loss_usd,9946.8.0
property_loss_usd,9965.22
property_loss_usd,9972.89
property_loss_usd,9994.82
reported_online,0
reported_online,1
reported_online,false
reported_online,no
reported_online,true
reported_online,yes
notes,incident at 1 river rd. officer responded at scene.
notes,incident at 100 oak ave. officer responded at scene.
notes,incident at 1000 lincoln st. officer responded at scene.
notes,incident at 1003 cedar lane. officer responded at scene.
notes,incident at 1005 washington ave. officer responded at scene.
notes,incident at 1007 sunset blvd. officer responded at scene.
notes,incident at 1008 cedar lane. officer responded at scene.
notes,incident at 1009 sunset blvd. officer responded at scene.
notes,incident at 101 washington ave. officer responded at scene.
notes,incident at 1011 park rd. officer responded at scene.
notes,incident at 1012 cedar lane. officer responded at scene.
notes,incident at 1012 maple dr. officer responded at scene.
notes,incident at 1015 oak ave. officer responded at scene.
notes,incident at 1017 lincoln st. officer responded at scene.
notes,incident at 1017 maple dr. officer responded at scene.
notes,incident at 1019 park rd. officer responded at scene.
notes,incident at 1024 lincoln st. officer responded at scene.
notes,incident at 1024 river rd. officer responded at scene.
notes,incident at 1026 oak ave. officer responded at scene.
notes,incident at 1027 main st. officer responded at scene.
notes,incident at 1029 river rd. officer responded at scene.
notes,incident at 103 sunset blvd. officer responded at scene.
notes,incident at 1038 cedar lane. officer responded at scene.
notes,incident at 1039 river rd. officer responded at scene.
notes,incident at 1041 oak ave. officer responded at scene.
notes,incident at 1043 oak ave. officer responded at scene.
notes,incident at 1047 cedar lane. officer responded at scene.
notes,incident at 1050 park rd. officer responded at scene.
notes,incident at 1052 oak ave. officer responded at scene.
notes,incident at 1053 main st. officer responded at scene.
notes,incident at 1054 cedar lane. officer responded at scene.
notes,incident at 1056 main st. officer responded at scene.
notes,incident at 1057 river rd. officer responded at scene.
notes,incident at 1060 washington ave. officer responded at scene.
notes,incident at 1061 elm blvd. officer responded at scene.
notes,incident at 1061 park rd. officer responded at scene.
notes,incident at 1065 sunset blvd. officer responded at scene.
notes,incident at 1066 washington ave. officer responded at scene.
notes,incident at 1067 main st. officer responded at scene.
notes,incident at 1071 main st. officer responded at scene.
notes,incident at 1071 park rd. officer responded at scene.
notes,incident at 1071 sunset blvd. officer responded at scene.
notes,incident at 1074 oak ave. officer responded at scene.
notes,incident at 1075 main st. officer responded at scene.
notes,incident at 1076 cedar lane. officer responded at scene.
notes,incident at 1077 elm blvd. officer responded at scene.
notes,incident at 1079 elm blvd. officer responded at scene.
notes,incident at 1079 river rd. officer responded at scene.
notes,incident at 108 park rd. officer responded at scene.
notes,incident at 1085 oak ave. officer responded at scene.
notes,incident at 1086 washington ave. officer responded at scene.
notes,incident at 1087 sunset blvd. officer responded at scene.
notes,incident at 1092 main st. officer responded at scene.
notes,incident at 1093 main st. officer responded at scene.
notes,incident at 1096 park rd. officer responded at scene.
notes,incident at 11 oak ave. officer responded at scene.
notes,incident at 1101 river rd. officer responded at scene.
notes,incident at 1102 cedar lane. officer responded at scene.
notes,incident at 1102 sunset blvd. officer responded at scene.
notes,incident at 1106 main st. officer responded at scene.
notes,incident at 1108 maple dr. officer responded at scene.
notes,incident at 1109 park rd. officer responded at scene.
notes,incident at 1111 maple dr. officer responded at scene.
notes,incident at 1119 park rd. officer responded at scene.
notes,incident at 112 elm blvd. officer responded at scene.
notes,incident at 1122 cedar lane. officer responded at scene.
notes,incident at 1122 maple dr. officer responded at scene.
notes,incident at 1126 river rd. officer responded at scene.
notes,incident at 1128 lincoln st. officer responded at scene.
notes,incident at 1130 cedar lane. officer responded at scene.
notes,incident at 1141 elm blvd. officer responded at scene.
notes,incident at 1142 washington ave. officer responded at scene.
notes,incident at 115 maple dr. officer responded at scene.
notes,incident at 1150 lincoln st. officer responded at scene.
notes,incident at 1154 elm blvd. officer responded at scene.
notes,incident at 1156 maple dr. officer responded at scene.
notes,incident at 1159 cedar lane. officer responded at scene.
notes,incident at 1159 washington ave. officer responded at scene.
notes,incident at 1172 main st. officer responded at scene.
notes,incident at 1172 park rd. officer responded at scene.
notes,incident at 1174 sunset blvd. officer responded at scene.
notes,incident at 118 elm blvd. officer responded at scene.
notes,incident at 1184 lincoln st. officer responded at scene.
notes,incident at 1184 washington ave. officer responded at scene.
notes,incident at 1189 cedar lane. officer responded at scene.
notes,incident at 1191 sunset blvd. officer responded at scene.
notes,incident at 1192 oak ave. officer responded at scene.
notes,incident at 1193 washington ave. officer responded at scene.
notes,incident at 1194 washington ave. officer responded at scene.
notes,incident at 1196 lincoln st. officer responded at scene.
notes,incident at 120 oak ave. officer responded at scene.
notes,incident at 1204 elm blvd. officer responded at scene.
notes,incident at 1204 main st. officer responded at scene.
notes,incident at 1204 river rd. officer responded at scene.
notes,incident at 1205 river rd. officer responded at scene.
notes,incident at 1205 sunset blvd. officer responded at scene.
notes,incident at 1207 park rd. officer responded at scene.
notes,incident at 1208 lincoln st. officer responded at scene.
notes,incident at 1209 river rd. officer responded at scene.
notes,incident at 121 cedar lane. officer responded at scene.
notes,incident at 121 river rd. officer responded at scene.
notes,incident at 1212 cedar lane. officer responded at scene.
notes,incident at 1212 main st. officer responded at scene.
notes,incident at 1212 maple dr. officer responded at scene.
notes,incident at 1213 cedar lane. officer responded at scene.
notes,incident at 1213 washington ave. officer responded at scene.
notes,incident at 122 cedar lane. officer responded at scene.
notes,incident at 1222 river rd. officer responded at scene.
notes,incident at 1224 river rd. officer responded at scene.
notes,incident at 1226 river rd. officer responded at scene.
notes,incident at 1229 sunset blvd. officer responded at scene.
notes,incident at 123 sunset blvd. officer responded at scene.
notes,incident at 1230 park rd. officer responded at scene.
notes,incident at 1231 cedar lane. officer responded at scene.
notes,incident at 1232 cedar lane. officer responded at scene.
notes,incident at 1236 main st. officer responded at scene.
notes,incident at 1237 sunset blvd. officer responded at scene.
notes,incident at 1240 river rd. officer responded at scene.
notes,incident at 1247 oak ave. officer responded at scene.
notes,incident at 1251 oak ave. officer responded at scene.
notes,incident at 1252 washington ave. officer responded at scene.
notes,incident at 1253 maple dr. officer responded at scene.
notes,incident at 1255 elm blvd. officer responded at scene.
notes,incident at 1258 main st. officer responded at scene.
notes,incident at 1258 washington ave. officer responded at scene.
notes,incident at 1263 main st. officer responded at scene.
notes,incident at 1270 lincoln st. officer responded at scene.
notes,incident at 1276 washington ave. officer responded at scene.
notes,incident at 1278 elm blvd. officer responded at scene.
notes,incident at 1279 oak ave. officer responded at scene.
notes,incident at 1281 cedar lane. officer responded at scene.
notes,incident at 1282 cedar lane. officer responded at scene.
notes,incident at 1287 cedar lane. officer responded at scene.
notes,incident at 1288 sunset blvd. officer responded at scene.
notes,incident at 129 oak ave. officer responded at scene.
notes,incident at 1290 river rd. officer responded at scene.
notes,incident at 1291 elm blvd. officer responded at scene.
notes,incident at 1295 sunset blvd. officer responded at scene.
notes,incident at 1296 cedar lane. officer responded at scene.
notes,incident at 1297 elm blvd. officer responded at scene.
notes,incident at 1298 sunset blvd. officer responded at scene.
notes,incident at 130 cedar lane. officer responded at scene.
notes,incident at 1300 oak ave. officer responded at scene.
notes,incident at 1302 washington ave. officer responded at scene.
notes,incident at 1303 sunset blvd. officer responded at scene.
notes,incident at 1304 lincoln st. officer responded at scene.
notes,incident at 1305 lincoln st. officer responded at scene.
notes,incident at 1312 main st. officer responded at scene.
notes,incident at 1312 maple dr. officer responded at scene.
notes,incident at 1313 maple dr. officer responded at scene.
notes,incident at 1321 lincoln st. officer responded at scene.
notes,incident at 1323 cedar lane. officer responded at scene.
notes,incident at 1323 oak ave. officer responded at scene.
notes,incident at 1328 river rd. officer responded at scene.
notes,incident at 1329 sunset blvd. officer responded at scene.
notes,incident at 1333 washington ave. officer responded at scene.
notes,incident at 1339 oak ave. officer responded at scene.
notes,incident at 1341 oak ave. officer responded at scene.
notes,incident at 1345 park rd. officer responded at scene.
notes,incident at 1346 main st. officer responded at scene.
notes,incident at 1354 washington ave. officer responded at scene.
notes,incident at 1358 cedar lane. officer responded at scene.
notes,incident at 1360 park rd. officer responded at scene.
notes,incident at 1361 lincoln st. officer responded at scene.
notes,incident at 1362 main st. officer responded at scene.
notes,incident at 1371 oak ave. officer responded at scene.
notes,incident at 1372 washington ave. officer responded at scene.
notes,incident at 1373 oak ave. officer responded at scene.
notes,incident at 1378 cedar lane. officer responded at scene.
notes,incident at 1383 lincoln st. officer responded at scene.
notes,incident at 1388 oak ave. officer responded at scene.
notes,incident at 1388 washington ave. officer responded at scene.
notes,incident at 1389 park rd. officer responded at scene.
notes,incident at 1390 cedar lane. officer responded at scene.
notes,incident at 1391 sunset blvd. officer responded at scene.
notes,incident at 1392 maple dr. officer responded at scene.
notes,incident at 1394 park rd. officer responded at scene.
notes,incident at 1397 cedar lane. officer responded at scene.
notes,incident at 140 main st. officer responded at scene.
notes,incident at 1400 lincoln st. officer responded at scene.
notes,incident at 1402 maple dr. officer responded at scene.
notes,incident at 1405 main st. officer responded at scene.
notes,incident at 1405 sunset blvd. officer responded at scene.
notes,incident at 1407 sunset blvd. officer responded at scene.
notes,incident at 1408 river rd. officer responded at scene.
notes,incident at 141 cedar lane. officer responded at scene.
notes,incident at 141 oak ave. officer responded at scene.
notes,incident at 1415 park rd. officer responded at scene.
notes,incident at 1416 main st. officer responded at scene.
notes,incident at 142 elm blvd. officer responded at scene.
notes,incident at 143 elm blvd. officer responded at scene.
notes,incident at 1438 lincoln st. officer responded at scene.
notes,incident at 1439 river rd. officer responded at scene.
notes,incident at 1439 sunset blvd. officer responded at scene.
notes,incident at 144 cedar lane. officer responded at scene.
notes,incident at 1442 lincoln st. officer responded at scene.
notes,incident at 1443 oak ave. officer responded at scene.
notes,incident at 1445 river rd. officer responded at scene.
notes,incident at 145 oak ave. officer responded at scene.
notes,incident at 1450 main st. officer responded at scene.
notes,incident at 1451 washington ave. officer responded at scene.
notes,incident at 1452 river rd. officer responded at scene.
notes,incident at 1454 sunset blvd. officer responded at scene.
notes,incident at 1457 elm blvd. officer responded at scene.
notes,incident at 146 river rd. officer responded at scene.
notes,incident at 1460 oak ave. officer responded at scene.
notes,incident at 1463 park rd. officer responded at scene.
notes,incident at 1466 maple dr. officer responded at scene.
notes,incident at 1467 main st. officer responded at scene.
notes,incident at 1467 park rd. officer responded at scene.
notes,incident at 1468 maple dr. officer responded at scene.
notes,incident at 1470 lincoln st. officer responded at scene.
notes,incident at 1472 sunset blvd. officer responded at scene.
notes,incident at 1475 elm blvd. officer responded at scene.
notes,incident at 1476 elm blvd. officer responded at scene.
notes,incident at 1479 oak ave. officer responded at scene.
notes,incident at 1480 river rd. officer responded at scene.
notes,incident at 1482 washington ave. officer responded at scene.
notes,incident at 1483 elm blvd. officer responded at scene.
notes,incident at 1491 cedar lane. officer responded at scene.
notes,incident at 1494 maple dr. officer responded at scene.
notes,incident at 1494 park rd. officer responded at scene.
notes,incident at 1498 elm blvd. officer responded at scene.
notes,incident at 1502 main st. officer responded at scene.
notes,incident at 1504 river rd. officer responded at scene.
notes,incident at 1507 elm blvd. officer responded at scene.
notes,incident at 1510 maple dr. officer responded at scene.
notes,incident at 1513 lincoln st. officer responded at scene.
notes,incident at 152 elm blvd. officer responded at scene.
notes,incident at 1522 elm blvd. officer responded at scene.
notes,incident at 1522 lincoln st. officer responded at scene.
notes,incident at 1524 washington ave. officer responded at scene.
notes,incident at 1525 washington ave. officer responded at scene.
notes,incident at 1527 oak ave. officer responded at scene.
notes,incident at 1529 oak ave. officer responded at scene.
notes,incident at 153 elm blvd. officer responded at scene.
notes,incident at 153 river rd. officer responded at scene.
notes,incident at 1530 elm blvd. officer responded at scene.
notes,incident at 1531 elm blvd. officer responded at scene.
notes,incident at 1531 lincoln st. officer responded at scene.
notes,incident at 1532 park rd. officer responded at scene.
notes,incident at 1532 river rd. officer responded at scene.
notes,incident at 1534 sunset blvd. officer responded at scene.
notes,incident at 1535 main st. officer responded at scene.
notes,incident at 1536 cedar lane. officer responded at scene.
notes,incident at 154 cedar lane. officer responded at scene.
notes,incident at 154 park rd. officer responded at scene.
notes,incident at 1540 washington ave. officer responded at scene.
notes,incident at 1541 elm blvd. officer responded at scene.
notes,incident at 1542 park rd. officer responded at scene.
notes,incident at 1544 river rd. officer responded at scene.
notes,incident at 1546 elm blvd. officer responded at scene.
notes,incident at 1550 cedar lane. officer responded at scene.
notes,incident at 1550 sunset blvd. officer responded at scene.
notes,incident at 1551 river rd. officer responded at scene.
notes,incident at 1552 oak ave. officer responded at scene.
notes,incident at 1555 cedar lane. officer responded at scene.
notes,incident at 1557 main st. officer responded at scene.
notes,incident at 1558 park rd. officer responded at scene.
notes,incident at 1559 oak ave. officer responded at scene.
notes,incident at 156 maple dr. officer responded at scene.
notes,incident at 1565 elm blvd. officer responded at scene.
notes,incident at 1572 cedar lane. officer responded at scene.
notes,incident at 1572 sunset blvd. officer responded at scene.
notes,incident at 1578 lincoln st. officer responded at scene.
notes,incident at 1580 elm blvd. officer responded at scene.
notes,incident at 1580 park rd. officer responded at scene.
notes,incident at 1581 sunset blvd. officer responded at scene.
notes,incident at 1583 cedar lane. officer responded at scene.
notes,incident at 1586 river rd. officer responded at scene.
notes,incident at 1586 washington ave. officer responded at scene.
notes,incident at 1587 river rd. officer responded at scene.
notes,incident at 1588 washington ave. officer responded at scene.
notes,incident at 1592 oak ave. officer responded at scene.
notes,incident at 1601 washington ave. officer responded at scene.
notes,incident at 1603 sunset blvd. officer responded at scene.
notes,incident at 1605 river rd. officer responded at scene.
notes,incident at 1607 cedar lane. officer responded at scene.
notes,incident at 1608 park rd. officer responded at scene.
notes,incident at 1610 river rd. officer responded at scene.
notes,incident at 1610 sunset blvd. officer responded at scene.
notes,incident at 1611 cedar lane. officer responded at scene.
notes,incident at 1614 maple dr. officer responded at scene.
notes,incident at 1616 park rd. officer responded at scene.
notes,incident at 1618 oak ave. officer responded at scene.
notes,incident at 1620 cedar lane. officer responded at scene.
notes,incident at 1625 main st. officer responded at scene.
notes,incident at 1625 maple dr. officer responded at scene.
notes,incident at 1626 oak ave. officer responded at scene.
notes,incident at 1627 lincoln st. officer responded at scene.
notes,incident at 1628 cedar lane. officer responded at scene.
notes,incident at 1633 park rd. officer responded at scene.
notes,incident at 1634 main st. officer responded at scene.
notes,incident at 1637 cedar lane. officer responded at scene.
notes,incident at 1639 oak ave. officer responded at scene.
notes,incident at 1646 oak ave. officer responded at scene.
notes,incident at 1653 elm blvd. officer responded at scene.
notes,incident at 1655 oak ave. officer responded at scene.
notes,incident at 1656 maple dr. officer responded at scene.
notes,incident at 1656 park rd. officer responded at scene.
notes,incident at 1657 washington ave. officer responded at scene.
notes,incident at 1664 oak ave. officer responded at scene.
notes,incident at 1666 oak ave. officer responded at scene.
notes,incident at 1667 lincoln st. officer responded at scene.
notes,incident at 1669 oak ave. officer responded at scene.
notes,incident at 1669 sunset blvd. officer responded at scene.
notes,incident at 1675 elm blvd. officer responded at scene.
notes,incident at 1678 park rd. officer responded at scene.
notes,incident at 1687 cedar lane. officer responded at scene.
notes,incident at 1692 maple dr. officer responded at scene.
notes,incident at 1694 maple dr. officer responded at scene.
notes,incident at 1696 oak ave. officer responded at scene.
notes,incident at 17 lincoln st. officer responded at scene.
notes,incident at 170 maple dr. officer responded at scene.
notes,incident at 1704 park rd. officer responded at scene.
notes,incident at 1707 cedar lane. officer responded at scene.
notes,incident at 171 elm blvd. officer responded at scene.
notes,incident at 1712 maple dr. officer responded at scene.
notes,incident at 1713 elm blvd. officer responded at scene.
notes,incident at 1714 cedar lane. officer responded at scene.
notes,incident at 1717 maple dr. officer responded at scene.
notes,incident at 1717 washington ave. officer responded at scene.
notes,incident at 1719 park rd. officer responded at scene.
notes,incident at 1720 lincoln st. officer responded at scene.
notes,incident at 1722 washington ave. officer responded at scene.
notes,incident at 1723 oak ave. officer responded at scene.
notes,incident at 1724 lincoln st. officer responded at scene.
notes,incident at 1724 main st. officer responded at scene.
notes,incident at 1727 cedar lane. officer responded at scene.
notes,incident at 1729 lincoln st. officer responded at scene.
notes,incident at 173 cedar lane. officer responded at scene.
notes,incident at 1730 cedar lane. officer responded at scene.
notes,incident at 1730 lincoln st. officer responded at scene.
notes,incident at 1743 elm blvd. officer responded at scene.
notes,incident at 1746 elm blvd. officer responded at scene.
notes,incident at 1746 park rd. officer responded at scene.
notes,incident at 1756 park rd. officer responded at scene.
notes,incident at 1758 elm blvd. officer responded at scene.
notes,incident at 1758 maple dr. officer responded at scene.
notes,incident at 1758 oak ave. officer responded at scene.
notes,incident at 176 lincoln st. officer responded at scene.
notes,incident at 1760 maple dr. officer responded at scene.
notes,incident at 1762 maple dr. officer responded at scene.
notes,incident at 1768 main st. officer responded at scene.
notes,incident at 1769 park rd. officer responded at scene.
notes,incident at 1772 lincoln st. officer responded at scene.
notes,incident at 1772 sunset blvd. officer responded at scene.
notes,incident at 1775 park rd. officer responded at scene.
notes,incident at 1777 lincoln st. officer responded at scene.
notes,incident at 1779 river rd. officer responded at scene.
notes,incident at 1781 maple dr. officer responded at scene.
notes,incident at 1782 cedar lane. officer responded at scene.
notes,incident at 1782 lincoln st. officer responded at scene.
notes,incident at 1788 washington ave. officer responded at scene.
notes,incident at 179 cedar lane. officer responded at scene.
notes,incident at 1790 sunset blvd. officer responded at scene.
notes,incident at 1791 main st. officer responded at scene.
notes,incident at 1793 sunset blvd. officer responded at scene.
notes,incident at 1794 oak ave. officer responded at scene.
notes,incident at 1794 river rd. officer responded at scene.
notes,incident at 1795 maple dr. officer responded at scene.
notes,incident at 1798 elm blvd. officer responded at scene.
notes,incident at 1799 river rd. officer responded at scene.
notes,incident at 1801 oak ave. officer responded at scene.
notes,incident at 1801 park rd. officer responded at scene.
notes,incident at 1801 washington ave. officer responded at scene.
notes,incident at 1804 river rd. officer responded at scene.
notes,incident at 1805 cedar lane. officer responded at scene.
notes,incident at 1807 river rd. officer responded at scene.
notes,incident at 1808 oak ave. officer responded at scene.
notes,incident at 1814 lincoln st. officer responded at scene.
notes,incident at 1815 oak ave. officer responded at scene.
notes,incident at 1816 washington ave. officer responded at scene.
notes,incident at 1818 river rd. officer responded at scene.
notes,incident at 182 oak ave. officer responded at scene.
notes,incident at 1821 main st. officer responded at scene.
notes,incident at 1821 oak ave. officer responded at scene.
notes,incident at 1822 river rd. officer responded at scene.
notes,incident at 1824 cedar lane. officer responded at scene.
notes,incident at 1825 washington ave. officer responded at scene.
notes,incident at 1826 cedar lane. officer responded at scene.
notes,incident at 1830 park rd. officer responded at scene.
notes,incident at 1831 park rd. officer responded at scene.
notes,incident at 1843 river rd. officer responded at scene.
notes,incident at 1850 cedar lane. officer responded at scene.
notes,incident at 1856 lincoln st. officer responded at scene.
notes,incident at 1857 oak ave. officer responded at scene.
notes,incident at 1857 sunset blvd. officer responded at scene.
notes,incident at 1858 maple dr. officer responded at scene.
notes,incident at 1859 elm blvd. officer responded at scene.
notes,incident at 1863 washington ave. officer responded at scene.
notes,incident at 1867 cedar lane. officer responded at scene.
notes,incident at 1869 cedar lane. officer responded at scene.
notes,incident at 187 sunset blvd. officer responded at scene.
notes,incident at 1875 main st. officer responded at scene.
notes,incident at 1875 washington ave. officer responded at scene.
notes,incident at 1876 cedar lane. officer responded at scene.
notes,incident at 1876 lincoln st. officer responded at scene.
notes,incident at 1876 oak ave. officer responded at scene.
notes,incident at 1877 main st. officer responded at scene.
notes,incident at 1878 elm blvd. officer responded at scene.
notes,incident at 1878 river rd. officer responded at scene.
notes,incident at 1879 main st. officer responded at scene.
notes,incident at 1880 main st. officer responded at scene.
notes,incident at 1880 oak ave. officer responded at scene.
notes,incident at 1884 sunset blvd. officer responded at scene.
notes,incident at 1887 maple dr. officer responded at scene.
notes,incident at 1889 lincoln st. officer responded at scene.
notes,incident at 1889 river rd. officer responded at scene.
notes,incident at 1898 oak ave. officer responded at scene.
notes,incident at 19 cedar lane. officer responded at scene.
notes,incident at 1905 cedar lane. officer responded at scene.
notes,incident at 1906 oak ave. officer responded at scene.
notes,incident at 1907 park rd. officer responded at scene.
notes,incident at 1908 elm blvd. officer responded at scene.
notes,incident at 1908 oak ave. officer responded at scene.
notes,incident at 1909 oak ave. officer responded at scene.
notes,incident at 191 main st. officer responded at scene.
notes,incident at 1916 sunset blvd. officer responded at scene.
notes,incident at 1919 cedar lane. officer responded at scene.
notes,incident at 1922 elm blvd. officer responded at scene.
notes,incident at 1924 main st. officer responded at scene.
notes,incident at 1925 sunset blvd. officer responded at scene.
notes,incident at 1926 washington ave. officer responded at scene.
notes,incident at 1928 cedar lane. officer responded at scene.
notes,incident at 1928 main st. officer responded at scene.
notes,incident at 1928 river rd. officer responded at scene.
notes,incident at 193 lincoln st. officer responded at scene.
notes,incident at 1930 cedar lane. officer responded at scene.
notes,incident at 1931 washington ave. officer responded at scene.
notes,incident at 1932 river rd. officer responded at scene.
notes,incident at 1933 sunset blvd. officer responded at scene.
notes,incident at 1938 main st. officer responded at scene.
notes,incident at 1939 maple dr. officer responded at scene.
notes,incident at 1943 main st. officer responded at scene.
notes,incident at 1945 oak ave. officer responded at scene.
notes,incident at 1947 cedar lane. officer responded at scene.
notes,incident at 1948 cedar lane. officer responded at scene.
notes,incident at 1950 sunset blvd. officer responded at scene.
notes,incident at 1952 river rd. officer responded at scene.
notes,incident at 1955 oak ave. officer responded at scene.
notes,incident at 1955 park rd. officer responded at scene.
notes,incident at 1956 cedar lane. officer responded at scene.
notes,incident at 1956 elm blvd. officer responded at scene.
notes,incident at 1957 main st. officer responded at scene.
notes,incident at 1964 oak ave. officer responded at scene.
notes,incident at 1965 washington ave. officer responded at scene.
notes,incident at 1966 oak ave. officer responded at scene.
notes,incident at 1966 park rd. officer responded at scene.
notes,incident at 1967 river rd. officer responded at scene.
notes,incident at 1968 elm blvd. officer responded at scene.
notes,incident at 1971 oak ave. officer responded at scene.
notes,incident at 1971 sunset blvd. officer responded at scene.
notes,incident at 1978 oak ave. officer responded at scene.
notes,incident at 198 elm blvd. officer responded at scene.
notes,incident at 198 sunset blvd. officer responded at scene.
notes,incident at 1980 sunset blvd. officer responded at scene.
notes,incident at 1984 river rd. officer responded at scene.
notes,incident at 199 elm blvd. officer responded at scene.
notes,incident at 199 main st. officer responded at scene.
notes,incident at 1991 main st. officer responded at scene.
notes,incident at 1997 oak ave. officer responded at scene.
notes,incident at 1998 cedar lane. officer responded at scene.
notes,incident at 1998 oak ave. officer responded at scene.
notes,incident at 1999 washington ave. officer responded at scene.
notes,incident at 2 cedar lane. officer responded at scene.
notes,incident at 20 sunset blvd. officer responded at scene.
notes,incident at 2002 sunset blvd. officer responded at scene.
notes,incident at 2003 main st. officer responded at scene.
notes,incident at 2003 washington ave. officer responded at scene.
notes,incident at 2008 oak ave. officer responded at scene.
notes,incident at 2009 washington ave. officer responded at scene.
notes,incident at 201 elm blvd. officer responded at scene.
notes,incident at 2012 sunset blvd. officer responded at scene.
notes,incident at 2013 cedar lane. officer responded at scene.
notes,incident at 2014 park rd. officer responded at scene.
notes,incident at 2017 lincoln st. officer responded at scene.
notes,incident at 2019 sunset blvd. officer responded at scene.
notes,incident at 2020 park rd. officer responded at scene.
notes,incident at 2022 lincoln st. officer responded at scene.
notes,incident at 2023 cedar lane. officer responded at scene.
notes,incident at 2026 maple dr. officer responded at scene.
notes,incident at 2030 lincoln st. officer responded at scene.
notes,incident at 2034 washington ave. officer responded at scene.
notes,incident at 2037 maple dr. officer responded at scene.
notes,incident at 2049 elm blvd. officer responded at scene.
notes,incident at 205 elm blvd. officer responded at scene.
notes,incident at 2053 oak ave. officer responded at scene.
notes,incident at 2059 lincoln st. officer responded at scene.
notes,incident at 2059 washington ave. officer responded at scene.
notes,incident at 2061 oak ave. officer responded at scene.
notes,incident at 2062 washington ave. officer responded at scene.
notes,incident at 2071 lincoln st. officer responded at scene.
notes,incident at 2074 cedar lane. officer responded at scene.
notes,incident at 2074 oak ave. officer responded at scene.
notes,incident at 2079 washington ave. officer responded at scene.
notes,incident at 2082 cedar lane. officer responded at scene.
notes,incident at 2086 lincoln st. officer responded at scene.
notes,incident at 2090 elm blvd. officer responded at scene.
notes,incident at 2091 river rd. officer responded at scene.
notes,incident at 2091 washington ave. officer responded at scene.
notes,incident at 2096 oak ave. officer responded at scene.
notes,incident at 2099 elm blvd. officer responded at scene.
notes,incident at 2099 sunset blvd. officer responded at scene.
notes,incident at 2101 cedar lane. officer responded at scene.
notes,incident at 2107 park rd. officer responded at scene.
notes,incident at 2110 main st. officer responded at scene.
notes,incident at 2111 lincoln st. officer responded at scene.
notes,incident at 2113 oak ave. officer responded at scene.
notes,incident at 2113 washington ave. officer responded at scene.
notes,incident at 2114 sunset blvd. officer responded at scene.
notes,incident at 2116 river rd. officer responded at scene.
notes,incident at 2119 cedar lane. officer responded at scene.
notes,incident at 2119 oak ave. officer responded at scene.
notes,incident at 2122 elm blvd. officer responded at scene.
notes,incident at 2125 river rd. officer responded at scene.
notes,incident at 2127 river rd. officer responded at scene.
notes,incident at 213 park rd. officer responded at scene.
notes,incident at 2131 lincoln st. officer responded at scene.
notes,incident at 2132 elm blvd. officer responded at scene.
notes,incident at 2132 oak ave. officer responded at scene.
notes,incident at 2135 elm blvd. officer responded at scene.
notes,incident at 2139 oak ave. officer responded at scene.
notes,incident at 2140 river rd. officer responded at scene.
notes,incident at 2144 sunset blvd. officer responded at scene.
notes,incident at 2145 main st. officer responded at scene.
notes,incident at 2146 maple dr. officer responded at scene.
notes,incident at 2149 main st. officer responded at scene.
notes,incident at 2151 washington ave. officer responded at scene.
notes,incident at 2152 oak ave. officer responded at scene.
notes,incident at 2152 park rd. officer responded at scene.
notes,incident at 2153 elm blvd. officer responded at scene.
notes,incident at 2153 river rd. officer responded at scene.
notes,incident at 2154 main st. officer responded at scene.
notes,incident at 2154 oak ave. officer responded at scene.
notes,incident at 2155 main st. officer responded at scene.
notes,incident at 2156 park rd. officer responded at scene.
notes,incident at 2157 cedar lane. officer responded at scene.
notes,incident at 2164 lincoln st. officer responded at scene.
notes,incident at 2165 park rd. officer responded at scene.
notes,incident at 2167 sunset blvd. officer responded at scene.
notes,incident at 2170 cedar lane. officer responded at scene.
notes,incident at 2181 elm blvd. officer responded at scene.
notes,incident at 2181 washington ave. officer responded at scene.
notes,incident at 2184 cedar lane. officer responded at scene.
notes,incident at 2189 main st. officer responded at scene.
notes,incident at 2189 maple dr. officer responded at scene.
notes,incident at 219 elm blvd. officer responded at scene.
notes,incident at 2190 elm blvd. officer responded at scene.
notes,incident at 2190 river rd. officer responded at scene.
notes,incident at 2199 park rd. officer responded at scene.
notes,incident at 2202 elm blvd. officer responded at scene.
notes,incident at 2202 maple dr. officer responded at scene.
notes,incident at 2206 main st. officer responded at scene.
notes,incident at 2214 washington ave. officer responded at scene.
notes,incident at 2220 sunset blvd. officer responded at scene.
notes,incident at 2223 maple dr. officer responded at scene.
notes,incident at 2223 river rd. officer responded at scene.
notes,incident at 2230 park rd. officer responded at scene.
notes,incident at 2231 main st. officer responded at scene.
notes,incident at 2234 maple dr. officer responded at scene.
notes,incident at 2235 cedar lane. officer responded at scene.
notes,incident at 2239 cedar lane. officer responded at scene.
notes,incident at 2240 main st. officer responded at scene.
notes,incident at 2242 sunset blvd. officer responded at scene.
notes,incident at 2244 cedar lane. officer responded at scene.
notes,incident at 2244 river rd. officer responded at scene.
notes,incident at 2247 cedar lane. officer responded at scene.
notes,incident at 2249 river rd. officer responded at scene.
notes,incident at 2249 washington ave. officer responded at scene.
notes,incident at 2251 washington ave. officer responded at scene.
notes,incident at 2254 elm blvd. officer responded at scene.
notes,incident at 2256 oak ave. officer responded at scene.
notes,incident at 226 cedar lane. officer responded at scene.
notes,incident at 2263 maple dr. officer responded at scene.
notes,incident at 2264 elm blvd. officer responded at scene.
notes,incident at 2265 maple dr. officer responded at scene.
notes,incident at 2268 river rd. officer responded at scene.
notes,incident at 227 elm blvd. officer responded at scene.
notes,incident at 2270 river rd. officer responded at scene.
notes,incident at 2275 elm blvd. officer responded at scene.
notes,incident at 2277 lincoln st. officer responded at scene.
notes,incident at 2279 elm blvd. officer responded at scene.
notes,incident at 2281 washington ave. officer responded at scene.
notes,incident at 2286 lincoln st. officer responded at scene.
notes,incident at 2286 river rd. officer responded at scene.
notes,incident at 2293 main st. officer responded at scene.
notes,incident at 2302 oak ave. officer responded at scene.
notes,incident at 2307 main st. officer responded at scene.
notes,incident at 2309 lincoln st. officer responded at scene.
notes,incident at 2309 oak ave. officer responded at scene.
notes,incident at 2309 park rd. officer responded at scene.
notes,incident at 2310 cedar lane. officer responded at scene.
notes,incident at 2310 elm blvd. officer responded at scene.
notes,incident at 2310 oak ave. officer responded at scene.
notes,incident at 2315 maple dr. officer responded at scene.
notes,incident at 2319 river rd. officer responded at scene.
notes,incident at 2320 washington ave. officer responded at scene.
notes,incident at 2328 oak ave. officer responded at scene.
notes,incident at 233 cedar lane. officer responded at scene.
notes,incident at 2331 river rd. officer responded at scene.
notes,incident at 2332 main st. officer responded at scene.
notes,incident at 2334 oak ave. officer responded at scene.
notes,incident at 2335 main st. officer responded at scene.
notes,incident at 2336 river rd. officer responded at scene.
notes,incident at 2338 lincoln st. officer responded at scene.
notes,incident at 234 elm blvd. officer responded at scene.
notes,incident at 2343 elm blvd. officer responded at scene.
notes,incident at 235 park rd. officer responded at scene.
notes,incident at 2351 cedar lane. officer responded at scene.
notes,incident at 2354 lincoln st. officer responded at scene.
notes,incident at 2354 park rd. officer responded at scene.
notes,incident at 2356 river rd. officer responded at scene.
notes,incident at 2359 lincoln st. officer responded at scene.
notes,incident at 2359 park rd. officer responded at scene.
notes,incident at 2360 sunset blvd. officer responded at scene.
notes,incident at 2361 park rd. officer responded at scene.
notes,incident at 2366 park rd. officer responded at scene.
notes,incident at 2368 cedar lane. officer responded at scene.
notes,incident at 237 maple dr. officer responded at scene.
notes,incident at 237 sunset blvd. officer responded at scene.
notes,incident at 2370 elm blvd. officer responded at scene.
notes,incident at 2372 river rd. officer responded at scene.
notes,incident at 2373 washington ave. officer responded at scene.
notes,incident at 2376 sunset blvd. officer responded at scene.
notes,incident at 2378 oak ave. officer responded at scene.
notes,incident at 2380 maple dr. officer responded at scene.
notes,incident at 2384 maple dr. officer responded at scene.
notes,incident at 2386 lincoln st. officer responded at scene.
notes,incident at 2388 lincoln st. officer responded at scene.
notes,incident at 239 washington ave. officer responded at scene.
notes,incident at 2390 elm blvd. officer responded at scene.
notes,incident at 2392 cedar lane. officer responded at scene.
notes,incident at 2394 river rd. officer responded at scene.
notes,incident at 2397 elm blvd. officer responded at scene.
notes,incident at 2398 elm blvd. officer responded at scene.
notes,incident at 2399 washington ave. officer responded at scene.
notes,incident at 240 river rd. officer responded at scene.
notes,incident at 2400 elm blvd. officer responded at scene.
notes,incident at 2415 oak ave. officer responded at scene.
notes,incident at 2417 lincoln st. officer responded at scene.
notes,incident at 2417 oak ave. officer responded at scene.
notes,incident at 2417 sunset blvd. officer responded at scene.
notes,incident at 2417 washington ave. officer responded at scene.
notes,incident at 2422 maple dr. officer responded at scene.
notes,incident at 2422 washington ave. officer responded at scene.
notes,incident at 2424 elm blvd. officer responded at scene.
notes,incident at 2429 river rd. officer responded at scene.
notes,incident at 2432 river rd. officer responded at scene.
notes,incident at 2434 maple dr. officer responded at scene.
notes,incident at 2436 elm blvd. officer responded at scene.
notes,incident at 2438 washington ave. officer responded at scene.
notes,incident at 2439 washington ave. officer responded at scene.
notes,incident at 244 maple dr. officer responded at scene.
notes,incident at 2441 park rd. officer responded at scene.
notes,incident at 2442 main st. officer responded at scene.
notes,incident at 2444 lincoln st. officer responded at scene.
notes,incident at 2444 sunset blvd. officer responded at scene.
notes,incident at 2445 cedar lane. officer responded at scene.
notes,incident at 2449 main st. officer responded at scene.
notes,incident at 2449 washington ave. officer responded at scene.
notes,incident at 2450 cedar lane. officer responded at scene.
notes,incident at 2456 maple dr. officer responded at scene.
notes,incident at 2459 lincoln st. officer responded at scene.
notes,incident at 2462 maple dr. officer responded at scene.
notes,incident at 2465 cedar lane. officer responded at scene.
notes,incident at 2465 sunset blvd. officer responded at scene.
notes,incident at 2480 maple dr. officer responded at scene.
notes,incident at 2480 river rd. officer responded at scene.
notes,incident at 2482 river rd. officer responded at scene.
notes,incident at 2486 cedar lane. officer responded at scene.
notes,incident at 2486 river rd. officer responded at scene.
notes,incident at 2495 lincoln st. officer responded at scene.
notes,incident at 25 oak ave. officer responded at scene.
notes,incident at 2502 washington ave. officer responded at scene.
notes,incident at 2512 park rd. officer responded at scene.
notes,incident at 2514 maple dr. officer responded at scene.
notes,incident at 2516 river rd. officer responded at scene.
notes,incident at 2523 lincoln st. officer responded at scene.
notes,incident at 2523 maple dr. officer responded at scene.
notes,incident at 2527 lincoln st. officer responded at scene.
notes,incident at 2530 cedar lane. officer responded at scene.
notes,incident at 2532 oak ave. officer responded at scene.
notes,incident at 2533 cedar lane. officer responded at scene.
notes,incident at 2534 washington ave. officer responded at scene.
notes,incident at 2541 cedar lane. officer responded at scene.
notes,incident at 2542 lincoln st. officer responded at scene.
notes,incident at 2549 elm blvd. officer responded at scene.
notes,incident at 255 main st. officer responded at scene.
notes,incident at 2551 park rd. officer responded at scene.
notes,incident at 2551 washington ave. officer responded at scene.
notes,incident at 2553 elm blvd. officer responded at scene.
notes,incident at 2554 oak ave. officer responded at scene.
notes,incident at 256 cedar lane. officer responded at scene.
notes,incident at 256 lincoln st. officer responded at scene.
notes,incident at 256 oak ave. officer responded at scene.
notes,incident at 2561 park rd. officer responded at scene.
notes,incident at 2563 cedar lane. officer responded at scene.
notes,incident at 2565 river rd. officer responded at scene.
notes,incident at 2566 washington ave. officer responded at scene.
notes,incident at 2567 lincoln st. officer responded at scene.
notes,incident at 257 lincoln st. officer responded at scene.
notes,incident at 2588 river rd. officer responded at scene.
notes,incident at 259 maple dr. officer responded at scene.
notes,incident at 2591 oak ave. officer responded at scene.
notes,incident at 2594 lincoln st. officer responded at scene.
notes,incident at 2597 cedar lane. officer responded at scene.
notes,incident at 2597 main st. officer responded at scene.
notes,incident at 2599 park rd. officer responded at scene.
notes,incident at 2603 sunset blvd. officer responded at scene.
notes,incident at 2609 river rd. officer responded at scene.
notes,incident at 2615 maple dr. officer responded at scene.
notes,incident at 2622 river rd. officer responded at scene.
notes,incident at 2624 lincoln st. officer responded at scene.
notes,incident at 2629 park rd. officer responded at scene.
notes,incident at 263 lincoln st. officer responded at scene.
notes,incident at 263 maple dr. officer responded at scene.
notes,incident at 2632 main st. officer responded at scene.
notes,incident at 2634 elm blvd. officer responded at scene.
notes,incident at 2634 washington ave. officer responded at scene.
notes,incident at 2636 washington ave. officer responded at scene.
notes,incident at 2640 elm blvd. officer responded at scene.
notes,incident at 2647 lincoln st. officer responded at scene.
notes,incident at 2654 river rd. officer responded at scene.
notes,incident at 2656 park rd. officer responded at scene.
notes,incident at 2660 oak ave. officer responded at scene.
notes,incident at 2661 park rd. officer responded at scene.
notes,incident at 2662 park rd. officer responded at scene.
notes,incident at 2665 washington ave. officer responded at scene.
notes,incident at 2666 main st. officer responded at scene.
notes,incident at 2669 park rd. officer responded at scene.
notes,incident at 2670 main st. officer responded at scene.
notes,incident at 2675 river rd. officer responded at scene.
notes,incident at 2676 oak ave. officer responded at scene.
notes,incident at 2677 oak ave. officer responded at scene.
notes,incident at 2677 river rd. officer responded at scene.
notes,incident at 268 main st. officer responded at scene.
notes,incident at 2681 washington ave. officer responded at scene.
notes,incident at 2685 oak ave. officer responded at scene.
notes,incident at 2687 main st. officer responded at scene.
notes,incident at 2689 sunset blvd. officer responded at scene.
notes,incident at 2690 washington ave. officer responded at scene.
notes,incident at 2691 cedar lane. officer responded at scene.
notes,incident at 2692 lincoln st. officer responded at scene.
notes,incident at 2695 elm blvd. officer responded at scene.
notes,incident at 2695 lincoln st. officer responded at scene.
notes,incident at 2702 cedar lane. officer responded at scene.
notes,incident at 2703 park rd. officer responded at scene.
notes,incident at 2704 lincoln st. officer responded at scene.
notes,incident at 2704 park rd. officer responded at scene.
notes,incident at 2704 washington ave. officer responded at scene.
notes,incident at 2709 oak ave. officer responded at scene.
notes,incident at 2709 sunset blvd. officer responded at scene.
notes,incident at 2714 lincoln st. officer responded at scene.
notes,incident at 2720 park rd. officer responded at scene.
notes,incident at 2722 oak ave. officer responded at scene.
notes,incident at 2728 river rd. officer responded at scene.
notes,incident at 273 maple dr. officer responded at scene.
notes,incident at 2732 park rd. officer responded at scene.
notes,incident at 2737 river rd. officer responded at scene.
notes,incident at 274 lincoln st. officer responded at scene.
notes,incident at 2741 main st. officer responded at scene.
notes,incident at 2742 maple dr. officer responded at scene.
notes,incident at 2746 sunset blvd. officer responded at scene.
notes,incident at 2751 sunset blvd. officer responded at scene.
notes,incident at 2752 park rd. officer responded at scene.
notes,incident at 2765 maple dr. officer responded at scene.
notes,incident at 2765 river rd. officer responded at scene.
notes,incident at 2767 lincoln st. officer responded at scene.
notes,incident at 2767 river rd. officer responded at scene.
notes,incident at 2768 elm blvd. officer responded at scene.
notes,incident at 2770 sunset blvd. officer responded at scene.
notes,incident at 2771 elm blvd. officer responded at scene.
notes,incident at 2775 maple dr. officer responded at scene.
notes,incident at 2776 park rd. officer responded at scene.
notes,incident at 2776 washington ave. officer responded at scene.
notes,incident at 2777 elm blvd. officer responded at scene.
notes,incident at 2778 elm blvd. officer responded at scene.
notes,incident at 2779 oak ave. officer responded at scene.
notes,incident at 2785 lincoln st. officer responded at scene.
notes,incident at 2787 oak ave. officer responded at scene.
notes,incident at 2788 park rd. officer responded at scene.
notes,incident at 2788 washington ave. officer responded at scene.
notes,incident at 2789 washington ave. officer responded at scene.
notes,incident at 279 washington ave. officer responded at scene.
notes,incident at 2795 cedar lane. officer responded at scene.
notes,incident at 2795 main st. officer responded at scene.
notes,incident at 2795 maple dr. officer responded at scene.
notes,incident at 2797 cedar lane. officer responded at scene.
notes,incident at 2798 maple dr. officer responded at scene.
notes,incident at 2799 washington ave. officer responded at scene.
notes,incident at 28 park rd. officer responded at scene.
notes,incident at 2804 park rd. officer responded at scene.
notes,incident at 2809 elm blvd. officer responded at scene.
notes,incident at 2809 oak ave. officer responded at scene.
notes,incident at 2810 lincoln st. officer responded at scene.
notes,incident at 2815 washington ave. officer responded at scene.
notes,incident at 2816 maple dr. officer responded at scene.
notes,incident at 282 oak ave. officer responded at scene.
notes,incident at 2822 sunset blvd. officer responded at scene.
notes,incident at 2826 river rd. officer responded at scene.
notes,incident at 2830 cedar lane. officer responded at scene.
notes,incident at 2833 cedar lane. officer responded at scene.
notes,incident at 2833 oak ave. officer responded at scene.
notes,incident at 2835 lincoln st. officer responded at scene.
notes,incident at 2836 oak ave. officer responded at scene.
notes,incident at 2836 sunset blvd. officer responded at scene.
notes,incident at 2837 river rd. officer responded at scene.
notes,incident at 2845 maple dr. officer responded at scene.
notes,incident at 2846 elm blvd. officer responded at scene.
notes,incident at 2847 elm blvd. officer responded at scene.
notes,incident at 2848 lincoln st. officer responded at scene.
notes,incident at 2849 sunset blvd. officer responded at scene.
notes,incident at 285 maple dr. officer responded at scene.
notes,incident at 2854 river rd. officer responded at scene.
notes,incident at 2857 river rd. officer responded at scene.
notes,incident at 2858 park rd. officer responded at scene.
notes,incident at 2859 sunset blvd. officer responded at scene.
notes,incident at 2860 lincoln st. officer responded at scene.
notes,incident at 2861 main st. officer responded at scene.
notes,incident at 2862 park rd. officer responded at scene.
notes,incident at 2864 cedar lane. officer responded at scene.
notes,incident at 2864 elm blvd. officer responded at scene.
notes,incident at 2867 washington ave. officer responded at scene.
notes,incident at 2874 lincoln st. officer responded at scene.
notes,incident at 2876 main st. officer responded at scene.
notes,incident at 2876 river rd. officer responded at scene.
notes,incident at 2878 park rd. officer responded at scene.
notes,incident at 2880 washington ave. officer responded at scene.
notes,incident at 2881 oak ave. officer responded at scene.
notes,incident at 2883 cedar lane. officer responded at scene.
notes,incident at 2885 oak ave. officer responded at scene.
notes,incident at 2886 elm blvd. officer responded at scene.
notes,incident at 2888 sunset blvd. officer responded at scene.
notes,incident at 2892 lincoln st. officer responded at scene.
notes,incident at 2893 cedar lane. officer responded at scene.
notes,incident at 2893 park rd. officer responded at scene.
notes,incident at 2894 maple dr. officer responded at scene.
notes,incident at 29 lincoln st. officer responded at scene.
notes,incident at 290 lincoln st. officer responded at scene.
notes,incident at 2903 river rd. officer responded at scene.
notes,incident at 2904 park rd. officer responded at scene.
notes,incident at 2906 lincoln st. officer responded at scene.
notes,incident at 2907 oak ave. officer responded at scene.
notes,incident at 2913 sunset blvd. officer responded at scene.
notes,incident at 2914 river rd. officer responded at scene.
notes,incident at 2922 park rd. officer responded at scene.
notes,incident at 2924 sunset blvd. officer responded at scene.
notes,incident at 2925 washington ave. officer responded at scene.
notes,incident at 2926 park rd. officer responded at scene.
notes,incident at 2927 maple dr. officer responded at scene.
notes,incident at 2927 oak ave. officer responded at scene.
notes,incident at 2929 main st. officer responded at scene.
notes,incident at 293 oak ave. officer responded at scene.
notes,incident at 2931 cedar lane. officer responded at scene.
notes,incident at 2935 lincoln st. officer responded at scene.
notes,incident at 2935 park rd. officer responded at scene.
notes,incident at 2941 washington ave. officer responded at scene.
notes,incident at 2945 park rd. officer responded at scene.
notes,incident at 2947 washington ave. officer responded at scene.
notes,incident at 2949 main st. officer responded at scene.
notes,incident at 2956 maple dr. officer responded at scene.
notes,incident at 2957 washington ave. officer responded at scene.
notes,incident at 2963 washington ave. officer responded at scene.
notes,incident at 2965 cedar lane. officer responded at scene.
notes,incident at 2965 lincoln st. officer responded at scene.
notes,incident at 2965 washington ave. officer responded at scene.
notes,incident at 2971 sunset blvd. officer responded at scene.
notes,incident at 2977 elm blvd. officer responded at scene.
notes,incident at 298 river rd. officer responded at scene.
notes,incident at 2980 park rd. officer responded at scene.
notes,incident at 2983 oak ave. officer responded at scene.
notes,incident at 2986 main st. officer responded at scene.
notes,incident at 2987 park rd. officer responded at scene.
notes,incident at 2988 cedar lane. officer responded at scene.
notes,incident at 2990 washington ave. officer responded at scene.
notes,incident at 2991 main st. officer responded at scene.
notes,incident at 2991 maple dr. officer responded at scene.
notes,incident at 2992 washington ave. officer responded at scene.
notes,incident at 2994 maple dr. officer responded at scene.
notes,incident at 2994 park rd. officer responded at scene.
notes,incident at 2996 main st. officer responded at scene.
notes,incident at 2997 washington ave. officer responded at scene.
notes,incident at 3000 maple dr. officer responded at scene.
notes,incident at 3001 main st. officer responded at scene.
notes,incident at 3002 river rd. officer responded at scene.
notes,incident at 3004 cedar lane. officer responded at scene.
notes,incident at 3007 maple dr. officer responded at scene.
notes,incident at 3007 park rd. officer responded at scene.
notes,incident at 3009 sunset blvd. officer responded at scene.
notes,incident at 3010 maple dr. officer responded at scene.
notes,incident at 3011 maple dr. officer responded at scene.
notes,incident at 3012 river rd. officer responded at scene.
notes,incident at 3017 river rd. officer responded at scene.
notes,incident at 3019 main st. officer responded at scene.
notes,incident at 3021 maple dr. officer responded at scene.
notes,incident at 3025 washington ave. officer responded at scene.
notes,incident at 3029 maple dr. officer responded at scene.
notes,incident at 303 elm blvd. officer responded at scene.
notes,incident at 3031 park rd. officer responded at scene.
notes,incident at 3031 sunset blvd. officer responded at scene.
notes,incident at 3034 oak ave. officer responded at scene.
notes,incident at 3034 park rd. officer responded at scene.
notes,incident at 304 cedar lane. officer responded at scene.
notes,incident at 3045 oak ave. officer responded at scene.
notes,incident at 3045 park rd. officer responded at scene.
notes,incident at 3046 washington ave. officer responded at scene.
notes,incident at 305 main st. officer responded at scene.
notes,incident at 3058 elm blvd. officer responded at scene.
notes,incident at 3059 elm blvd. officer responded at scene.
notes,incident at 3064 main st. officer responded at scene.
notes,incident at 3065 park rd. officer responded at scene.
notes,incident at 3072 main st. officer responded at scene.
notes,incident at 3075 washington ave. officer responded at scene.
notes,incident at 3076 maple dr. officer responded at scene.
notes,incident at 3078 cedar lane. officer responded at scene.
notes,incident at 3084 elm blvd. officer responded at scene.
notes,incident at 3086 sunset blvd. officer responded at scene.
notes,incident at 3089 elm blvd. officer responded at scene.
notes,incident at 3091 sunset blvd. officer responded at scene.
notes,incident at 3099 cedar lane. officer responded at scene.
notes,incident at 3099 park rd. officer responded at scene.
notes,incident at 310 elm blvd. officer responded at scene.
notes,incident at 310 maple dr. officer responded at scene.
notes,incident at 3102 washington ave. officer responded at scene.
notes,incident at 3108 cedar lane. officer responded at scene.
notes,incident at 3108 washington ave. officer responded at scene.
notes,incident at 3109 river rd. officer responded at scene.
notes,incident at 3118 river rd. officer responded at scene.
notes,incident at 3125 maple dr. officer responded at scene.
notes,incident at 3128 oak ave. officer responded at scene.
notes,incident at 3129 park rd. officer responded at scene.
notes,incident at 3135 maple dr. officer responded at scene.
notes,incident at 3135 river rd. officer responded at scene.
notes,incident at 3136 elm blvd. officer responded at scene.
notes,incident at 3138 elm blvd. officer responded at scene.
notes,incident at 314 washington ave. officer responded at scene.
notes,incident at 3141 main st. officer responded at scene.
notes,incident at 3144 oak ave. officer responded at scene.
notes,incident at 3145 washington ave. officer responded at scene.
notes,incident at 3147 river rd. officer responded at scene.
notes,incident at 3154 elm blvd. officer responded at scene.
notes,incident at 3164 oak ave. officer responded at scene.
notes,incident at 3165 lincoln st. officer responded at scene.
notes,incident at 3171 washington ave. officer responded at scene.
notes,incident at 3172 oak ave. officer responded at scene.
notes,incident at 3172 washington ave. officer responded at scene.
notes,incident at 3175 river rd. officer responded at scene.
notes,incident at 3176 lincoln st. officer responded at scene.
notes,incident at 3178 washington ave. officer responded at scene.
notes,incident at 318 maple dr. officer responded at scene.
notes,incident at 3181 main st. officer responded at scene.
notes,incident at 3181 park rd. officer responded at scene.
notes,incident at 3182 maple dr. officer responded at scene.
notes,incident at 3185 maple dr. officer responded at scene.
notes,incident at 3187 washington ave. officer responded at scene.
notes,incident at 3188 maple dr. officer responded at scene.
notes,incident at 3188 park rd. officer responded at scene.
notes,incident at 3188 washington ave. officer responded at scene.
notes,incident at 3190 sunset blvd. officer responded at scene.
notes,incident at 3192 cedar lane. officer responded at scene.
notes,incident at 3195 main st. officer responded at scene.
notes,incident at 3197 maple dr. officer responded at scene.
notes,incident at 3197 park rd. officer responded at scene.
notes,incident at 3206 elm blvd. officer responded at scene.
notes,incident at 3209 sunset blvd. officer responded at scene.
notes,incident at 3213 cedar lane. officer responded at scene.
notes,incident at 3214 lincoln st. officer responded at scene.
notes,incident at 3215 oak ave. officer responded at scene.
notes,incident at 3217 cedar lane. officer responded at scene.
notes,incident at 3217 lincoln st. officer responded at scene.
notes,incident at 322 river rd. officer responded at scene.
notes,incident at 3221 cedar lane. officer responded at scene.
notes,incident at 3221 park rd. officer responded at scene.
notes,incident at 3223 oak ave. officer responded at scene.
notes,incident at 3224 maple dr. officer responded at scene.
notes,incident at 3226 cedar lane. officer responded at scene.
notes,incident at 3231 elm blvd. officer responded at scene.
notes,incident at 3232 maple dr. officer responded at scene.
notes,incident at 3236 cedar lane. officer responded at scene.
notes,incident at 3238 river rd. officer responded at scene.
notes,incident at 3242 washington ave. officer responded at scene.
notes,incident at 3244 main st. officer responded at scene.
notes,incident at 3244 river rd. officer responded at scene.
notes,incident at 3244 sunset blvd. officer responded at scene.
notes,incident at 3246 elm blvd. officer responded at scene.
notes,incident at 3248 oak ave. officer responded at scene.
notes,incident at 3249 washington ave. officer responded at scene.
notes,incident at 3252 river rd. officer responded at scene.
notes,incident at 3254 lincoln st. officer responded at scene.
notes,incident at 3254 washington ave. officer responded at scene.
notes,incident at 326 maple dr. officer responded at scene.
notes,incident at 3260 oak ave. officer responded at scene.
notes,incident at 3262 washington ave. officer responded at scene.
notes,incident at 3263 main st. officer responded at scene.
notes,incident at 3265 washington ave. officer responded at scene.
notes,incident at 3266 maple dr. officer responded at scene.
notes,incident at 327 cedar lane. officer responded at scene.
notes,incident at 3274 sunset blvd. officer responded at scene.
notes,incident at 3276 sunset blvd. officer responded at scene.
notes,incident at 3279 maple dr. officer responded at scene.
notes,incident at 328 washington ave. officer responded at scene.
notes,incident at 3281 maple dr. officer responded at scene.
notes,incident at 3281 washington ave. officer responded at scene.
notes,incident at 3282 river rd. officer responded at scene.
notes,incident at 3284 cedar lane. officer responded at scene.
notes,incident at 3288 maple dr. officer responded at scene.
notes,incident at 3289 washington ave. officer responded at scene.
notes,incident at 3290 elm blvd. officer responded at scene.
notes,incident at 3291 park rd. officer responded at scene.
notes,incident at 33 lincoln st. officer responded at scene.
notes,incident at 3301 cedar lane. officer responded at scene.
notes,incident at 3301 river rd. officer responded at scene.
notes,incident at 3310 cedar lane. officer responded at scene.
notes,incident at 3313 cedar lane. officer responded at scene.
notes,incident at 3315 elm blvd. officer responded at scene.
notes,incident at 3319 main st. officer responded at scene.
notes,incident at 3321 park rd. officer responded at scene.
notes,incident at 3323 lincoln st. officer responded at scene.
notes,incident at 3323 sunset blvd. officer responded at scene.
notes,incident at 3324 elm blvd. officer responded at scene.
notes,incident at 3325 sunset blvd. officer responded at scene.
notes,incident at 3326 maple dr. officer responded at scene.
notes,incident at 333 cedar lane. officer responded at scene.
notes,incident at 3336 elm blvd. officer responded at scene.
notes,incident at 3336 main st. officer responded at scene.
notes,incident at 3341 elm blvd. officer responded at scene.
notes,incident at 3346 elm blvd. officer responded at scene.
notes,incident at 335 washington ave. officer responded at scene.
notes,incident at 3351 cedar lane. officer responded at scene.
notes,incident at 3353 park rd. officer responded at scene.
notes,incident at 3354 elm blvd. officer responded at scene.
notes,incident at 3355 oak ave. officer responded at scene.
notes,incident at 3356 lincoln st. officer responded at scene.
notes,incident at 3357 main st. officer responded at scene.
notes,incident at 3359 river rd. officer responded at scene.
notes,incident at 3360 sunset blvd. officer responded at scene.
notes,incident at 3361 lincoln st. officer responded at scene.
notes,incident at 3361 sunset blvd. officer responded at scene.
notes,incident at 3362 washington ave. officer responded at scene.
notes,incident at 3367 washington ave. officer responded at scene.
notes,incident at 3375 park rd. officer responded at scene.
notes,incident at 3376 oak ave. officer responded at scene.
notes,incident at 338 park rd. officer responded at scene.
notes,incident at 3384 lincoln st. officer responded at scene.
notes,incident at 3384 park rd. officer responded at scene.
notes,incident at 3385 maple dr. officer responded at scene.
notes,incident at 3388 elm blvd. officer responded at scene.
notes,incident at 3388 lincoln st. officer responded at scene.
notes,incident at 3388 park rd. officer responded at scene.
notes,incident at 3389 maple dr. officer responded at scene.
notes,incident at 3393 elm blvd. officer responded at scene.
notes,incident at 3396 cedar lane. officer responded at scene.
notes,incident at 3397 sunset blvd. officer responded at scene.
notes,incident at 3398 elm blvd. officer responded at scene.
notes,incident at 34 lincoln st. officer responded at scene.
notes,incident at 3403 elm blvd. officer responded at scene.
notes,incident at 3403 river rd. officer responded at scene.
notes,incident at 3408 main st. officer responded at scene.
notes,incident at 3408 sunset blvd. officer responded at scene.
notes,incident at 3409 cedar lane. officer responded at scene.
notes,incident at 3409 main st. officer responded at scene.
notes,incident at 3417 lincoln st. officer responded at scene.
notes,incident at 3421 washington ave. officer responded at scene.
notes,incident at 3422 park rd. officer responded at scene.
notes,incident at 3423 cedar lane. officer responded at scene.
notes,incident at 3424 washington ave. officer responded at scene.
notes,incident at 3427 washington ave. officer responded at scene.
notes,incident at 3432 main st. officer responded at scene.
notes,incident at 3433 maple dr. officer responded at scene.
notes,incident at 3434 maple dr. officer responded at scene.
notes,incident at 3435 elm blvd. officer responded at scene.
notes,incident at 3438 river rd. officer responded at scene.
notes,incident at 3442 oak ave. officer responded at scene.
notes,incident at 3442 park rd. officer responded at scene.
notes,incident at 3444 sunset blvd. officer responded at scene.
notes,incident at 3447 cedar lane. officer responded at scene.
notes,incident at 3447 sunset blvd. officer responded at scene.
notes,incident at 3447 washington ave. officer responded at scene.
notes,incident at 345 sunset blvd. officer responded at scene.
notes,incident at 3453 main st. officer responded at scene.
notes,incident at 3454 maple dr. officer responded at scene.
notes,incident at 3454 park rd. officer responded at scene.
notes,incident at 3456 lincoln st. officer responded at scene.
notes,incident at 3457 lincoln st. officer responded at scene.
notes,incident at 3457 oak ave. officer responded at scene.
notes,incident at 3463 cedar lane. officer responded at scene.
notes,incident at 3465 river rd. officer responded at scene.
notes,incident at 3468 elm blvd. officer responded at scene.
notes,incident at 3471 park rd. officer responded at scene.
notes,incident at 3473 elm blvd. officer responded at scene.
notes,incident at 3480 elm blvd. officer responded at scene.
notes,incident at 3481 lincoln st. officer responded at scene.
notes,incident at 3482 oak ave. officer responded at scene.
notes,incident at 3487 washington ave. officer responded at scene.
notes,incident at 349 maple dr. officer responded at scene.
notes,incident at 3496 lincoln st. officer responded at scene.
notes,incident at 3497 cedar lane. officer responded at scene.
notes,incident at 3497 elm blvd. officer responded at scene.
notes,incident at 3507 river rd. officer responded at scene.
notes,incident at 351 main st. officer responded at scene.
notes,incident at 3513 lincoln st. officer responded at scene.
notes,incident at 3516 oak ave. officer responded at scene.
notes,incident at 3519 elm blvd. officer responded at scene.
notes,incident at 352 cedar lane. officer responded at scene.
notes,incident at 3521 cedar lane. officer responded at scene.
notes,incident at 3523 park rd. officer responded at scene.
notes,incident at 3524 maple dr. officer responded at scene.
notes,incident at 3527 park rd. officer responded at scene.
notes,incident at 3528 lincoln st. officer responded at scene.
notes,incident at 353 lincoln st. officer responded at scene.
notes,incident at 3531 sunset blvd. officer responded at scene.
notes,incident at 3532 river rd. officer responded at scene.
notes,incident at 3533 park rd. officer responded at scene.
notes,incident at 3537 elm blvd. officer responded at scene.
notes,incident at 3537 lincoln st. officer responded at scene.
notes,incident at 3539 cedar lane. officer responded at scene.
notes,incident at 3540 main st. officer responded at scene.
notes,incident at 3541 maple dr. officer responded at scene.
notes,incident at 3541 washington ave. officer responded at scene.
notes,incident at 355 cedar lane. officer responded at scene.
notes,incident at 3550 main st. officer responded at scene.
notes,incident at 3551 elm blvd. officer responded at scene.
notes,incident at 3556 sunset blvd. officer responded at scene.
notes,incident at 3558 park rd. officer responded at scene.
notes,incident at 3561 lincoln st. officer responded at scene.
notes,incident at 3564 maple dr. officer responded at scene.
notes,incident at 357 river rd. officer responded at scene.
notes,incident at 3571 maple dr. officer responded at scene.
notes,incident at 3572 sunset blvd. officer responded at scene.
notes,incident at 3576 main st. officer responded at scene.
notes,incident at 3579 main st. officer responded at scene.
notes,incident at 3580 elm blvd. officer responded at scene.
notes,incident at 3582 washington ave. officer responded at scene.
notes,incident at 3584 sunset blvd. officer responded at scene.
notes,incident at 3585 oak ave. officer responded at scene.
notes,incident at 3589 park rd. officer responded at scene.
notes,incident at 359 main st. officer responded at scene.
notes,incident at 3593 elm blvd. officer responded at scene.
notes,incident at 3593 oak ave. officer responded at scene.
notes,incident at 3594 elm blvd. officer responded at scene.
notes,incident at 3596 maple dr. officer responded at scene.
notes,incident at 3597 sunset blvd. officer responded at scene.
notes,incident at 3597 washington ave. officer responded at scene.
notes,incident at 3607 elm blvd. officer responded at scene.
notes,incident at 3609 river rd. officer responded at scene.
notes,incident at 3613 river rd. officer responded at scene.
notes,incident at 3618 river rd. officer responded at scene.
notes,incident at 362 cedar lane. officer responded at scene.
notes,incident at 3624 maple dr. officer responded at scene.
notes,incident at 3627 main st. officer responded at scene.
notes,incident at 363 elm blvd. officer responded at scene.
notes,incident at 3630 elm blvd. officer responded at scene.
notes,incident at 3634 elm blvd. officer responded at scene.
notes,incident at 3634 oak ave. officer responded at scene.
notes,incident at 3637 sunset blvd. officer responded at scene.
notes,incident at 3638 washington ave. officer responded at scene.
notes,incident at 364 park rd. officer responded at scene.
notes,incident at 3642 river rd. officer responded at scene.
notes,incident at 3643 lincoln st. officer responded at scene.
notes,incident at 3644 elm blvd. officer responded at scene.
notes,incident at 3645 oak ave. officer responded at scene.
notes,incident at 3646 washington ave. officer responded at scene.
notes,incident at 365 main st. officer responded at scene.
notes,incident at 3651 river rd. officer responded at scene.
notes,incident at 3658 elm blvd. officer responded at scene.
notes,incident at 3665 lincoln st. officer responded at scene.
notes,incident at 367 river rd. officer responded at scene.
notes,incident at 3672 oak ave. officer responded at scene.
notes,incident at 3678 park rd. officer responded at scene.
notes,incident at 368 lincoln st. officer responded at scene.
notes,incident at 3684 elm blvd. officer responded at scene.
notes,incident at 3684 sunset blvd. officer responded at scene.
notes,incident at 3686 main st. officer responded at scene.
notes,incident at 3688 river rd. officer responded at scene.
notes,incident at 3689 park rd. officer responded at scene.
notes,incident at 3690 main st. officer responded at scene.
notes,incident at 3695 cedar lane. officer responded at scene.
notes,incident at 3695 elm blvd. officer responded at scene.
notes,incident at 3695 oak ave. officer responded at scene.
notes,incident at 3704 sunset blvd. officer responded at scene.
notes,incident at 3707 washington ave. officer responded at scene.
notes,incident at 3708 maple dr. officer responded at scene.
notes,incident at 3708 oak ave. officer responded at scene.
notes,incident at 3711 cedar lane. officer responded at scene.
notes,incident at 3713 elm blvd. officer responded at scene.
notes,incident at 3715 oak ave. officer responded at scene.
notes,incident at 3715 river rd. officer responded at scene.
notes,incident at 3717 main st. officer responded at scene.
notes,incident at 3717 maple dr. officer responded at scene.
notes,incident at 3722 elm blvd. officer responded at scene.
notes,incident at 3724 sunset blvd. officer responded at scene.
notes,incident at 3728 park rd. officer responded at scene.
notes,incident at 3728 sunset blvd. officer responded at scene.
notes,incident at 3730 maple dr. officer responded at scene.
notes,incident at 3731 main st. officer responded at scene.
notes,incident at 3735 lincoln st. officer responded at scene.
notes,incident at 3738 main st. officer responded at scene.
notes,incident at 3738 maple dr. officer responded at scene.
notes,incident at 3739 elm blvd. officer responded at scene.
notes,incident at 3742 maple dr. officer responded at scene.
notes,incident at 3742 park rd. officer responded at scene.
notes,incident at 3746 cedar lane. officer responded at scene.
notes,incident at 3746 river rd. officer responded at scene.
notes,incident at 3749 park rd. officer responded at scene.
notes,incident at 3750 elm blvd. officer responded at scene.
notes,incident at 3750 maple dr. officer responded at scene.
notes,incident at 3756 lincoln st. officer responded at scene.
notes,incident at 3756 maple dr. officer responded at scene.
notes,incident at 3763 main st. officer responded at scene.
notes,incident at 3764 main st. officer responded at scene.
notes,incident at 3765 lincoln st. officer responded at scene.
notes,incident at 3765 park rd. officer responded at scene.
notes,incident at 3766 cedar lane. officer responded at scene.
notes,incident at 3769 sunset blvd. officer responded at scene.
notes,incident at 377 main st. officer responded at scene.
notes,incident at 377 oak ave. officer responded at scene.
notes,incident at 3770 washington ave. officer responded at scene.
notes,incident at 3773 park rd. officer responded at scene.
notes,incident at 3774 lincoln st. officer responded at scene.
notes,incident at 3775 cedar lane. officer responded at scene.
notes,incident at 3775 park rd. officer responded at scene.
notes,incident at 3778 main st. officer responded at scene.
notes,incident at 3778 oak ave. officer responded at scene.
notes,incident at 378 oak ave. officer responded at scene.
notes,incident at 3781 sunset blvd. officer responded at scene.
notes,incident at 3781 washington ave. officer responded at scene.
notes,incident at 3782 washington ave. officer responded at scene.
notes,incident at 3783 cedar lane. officer responded at scene.
notes,incident at 3787 sunset blvd. officer responded at scene.
notes,incident at 3788 river rd. officer responded at scene.
notes,incident at 3790 cedar lane. officer responded at scene.
notes,incident at 3792 main st. officer responded at scene.
notes,incident at 3792 maple dr. officer responded at scene.
notes,incident at 3795 elm blvd. officer responded at scene.
notes,incident at 3796 maple dr. officer responded at scene.
notes,incident at 3798 park rd. officer responded at scene.
notes,incident at 380 elm blvd. officer responded at scene.
notes,incident at 380 maple dr. officer responded at scene.
notes,incident at 3802 maple dr. officer responded at scene.
notes,incident at 3806 cedar lane. officer responded at scene.
notes,incident at 3806 washington ave. officer responded at scene.
notes,incident at 3811 lincoln st. officer responded at scene.
notes,incident at 3814 park rd. officer responded at scene.
notes,incident at 382 lincoln st. officer responded at scene.
notes,incident at 383 cedar lane. officer responded at scene.
notes,incident at 3831 lincoln st. officer responded at scene.
notes,incident at 3838 sunset blvd. officer responded at scene.
notes,incident at 3847 oak ave. officer responded at scene.
notes,incident at 3852 river rd. officer responded at scene.
notes,incident at 3853 maple dr. officer responded at scene.
notes,incident at 3858 washington ave. officer responded at scene.
notes,incident at 386 washington ave. officer responded at scene.
notes,incident at 3868 elm blvd. officer responded at scene.
notes,incident at 3870 washington ave. officer responded at scene.
notes,incident at 3871 river rd. officer responded at scene.
notes,incident at 3874 lincoln st. officer responded at scene.
notes,incident at 3878 river rd. officer responded at scene.
notes,incident at 3879 elm blvd. officer responded at scene.
notes,incident at 3883 elm blvd. officer responded at scene.
notes,incident at 3892 elm blvd. officer responded at scene.
notes,incident at 3892 river rd. officer responded at scene.
notes,incident at 3893 cedar lane. officer responded at scene.
notes,incident at 3898 washington ave. officer responded at scene.
notes,incident at 3901 washington ave. officer responded at scene.
notes,incident at 3903 park rd. officer responded at scene.
notes,incident at 3904 lincoln st. officer responded at scene.
notes,incident at 3905 lincoln st. officer responded at scene.
notes,incident at 3905 park rd. officer responded at scene.
notes,incident at 3911 park rd. officer responded at scene.
notes,incident at 3913 maple dr. officer responded at scene.
notes,incident at 3916 elm blvd. officer responded at scene.
notes,incident at 3917 cedar lane. officer responded at scene.
notes,incident at 3919 oak ave. officer responded at scene.
notes,incident at 3920 cedar lane. officer responded at scene.
notes,incident at 3922 washington ave. officer responded at scene.
notes,incident at 3926 elm blvd. officer responded at scene.
notes,incident at 3926 park rd. officer responded at scene.
notes,incident at 3927 sunset blvd. officer responded at scene.
notes,incident at 3929 lincoln st. officer responded at scene.
notes,incident at 393 sunset blvd. officer responded at scene.
notes,incident at 3931 main st. officer responded at scene.
notes,incident at 3935 maple dr. officer responded at scene.
notes,incident at 3940 main st. officer responded at scene.
notes,incident at 3942 maple dr. officer responded at scene.
notes,incident at 3942 washington ave. officer responded at scene.
notes,incident at 3946 lincoln st. officer responded at scene.
notes,incident at 395 cedar lane. officer responded at scene.
notes,incident at 395 sunset blvd. officer responded at scene.
notes,incident at 3951 elm blvd. officer responded at scene.
notes,incident at 3951 main st. officer responded at scene.
notes,incident at 3951 maple dr. officer responded at scene.
notes,incident at 3951 sunset blvd. officer responded at scene.
notes,incident at 3952 maple dr. officer responded at scene.
notes,incident at 3952 sunset blvd. officer responded at scene.
notes,incident at 3958 elm blvd. officer responded at scene.
notes,incident at 3960 washington ave. officer responded at scene.
notes,incident at 3967 park rd. officer responded at scene.
notes,incident at 3969 washington ave. officer responded at scene.
notes,incident at 397 lincoln st. officer responded at scene.
notes,incident at 3972 oak ave. officer responded at scene.
notes,incident at 3975 maple dr. officer responded at scene.
notes,incident at 3978 oak ave. officer responded at scene.
notes,incident at 3980 river rd. officer responded at scene.
notes,incident at 3981 cedar lane. officer responded at scene.
notes,incident at 3984 sunset blvd. officer responded at scene.
notes,incident at 3985 maple dr. officer responded at scene.
notes,incident at 3987 park rd. officer responded at scene.
notes,incident at 3988 maple dr. officer responded at scene.
notes,incident at 3989 oak ave. officer responded at scene.
notes,incident at 3989 sunset blvd. officer responded at scene.
notes,incident at 3990 maple dr. officer responded at scene.
notes,incident at 3993 sunset blvd. officer responded at scene.
notes,incident at 3997 washington ave. officer responded at scene.
notes,incident at 3999 cedar lane. officer responded at scene.
notes,incident at 3999 lincoln st. officer responded at scene.
notes,incident at 4 main st. officer responded at scene.
notes,incident at 4000 cedar lane. officer responded at scene.
notes,incident at 4001 sunset blvd. officer responded at scene.
notes,incident at 4002 maple dr. officer responded at scene.
notes,incident at 4006 cedar lane. officer responded at scene.
notes,incident at 4006 oak ave. officer responded at scene.
notes,incident at 4009 maple dr. officer responded at scene.
notes,incident at 4014 sunset blvd. officer responded at scene.
notes,incident at 4018 maple dr. officer responded at scene.
notes,incident at 4018 washington ave. officer responded at scene.
notes,incident at 4020 maple dr. officer responded at scene.
notes,incident at 4023 elm blvd. officer responded at scene.
notes,incident at 4025 river rd. officer responded at scene.
notes,incident at 4026 lincoln st. officer responded at scene.
notes,incident at 4030 maple dr. officer responded at scene.
notes,incident at 4035 park rd. officer responded at scene.
notes,incident at 4038 lincoln st. officer responded at scene.
notes,incident at 404 river rd. officer responded at scene.
notes,incident at 4040 lincoln st. officer responded at scene.
notes,incident at 4041 lincoln st. officer responded at scene.
notes,incident at 4043 elm blvd. officer responded at scene.
notes,incident at 4044 maple dr. officer responded at scene.
notes,incident at 4046 sunset blvd. officer responded at scene.
notes,incident at 4053 elm blvd. officer responded at scene.
notes,incident at 4054 main st. officer responded at scene.
notes,incident at 4056 washington ave. officer responded at scene.
notes,incident at 4058 main st. officer responded at scene.
notes,incident at 4059 cedar lane. officer responded at scene.
notes,incident at 4060 river rd. officer responded at scene.
notes,incident at 4065 main st. officer responded at scene.
notes,incident at 4068 elm blvd. officer responded at scene.
notes,incident at 4070 sunset blvd. officer responded at scene.
notes,incident at 4071 maple dr. officer responded at scene.
notes,incident at 4072 oak ave. officer responded at scene.
notes,incident at 4083 park rd. officer responded at scene.
notes,incident at 4087 river rd. officer responded at scene.
notes,incident at 4089 cedar lane. officer responded at scene.
notes,incident at 4094 river rd. officer responded at scene.
notes,incident at 4096 elm blvd. officer responded at scene.
notes,incident at 4096 main st. officer responded at scene.
notes,incident at 4097 park rd. officer responded at scene.
notes,incident at 4104 main st. officer responded at scene.
notes,incident at 4109 maple dr. officer responded at scene.
notes,incident at 4111 river rd. officer responded at scene.
notes,incident at 4113 washington ave. officer responded at scene.
notes,incident at 4114 main st. officer responded at scene.
notes,incident at 4114 sunset blvd. officer responded at scene.
notes,incident at 4119 elm blvd. officer responded at scene.
notes,incident at 412 river rd. officer responded at scene.
notes,incident at 4120 elm blvd. officer responded at scene.
notes,incident at 4120 oak ave. officer responded at scene.
notes,incident at 4121 park rd. officer responded at scene.
notes,incident at 4124 elm blvd. officer responded at scene.
notes,incident at 4135 park rd. officer responded at scene.
notes,incident at 414 park rd. officer responded at scene.
notes,incident at 4142 oak ave. officer responded at scene.
notes,incident at 4143 washington ave. officer responded at scene.
notes,incident at 4145 washington ave. officer responded at scene.
notes,incident at 4148 washington ave. officer responded at scene.
notes,incident at 4149 lincoln st. officer responded at scene.
notes,incident at 415 maple dr. officer responded at scene.
notes,incident at 4150 cedar lane. officer responded at scene.
notes,incident at 4150 park rd. officer responded at scene.
notes,incident at 4151 cedar lane. officer responded at scene.
notes,incident at 4158 maple dr. officer responded at scene.
notes,incident at 4164 lincoln st. officer responded at scene.
notes,incident at 4164 washington ave. officer responded at scene.
notes,incident at 4165 main st. officer responded at scene.
notes,incident at 4169 maple dr. officer responded at scene.
notes,incident at 417 elm blvd. officer responded at scene.
notes,incident at 4173 oak ave. officer responded at scene.
notes,incident at 4173 washington ave. officer responded at scene.
notes,incident at 4175 main st. officer responded at scene.
notes,incident at 4175 maple dr. officer responded at scene.
notes,incident at 4178 elm blvd. officer responded at scene.
notes,incident at 4179 elm blvd. officer responded at scene.
notes,incident at 4186 lincoln st. officer responded at scene.
notes,incident at 4187 maple dr. officer responded at scene.
notes,incident at 4187 park rd. officer responded at scene.
notes,incident at 4187 sunset blvd. officer responded at scene.
notes,incident at 4188 lincoln st. officer responded at scene.
notes,incident at 4188 washington ave. officer responded at scene.
notes,incident at 4189 river rd. officer responded at scene.
notes,incident at 419 river rd. officer responded at scene.
notes,incident at 4194 main st. officer responded at scene.
notes,incident at 4195 main st. officer responded at scene.
notes,incident at 4196 oak ave. officer responded at scene.
notes,incident at 4203 sunset blvd. officer responded at scene.
notes,incident at 4205 oak ave. officer responded at scene.
notes,incident at 4206 oak ave. officer responded at scene.
notes,incident at 4208 cedar lane. officer responded at scene.
notes,incident at 4209 river rd. officer responded at scene.
notes,incident at 4217 park rd. officer responded at scene.
notes,incident at 4218 sunset blvd. officer responded at scene.
notes,incident at 4218 washington ave. officer responded at scene.
notes,incident at 4220 maple dr. officer responded at scene.
notes,incident at 4220 oak ave. officer responded at scene.
notes,incident at 4222 cedar lane. officer responded at scene.
notes,incident at 4227 park rd. officer responded at scene.
notes,incident at 4229 washington ave. officer responded at scene.
notes,incident at 423 oak ave. officer responded at scene.
notes,incident at 4231 cedar lane. officer responded at scene.
notes,incident at 4231 main st. officer responded at scene.
notes,incident at 4232 lincoln st. officer responded at scene.
notes,incident at 4234 oak ave. officer responded at scene.
notes,incident at 4237 cedar lane. officer responded at scene.
notes,incident at 4240 cedar lane. officer responded at scene.
notes,incident at 4240 maple dr. officer responded at scene.
notes,incident at 4250 river rd. officer responded at scene.
notes,incident at 4255 river rd. officer responded at scene.
notes,incident at 4256 park rd. officer responded at scene.
notes,incident at 4259 main st. officer responded at scene.
notes,incident at 4266 cedar lane. officer responded at scene.
notes,incident at 4273 park rd. officer responded at scene.
notes,incident at 4275 lincoln st. officer responded at scene.
notes,incident at 428 park rd. officer responded at scene.
notes,incident at 4280 washington ave. officer responded at scene.
notes,incident at 4283 park rd. officer responded at scene.
notes,incident at 4285 washington ave. officer responded at scene.
notes,incident at 4287 maple dr. officer responded at scene.
notes,incident at 4288 main st. officer responded at scene.
notes,incident at 4289 cedar lane. officer responded at scene.
notes,incident at 4292 maple dr. officer responded at scene.
notes,incident at 4295 washington ave. officer responded at scene.
notes,incident at 4296 elm blvd. officer responded at scene.
notes,incident at 4298 maple dr. officer responded at scene.
notes,incident at 4300 main st. officer responded at scene.
notes,incident at 4304 elm blvd. officer responded at scene.
notes,incident at 4307 lincoln st. officer responded at scene.
notes,incident at 4307 park rd. officer responded at scene.
notes,incident at 431 cedar lane. officer responded at scene.
notes,incident at 4310 washington ave. officer responded at scene.
notes,incident at 4311 oak ave. officer responded at scene.
notes,incident at 4312 maple dr. officer responded at scene.
notes,incident at 4312 oak ave. officer responded at scene.
notes,incident at 4313 lincoln st. officer responded at scene.
notes,incident at 4314 lincoln st. officer responded at scene.
notes,incident at 4317 river rd. officer responded at scene.
notes,incident at 4323 elm blvd. officer responded at scene.
notes,incident at 4324 elm blvd. officer responded at scene.
notes,incident at 4325 oak ave. officer responded at scene.
notes,incident at 4329 elm blvd. officer responded at scene.
notes,incident at 4334 main st. officer responded at scene.
notes,incident at 4335 lincoln st. officer responded at scene.
notes,incident at 4336 river rd. officer responded at scene.
notes,incident at 4337 park rd. officer responded at scene.
notes,incident at 434 river rd. officer responded at scene.
notes,incident at 4343 maple dr. officer responded at scene.
notes,incident at 4345 main st. officer responded at scene.
notes,incident at 4345 park rd. officer responded at scene.
notes,incident at 4347 sunset blvd. officer responded at scene.
notes,incident at 4348 main st. officer responded at scene.
notes,incident at 4352 main st. officer responded at scene.
notes,incident at 4353 park rd. officer responded at scene.
notes,incident at 4356 river rd. officer responded at scene.
notes,incident at 4356 sunset blvd. officer responded at scene.
notes,incident at 4358 sunset blvd. officer responded at scene.
notes,incident at 4359 lincoln st. officer responded at scene.
notes,incident at 4365 main st. officer responded at scene.
notes,incident at 4369 maple dr. officer responded at scene.
notes,incident at 4370 main st. officer responded at scene.
notes,incident at 4371 park rd. officer responded at scene.
notes,incident at 4376 cedar lane. officer responded at scene.
notes,incident at 4376 oak ave. officer responded at scene.
notes,incident at 438 cedar lane. officer responded at scene.
notes,incident at 438 lincoln st. officer responded at scene.
notes,incident at 438 maple dr. officer responded at scene.
notes,incident at 4380 park rd. officer responded at scene.
notes,incident at 4382 main st. officer responded at scene.
notes,incident at 4386 oak ave. officer responded at scene.
notes,incident at 4387 lincoln st. officer responded at scene.
notes,incident at 439 river rd. officer responded at scene.
notes,incident at 4390 oak ave. officer responded at scene.
notes,incident at 4392 maple dr. officer responded at scene.
notes,incident at 4394 main st. officer responded at scene.
notes,incident at 4395 washington ave. officer responded at scene.
notes,incident at 4403 river rd. officer responded at scene.
notes,incident at 4404 elm blvd. officer responded at scene.
notes,incident at 4408 lincoln st. officer responded at scene.
notes,incident at 4410 elm blvd. officer responded at scene.
notes,incident at 4414 sunset blvd. officer responded at scene.
notes,incident at 4415 park rd. officer responded at scene.
notes,incident at 4419 main st. officer responded at scene.
notes,incident at 442 washington ave. officer responded at scene.
notes,incident at 4420 washington ave. officer responded at scene.
notes,incident at 4421 cedar lane. officer responded at scene.
notes,incident at 4424 lincoln st. officer responded at scene.
notes,incident at 4429 elm blvd. officer responded at scene.
notes,incident at 4433 main st. officer responded at scene.
notes,incident at 4440 river rd. officer responded at scene.
notes,incident at 4442 elm blvd. officer responded at scene.
notes,incident at 4443 elm blvd. officer responded at scene.
notes,incident at 4445 elm blvd. officer responded at scene.
notes,incident at 4445 river rd. officer responded at scene.
notes,incident at 4446 maple dr. officer responded at scene.
notes,incident at 4447 main st. officer responded at scene.
notes,incident at 4449 lincoln st. officer responded at scene.
notes,incident at 4454 lincoln st. officer responded at scene.
notes,incident at 4455 main st. officer responded at scene.
notes,incident at 4457 washington ave. officer responded at scene.
notes,incident at 4465 river rd. officer responded at scene.
notes,incident at 4467 elm blvd. officer responded at scene.
notes,incident at 4467 washington ave. officer responded at scene.
notes,incident at 447 park rd. officer responded at scene.
notes,incident at 4472 maple dr. officer responded at scene.
notes,incident at 4475 main st. officer responded at scene.
notes,incident at 4476 park rd. officer responded at scene.
notes,incident at 4476 river rd. officer responded at scene.
notes,incident at 4476 washington ave. officer responded at scene.
notes,incident at 4477 elm blvd. officer responded at scene.
notes,incident at 4477 park rd. officer responded at scene.
notes,incident at 4478 oak ave. officer responded at scene.
notes,incident at 4484 washington ave. officer responded at scene.
notes,incident at 4485 park rd. officer responded at scene.
notes,incident at 4489 river rd. officer responded at scene.
notes,incident at 449 maple dr. officer responded at scene.
notes,incident at 4490 oak ave. officer responded at scene.
notes,incident at 4492 oak ave. officer responded at scene.
notes,incident at 4498 elm blvd. officer responded at scene.
notes,incident at 450 sunset blvd. officer responded at scene.
notes,incident at 4500 oak ave. officer responded at scene.
notes,incident at 4500 river rd. officer responded at scene.
notes,incident at 4502 maple dr. officer responded at scene.
notes,incident at 4506 cedar lane. officer responded at scene.
notes,incident at 4507 washington ave. officer responded at scene.
notes,incident at 4510 cedar lane. officer responded at scene.
notes,incident at 4514 maple dr. officer responded at scene.
notes,incident at 4522 maple dr. officer responded at scene.
notes,incident at 4526 lincoln st. officer responded at scene.
notes,incident at 4527 river rd. officer responded at scene.
notes,incident at 4530 washington ave. officer responded at scene.
notes,incident at 4531 park rd. officer responded at scene.
notes,incident at 4533 main st. officer responded at scene.
notes,incident at 4539 elm blvd. officer responded at scene.
notes,incident at 4541 cedar lane. officer responded at scene.
notes,incident at 4541 main st. officer responded at scene.
notes,incident at 4542 main st. officer responded at scene.
notes,incident at 4544 river rd. officer responded at scene.
notes,incident at 4547 oak ave. officer responded at scene.
notes,incident at 4554 maple dr. officer responded at scene.
notes,incident at 4558 river rd. officer responded at scene.
notes,incident at 456 park rd. officer responded at scene.
notes,incident at 4561 cedar lane. officer responded at scene.
notes,incident at 4562 maple dr. officer responded at scene.
notes,incident at 4568 park rd. officer responded at scene.
notes,incident at 4569 cedar lane. officer responded at scene.
notes,incident at 4570 lincoln st. officer responded at scene.
notes,incident at 4577 park rd. officer responded at scene.
notes,incident at 4579 maple dr. officer responded at scene.
notes,incident at 4581 cedar lane. officer responded at scene.
notes,incident at 4583 park rd. officer responded at scene.
notes,incident at 4587 elm blvd. officer responded at scene.
notes,incident at 4587 washington ave. officer responded at scene.
notes,incident at 459 maple dr. officer responded at scene.
notes,incident at 4591 lincoln st. officer responded at scene.
notes,incident at 4596 park rd. officer responded at scene.
notes,incident at 4597 river rd. officer responded at scene.
notes,incident at 4598 oak ave. officer responded at scene.
notes,incident at 4599 cedar lane. officer responded at scene.
notes,incident at 4600 river rd. officer responded at scene.
notes,incident at 4602 river rd. officer responded at scene.
notes,incident at 4604 main st. officer responded at scene.
notes,incident at 4604 park rd. officer responded at scene.
notes,incident at 462 elm blvd. officer responded at scene.
notes,incident at 4620 oak ave. officer responded at scene.
notes,incident at 4621 elm blvd. officer responded at scene.
notes,incident at 4623 main st. officer responded at scene.
notes,incident at 463 cedar lane. officer responded at scene.
notes,incident at 4630 sunset blvd. officer responded at scene.
notes,incident at 4633 cedar lane. officer responded at scene.
notes,incident at 4634 washington ave. officer responded at scene.
notes,incident at 4635 park rd. officer responded at scene.
notes,incident at 4636 sunset blvd. officer responded at scene.
notes,incident at 4638 lincoln st. officer responded at scene.
notes,incident at 4640 washington ave. officer responded at scene.
notes,incident at 4641 lincoln st. officer responded at scene.
notes,incident at 4642 river rd. officer responded at scene.
notes,incident at 4644 oak ave. officer responded at scene.
notes,incident at 4644 park rd. officer responded at scene.
notes,incident at 4644 washington ave. officer responded at scene.
notes,incident at 4646 main st. officer responded at scene.
notes,incident at 4648 park rd. officer responded at scene.
notes,incident at 4651 maple dr. officer responded at scene.
notes,incident at 4657 elm blvd. officer responded at scene.
notes,incident at 4661 river rd. officer responded at scene.
notes,incident at 4665 river rd. officer responded at scene.
notes,incident at 4667 elm blvd. officer responded at scene.
notes,incident at 4669 washington ave. officer responded at scene.
notes,incident at 4670 river rd. officer responded at scene.
notes,incident at 4672 lincoln st. officer responded at scene.
notes,incident at 4675 lincoln st. officer responded at scene.
notes,incident at 4675 washington ave. officer responded at scene.
notes,incident at 4686 washington ave. officer responded at scene.
notes,incident at 4687 oak ave. officer responded at scene.
notes,incident at 4689 cedar lane. officer responded at scene.
notes,incident at 4689 washington ave. officer responded at scene.
notes,incident at 469 oak ave. officer responded at scene.
notes,incident at 4690 cedar lane. officer responded at scene.
notes,incident at 4690 park rd. officer responded at scene.
notes,incident at 4693 elm blvd. officer responded at scene.
notes,incident at 4693 oak ave. officer responded at scene.
notes,incident at 470 elm blvd. officer responded at scene.
notes,incident at 4700 park rd. officer responded at scene.
notes,incident at 4701 washington ave. officer responded at scene.
notes,incident at 4707 washington ave. officer responded at scene.
notes,incident at 4713 main st. officer responded at scene.
notes,incident at 4713 washington ave. officer responded at scene.
notes,incident at 4714 main st. officer responded at scene.
notes,incident at 4718 sunset blvd. officer responded at scene.
notes,incident at 472 sunset blvd. officer responded at scene.
notes,incident at 4722 oak ave. officer responded at scene.
notes,incident at 4728 lincoln st. officer responded at scene.
notes,incident at 4729 main st. officer responded at scene.
notes,incident at 4735 park rd. officer responded at scene.
notes,incident at 4738 elm blvd. officer responded at scene.
notes,incident at 4739 washington ave. officer responded at scene.
notes,incident at 474 river rd. officer responded at scene.
notes,incident at 4740 washington ave. officer responded at scene.
notes,incident at 4744 oak ave. officer responded at scene.
notes,incident at 475 elm blvd. officer responded at scene.
notes,incident at 4752 park rd. officer responded at scene.
notes,incident at 4759 main st. officer responded at scene.
notes,incident at 4759 park rd. officer responded at scene.
notes,incident at 4761 elm blvd. officer responded at scene.
notes,incident at 4761 maple dr. officer responded at scene.
notes,incident at 4763 sunset blvd. officer responded at scene.
notes,incident at 4768 park rd. officer responded at scene.
notes,incident at 4768 washington ave. officer responded at scene.
notes,incident at 4771 elm blvd. officer responded at scene.
notes,incident at 4771 maple dr. officer responded at scene.
notes,incident at 4773 river rd. officer responded at scene.
notes,incident at 4779 park rd. officer responded at scene.
notes,incident at 4782 elm blvd. officer responded at scene.
notes,incident at 4786 cedar lane. officer responded at scene.
notes,incident at 4786 main st. officer responded at scene.
notes,incident at 4789 maple dr. officer responded at scene.
notes,incident at 4789 river rd. officer responded at scene.
notes,incident at 479 lincoln st. officer responded at scene.
notes,incident at 4794 cedar lane. officer responded at scene.
notes,incident at 4797 washington ave. officer responded at scene.
notes,incident at 4802 park rd. officer responded at scene.
notes,incident at 4806 elm blvd. officer responded at scene.
notes,incident at 4808 river rd. officer responded at scene.
notes,incident at 481 washington ave. officer responded at scene.
notes,incident at 4812 washington ave. officer responded at scene.
notes,incident at 4821 lincoln st. officer responded at scene.
notes,incident at 4822 maple dr. officer responded at scene.
notes,incident at 4824 sunset blvd. officer responded at scene.
notes,incident at 4826 elm blvd. officer responded at scene.
notes,incident at 4827 elm blvd. officer responded at scene.
notes,incident at 483 river rd. officer responded at scene.
notes,incident at 4832 maple dr. officer responded at scene.
notes,incident at 4836 maple dr. officer responded at scene.
notes,incident at 4838 elm blvd. officer responded at scene.
notes,incident at 4838 main st. officer responded at scene.
notes,incident at 484 river rd. officer responded at scene.
notes,incident at 4842 main st. officer responded at scene.
notes,incident at 4842 maple dr. officer responded at scene.
notes,incident at 4844 main st. officer responded at scene.
notes,incident at 4844 maple dr. officer responded at scene.
notes,incident at 4846 river rd. officer responded at scene.
notes,incident at 4852 oak ave. officer responded at scene.
notes,incident at 4862 park rd. officer responded at scene.
notes,incident at 4866 oak ave. officer responded at scene.
notes,incident at 4866 washington ave. officer responded at scene.
notes,incident at 4869 cedar lane. officer responded at scene.
notes,incident at 487 sunset blvd. officer responded at scene.
notes,incident at 4873 park rd. officer responded at scene.
notes,incident at 4876 maple dr. officer responded at scene.
notes,incident at 4880 cedar lane. officer responded at scene.
notes,incident at 4881 washington ave. officer responded at scene.
notes,incident at 4888 elm blvd. officer responded at scene.
notes,incident at 4888 river rd. officer responded at scene.
notes,incident at 489 river rd. officer responded at scene.
notes,incident at 4891 lincoln st. officer responded at scene.
notes,incident at 4894 sunset blvd. officer responded at scene.
notes,incident at 490 elm blvd. officer responded at scene.
notes,incident at 4904 washington ave. officer responded at scene.
notes,incident at 4905 cedar lane. officer responded at scene.
notes,incident at 4905 washington ave. officer responded at scene.
notes,incident at 4907 oak ave. officer responded at scene.
notes,incident at 4908 maple dr. officer responded at scene.
notes,incident at 4910 cedar lane. officer responded at scene.
notes,incident at 4912 maple dr. officer responded at scene.
notes,incident at 4913 sunset blvd. officer responded at scene.
notes,incident at 4914 maple dr. officer responded at scene.
notes,incident at 4917 elm blvd. officer responded at scene.
notes,incident at 4925 sunset blvd. officer responded at scene.
notes,incident at 4926 elm blvd. officer responded at scene.
notes,incident at 4930 park rd. officer responded at scene.
notes,incident at 4932 oak ave. officer responded at scene.
notes,incident at 4934 sunset blvd. officer responded at scene.
notes,incident at 4935 oak ave. officer responded at scene.
notes,incident at 4936 main st. officer responded at scene.
notes,incident at 4937 sunset blvd. officer responded at scene.
notes,incident at 4938 oak ave. officer responded at scene.
notes,incident at 4943 lincoln st. officer responded at scene.
notes,incident at 4943 river rd. officer responded at scene.
notes,incident at 4943 sunset blvd. officer responded at scene.
notes,incident at 4945 elm blvd. officer responded at scene.
notes,incident at 4948 maple dr. officer responded at scene.
notes,incident at 495 park rd. officer responded at scene.
notes,incident at 495 sunset blvd. officer responded at scene.
notes,incident at 4953 main st. officer responded at scene.
notes,incident at 4954 main st. officer responded at scene.
notes,incident at 4959 cedar lane. officer responded at scene.
notes,incident at 4961 main st. officer responded at scene.
notes,incident at 4962 river rd. officer responded at scene.
notes,incident at 4968 oak ave. officer responded at scene.
notes,incident at 4968 sunset blvd. officer responded at scene.
notes,incident at 4970 main st. officer responded at scene.
notes,incident at 4974 river rd. officer responded at scene.
notes,incident at 4975 elm blvd. officer responded at scene.
notes,incident at 4975 lincoln st. officer responded at scene.
notes,incident at 4982 oak ave. officer responded at scene.
notes,incident at 4983 sunset blvd. officer responded at scene.
notes,incident at 4985 river rd. officer responded at scene.
notes,incident at 4986 park rd. officer responded at scene.
notes,incident at 4987 lincoln st. officer responded at scene.
notes,incident at 499 river rd. officer responded at scene.
notes,incident at 4991 park rd. officer responded at scene.
notes,incident at 4995 park rd. officer responded at scene.
notes,incident at 5004 cedar lane. officer responded at scene.
notes,incident at 5005 cedar lane. officer responded at scene.
notes,incident at 5005 elm blvd. officer responded at scene.
notes,incident at 5007 main st. officer responded at scene.
notes,incident at 5011 park rd. officer responded at scene.
notes,incident at 5015 river rd. officer responded at scene.
notes,incident at 502 sunset blvd. officer responded at scene.
notes,incident at 5020 park rd. officer responded at scene.
notes,incident at 5022 washington ave. officer responded at scene.
notes,incident at 5024 lincoln st. officer responded at scene.
notes,incident at 5025 lincoln st. officer responded at scene.
notes,incident at 5025 river rd. officer responded at scene.
notes,incident at 5030 river rd. officer responded at scene.
notes,incident at 5031 oak ave. officer responded at scene.
notes,incident at 5033 park rd. officer responded at scene.
notes,incident at 5037 river rd. officer responded at scene.
notes,incident at 5040 washington ave. officer responded at scene.
notes,incident at 5045 cedar lane. officer responded at scene.
notes,incident at 5046 lincoln st. officer responded at scene.
notes,incident at 505 elm blvd. officer responded at scene.
notes,incident at 5050 washington ave. officer responded at scene.
notes,incident at 5051 cedar lane. officer responded at scene.
notes,incident at 5051 lincoln st. officer responded at scene.
notes,incident at 5051 oak ave. officer responded at scene.
notes,incident at 5051 park rd. officer responded at scene.
notes,incident at 5053 cedar lane. officer responded at scene.
notes,incident at 5053 river rd. officer responded at scene.
notes,incident at 5053 washington ave. officer responded at scene.
notes,incident at 5057 lincoln st. officer responded at scene.
notes,incident at 5063 elm blvd. officer responded at scene.
notes,incident at 5067 oak ave. officer responded at scene.
notes,incident at 5069 main st. officer responded at scene.
notes,incident at 5071 sunset blvd. officer responded at scene.
notes,incident at 5072 elm blvd. officer responded at scene.
notes,incident at 5074 sunset blvd. officer responded at scene.
notes,incident at 5075 lincoln st. officer responded at scene.
notes,incident at 5075 main st. officer responded at scene.
notes,incident at 5075 river rd. officer responded at scene.
notes,incident at 5076 lincoln st. officer responded at scene.
notes,incident at 5078 lincoln st. officer responded at scene.
notes,incident at 5079 oak ave. officer responded at scene.
notes,incident at 5086 elm blvd. officer responded at scene.
notes,incident at 5088 washington ave. officer responded at scene.
notes,incident at 5089 maple dr. officer responded at scene.
notes,incident at 5089 oak ave. officer responded at scene.
notes,incident at 509 lincoln st. officer responded at scene.
notes,incident at 5094 main st. officer responded at scene.
notes,incident at 5097 lincoln st. officer responded at scene.
notes,incident at 5103 washington ave. officer responded at scene.
notes,incident at 5105 oak ave. officer responded at scene.
notes,incident at 5113 park rd. officer responded at scene.
notes,incident at 5123 elm blvd. officer responded at scene.
notes,incident at 5124 lincoln st. officer responded at scene.
notes,incident at 5126 river rd. officer responded at scene.
notes,incident at 5133 oak ave. officer responded at scene.
notes,incident at 5135 cedar lane. officer responded at scene.
notes,incident at 5137 river rd. officer responded at scene.
notes,incident at 5140 river rd. officer responded at scene.
notes,incident at 5141 oak ave. officer responded at scene.
notes,incident at 5143 main st. officer responded at scene.
notes,incident at 5143 river rd. officer responded at scene.
notes,incident at 5146 lincoln st. officer responded at scene.
notes,incident at 5152 oak ave. officer responded at scene.
notes,incident at 5152 park rd. officer responded at scene.
notes,incident at 5154 sunset blvd. officer responded at scene.
notes,incident at 5156 lincoln st. officer responded at scene.
notes,incident at 5157 park rd. officer responded at scene.
notes,incident at 5159 lincoln st. officer responded at scene.
notes,incident at 5161 cedar lane. officer responded at scene.
notes,incident at 5165 oak ave. officer responded at scene.
notes,incident at 5165 park rd. officer responded at scene.
notes,incident at 5167 cedar lane. officer responded at scene.
notes,incident at 5171 lincoln st. officer responded at scene.
notes,incident at 5178 river rd. officer responded at scene.
notes,incident at 518 lincoln st. officer responded at scene.
notes,incident at 5180 lincoln st. officer responded at scene.
notes,incident at 5181 oak ave. officer responded at scene.
notes,incident at 5182 cedar lane. officer responded at scene.
notes,incident at 5183 cedar lane. officer responded at scene.
notes,incident at 5183 main st. officer responded at scene.
notes,incident at 5184 washington ave. officer responded at scene.
notes,incident at 5186 elm blvd. officer responded at scene.
notes,incident at 5189 cedar lane. officer responded at scene.
notes,incident at 519 lincoln st. officer responded at scene.
notes,incident at 5192 washington ave. officer responded at scene.
notes,incident at 5199 main st. officer responded at scene.
notes,incident at 5202 lincoln st. officer responded at scene.
notes,incident at 5202 sunset blvd. officer responded at scene.
notes,incident at 5204 lincoln st. officer responded at scene.
notes,incident at 5207 river rd. officer responded at scene.
notes,incident at 5208 main st. officer responded at scene.
notes,incident at 5209 sunset blvd. officer responded at scene.
notes,incident at 5217 washington ave. officer responded at scene.
notes,incident at 5219 sunset blvd. officer responded at scene.
notes,incident at 5221 oak ave. officer responded at scene.
notes,incident at 5223 maple dr. officer responded at scene.
notes,incident at 523 elm blvd. officer responded at scene.
notes,incident at 5230 oak ave. officer responded at scene.
notes,incident at 5232 sunset blvd. officer responded at scene.
notes,incident at 5233 lincoln st. officer responded at scene.
notes,incident at 5237 main st. officer responded at scene.
notes,incident at 524 maple dr. officer responded at scene.
notes,incident at 524 park rd. officer responded at scene.
notes,incident at 524 sunset blvd. officer responded at scene.
notes,incident at 5244 washington ave. officer responded at scene.
notes,incident at 5245 sunset blvd. officer responded at scene.
notes,incident at 5248 lincoln st. officer responded at scene.
notes,incident at 5249 oak ave. officer responded at scene.
notes,incident at 525 cedar lane. officer responded at scene.
notes,incident at 5252 river rd. officer responded at scene.
notes,incident at 5256 river rd. officer responded at scene.
notes,incident at 5259 cedar lane. officer responded at scene.
notes,incident at 5259 oak ave. officer responded at scene.
notes,incident at 526 elm blvd. officer responded at scene.
notes,incident at 5266 lincoln st. officer responded at scene.
notes,incident at 5268 maple dr. officer responded at scene.
notes,incident at 527 oak ave. officer responded at scene.
notes,incident at 5273 maple dr. officer responded at scene.
notes,incident at 5273 park rd. officer responded at scene.
notes,incident at 5275 elm blvd. officer responded at scene.
notes,incident at 5280 main st. officer responded at scene.
notes,incident at 5280 park rd. officer responded at scene.
notes,incident at 5280 river rd. officer responded at scene.
notes,incident at 5280 washington ave. officer responded at scene.
notes,incident at 5281 lincoln st. officer responded at scene.
notes,incident at 5284 main st. officer responded at scene.
notes,incident at 5284 oak ave. officer responded at scene.
notes,incident at 5286 oak ave. officer responded at scene.
notes,incident at 5287 oak ave. officer responded at scene.
notes,incident at 5288 cedar lane. officer responded at scene.
notes,incident at 5289 river rd. officer responded at scene.
notes,incident at 5292 park rd. officer responded at scene.
notes,incident at 5294 washington ave. officer responded at scene.
notes,incident at 5295 elm blvd. officer responded at scene.
notes,incident at 5295 oak ave. officer responded at scene.
notes,incident at 5298 lincoln st. officer responded at scene.
notes,incident at 530 oak ave. officer responded at scene.
notes,incident at 5304 sunset blvd. officer responded at scene.
notes,incident at 5308 main st. officer responded at scene.
notes,incident at 5309 river rd. officer responded at scene.
notes,incident at 531 lincoln st. officer responded at scene.
notes,incident at 5313 main st. officer responded at scene.
notes,incident at 5316 maple dr. officer responded at scene.
notes,incident at 5317 cedar lane. officer responded at scene.
notes,incident at 5322 river rd. officer responded at scene.
notes,incident at 5323 river rd. officer responded at scene.
notes,incident at 5324 main st. officer responded at scene.
notes,incident at 5327 main st. officer responded at scene.
notes,incident at 5327 oak ave. officer responded at scene.
notes,incident at 5328 elm blvd. officer responded at scene.
notes,incident at 5335 lincoln st. officer responded at scene.
notes,incident at 5339 maple dr. officer responded at scene.
notes,incident at 5340 river rd. officer responded at scene.
notes,incident at 5342 oak ave. officer responded at scene.
notes,incident at 5342 park rd. officer responded at scene.
notes,incident at 5344 sunset blvd. officer responded at scene.
notes,incident at 535 oak ave. officer responded at scene.
notes,incident at 535 sunset blvd. officer responded at scene.
notes,incident at 5354 elm blvd. officer responded at scene.
notes,incident at 5354 park rd. officer responded at scene.
notes,incident at 5357 elm blvd. officer responded at scene.
notes,incident at 5357 sunset blvd. officer responded at scene.
notes,incident at 536 lincoln st. officer responded at scene.
notes,incident at 5360 cedar lane. officer responded at scene.
notes,incident at 5364 sunset blvd. officer responded at scene.
notes,incident at 5365 river rd. officer responded at scene.
notes,incident at 5366 maple dr. officer responded at scene.
notes,incident at 5368 washington ave. officer responded at scene.
notes,incident at 5369 main st. officer responded at scene.
notes,incident at 5372 cedar lane. officer responded at scene.
notes,incident at 5376 oak ave. officer responded at scene.
notes,incident at 5382 cedar lane. officer responded at scene.
notes,incident at 5384 oak ave. officer responded at scene.
notes,incident at 5385 lincoln st. officer responded at scene.
notes,incident at 5390 cedar lane. officer responded at scene.
notes,incident at 5396 cedar lane. officer responded at scene.
notes,incident at 5397 washington ave. officer responded at scene.
notes,incident at 5398 river rd. officer responded at scene.
notes,incident at 540 maple dr. officer responded at scene.
notes,incident at 5403 lincoln st. officer responded at scene.
notes,incident at 5403 park rd. officer responded at scene.
notes,incident at 5405 sunset blvd. officer responded at scene.
notes,incident at 5407 main st. officer responded at scene.
notes,incident at 5408 sunset blvd. officer responded at scene.
notes,incident at 5409 river rd. officer responded at scene.
notes,incident at 5409 sunset blvd. officer responded at scene.
notes,incident at 541 park rd. officer responded at scene.
notes,incident at 541 sunset blvd. officer responded at scene.
notes,incident at 5414 oak ave. officer responded at scene.
notes,incident at 5416 river rd. officer responded at scene.
notes,incident at 5417 main st. officer responded at scene.
notes,incident at 542 main st. officer responded at scene.
notes,incident at 542 oak ave. officer responded at scene.
notes,incident at 5420 lincoln st. officer responded at scene.
notes,incident at 5420 river rd. officer responded at scene.
notes,incident at 5429 washington ave. officer responded at scene.
notes,incident at 5430 main st. officer responded at scene.
notes,incident at 5434 maple dr. officer responded at scene.
notes,incident at 5436 sunset blvd. officer responded at scene.
notes,incident at 5442 lincoln st. officer responded at scene.
notes,incident at 5449 river rd. officer responded at scene.
notes,incident at 5450 washington ave. officer responded at scene.
notes,incident at 5452 lincoln st. officer responded at scene.
notes,incident at 5455 lincoln st. officer responded at scene.
notes,incident at 5455 sunset blvd. officer responded at scene.
notes,incident at 5457 sunset blvd. officer responded at scene.
notes,incident at 5462 cedar lane. officer responded at scene.
notes,incident at 5464 oak ave. officer responded at scene.
notes,incident at 5468 oak ave. officer responded at scene.
notes,incident at 5472 elm blvd. officer responded at scene.
notes,incident at 548 sunset blvd. officer responded at scene.
notes,incident at 5480 maple dr. officer responded at scene.
notes,incident at 5480 washington ave. officer responded at scene.
notes,incident at 5482 river rd. officer responded at scene.
notes,incident at 5484 elm blvd. officer responded at scene.
notes,incident at 5486 washington ave. officer responded at scene.
notes,incident at 5488 river rd. officer responded at scene.
notes,incident at 5489 maple dr. officer responded at scene.
notes,incident at 5494 river rd. officer responded at scene.
notes,incident at 5496 maple dr. officer responded at scene.
notes,incident at 5506 lincoln st. officer responded at scene.
notes,incident at 5506 sunset blvd. officer responded at scene.
notes,incident at 5509 elm blvd. officer responded at scene.
notes,incident at 5510 river rd. officer responded at scene.
notes,incident at 5511 oak ave. officer responded at scene.
notes,incident at 5516 park rd. officer responded at scene.
notes,incident at 5519 oak ave. officer responded at scene.
notes,incident at 5523 maple dr. officer responded at scene.
notes,incident at 5523 oak ave. officer responded at scene.
notes,incident at 5525 lincoln st. officer responded at scene.
notes,incident at 5526 sunset blvd. officer responded at scene.
notes,incident at 5534 sunset blvd. officer responded at scene.
notes,incident at 5536 sunset blvd. officer responded at scene.
notes,incident at 5546 oak ave. officer responded at scene.
notes,incident at 555 main st. officer responded at scene.
notes,incident at 555 oak ave. officer responded at scene.
notes,incident at 5550 lincoln st. officer responded at scene.
notes,incident at 5559 park rd. officer responded at scene.
notes,incident at 5562 elm blvd. officer responded at scene.
notes,incident at 5563 lincoln st. officer responded at scene.
notes,incident at 5564 lincoln st. officer responded at scene.
notes,incident at 5564 maple dr. officer responded at scene.
notes,incident at 5564 washington ave. officer responded at scene.
notes,incident at 5574 washington ave. officer responded at scene.
notes,incident at 558 maple dr. officer responded at scene.
notes,incident at 5585 park rd. officer responded at scene.
notes,incident at 5587 sunset blvd. officer responded at scene.
notes,incident at 5591 park rd. officer responded at scene.
notes,incident at 5594 sunset blvd. officer responded at scene.
notes,incident at 5596 sunset blvd. officer responded at scene.
notes,incident at 5598 main st. officer responded at scene.
notes,incident at 56 park rd. officer responded at scene.
notes,incident at 5605 elm blvd. officer responded at scene.
notes,incident at 5609 main st. officer responded at scene.
notes,incident at 5612 lincoln st. officer responded at scene.
notes,incident at 5614 cedar lane. officer responded at scene.
notes,incident at 5621 cedar lane. officer responded at scene.
notes,incident at 5622 cedar lane. officer responded at scene.
notes,incident at 5622 elm blvd. officer responded at scene.
notes,incident at 5625 maple dr. officer responded at scene.
notes,incident at 563 cedar lane. officer responded at scene.
notes,incident at 5630 main st. officer responded at scene.
notes,incident at 5633 main st. officer responded at scene.
notes,incident at 5634 main st. officer responded at scene.
notes,incident at 5636 park rd. officer responded at scene.
notes,incident at 5638 elm blvd. officer responded at scene.
notes,incident at 5641 river rd. officer responded at scene.
notes,incident at 5642 elm blvd. officer responded at scene.
notes,incident at 5644 cedar lane. officer responded at scene.
notes,incident at 5645 sunset blvd. officer responded at scene.
notes,incident at 5647 cedar lane. officer responded at scene.
notes,incident at 5647 maple dr. officer responded at scene.
notes,incident at 5649 park rd. officer responded at scene.
notes,incident at 565 lincoln st. officer responded at scene.
notes,incident at 5651 elm blvd. officer responded at scene.
notes,incident at 5651 river rd. officer responded at scene.
notes,incident at 5655 sunset blvd. officer responded at scene.
notes,incident at 566 oak ave. officer responded at scene.
notes,incident at 5662 main st. officer responded at scene.
notes,incident at 5664 oak ave. officer responded at scene.
notes,incident at 5664 sunset blvd. officer responded at scene.
notes,incident at 5667 washington ave. officer responded at scene.
notes,incident at 5668 oak ave. officer responded at scene.
notes,incident at 5668 park rd. officer responded at scene.
notes,incident at 567 main st. officer responded at scene.
notes,incident at 5673 main st. officer responded at scene.
notes,incident at 5673 river rd. officer responded at scene.
notes,incident at 5674 lincoln st. officer responded at scene.
notes,incident at 5678 main st. officer responded at scene.
notes,incident at 5680 washington ave. officer responded at scene.
notes,incident at 5684 cedar lane. officer responded at scene.
notes,incident at 5690 elm blvd. officer responded at scene.
notes,incident at 5690 main st. officer responded at scene.
notes,incident at 5692 washington ave. officer responded at scene.
notes,incident at 5694 elm blvd. officer responded at scene.
notes,incident at 5697 lincoln st. officer responded at scene.
notes,incident at 5698 river rd. officer responded at scene.
notes,incident at 5699 maple dr. officer responded at scene.
notes,incident at 5699 washington ave. officer responded at scene.
notes,incident at 570 park rd. officer responded at scene.
notes,incident at 5703 cedar lane. officer responded at scene.
notes,incident at 5704 maple dr. officer responded at scene.
notes,incident at 5705 maple dr. officer responded at scene.
notes,incident at 5705 river rd. officer responded at scene.
notes,incident at 5715 river rd. officer responded at scene.
notes,incident at 5715 sunset blvd. officer responded at scene.
notes,incident at 5719 sunset blvd. officer responded at scene.
notes,incident at 5723 lincoln st. officer responded at scene.
notes,incident at 5726 elm blvd. officer responded at scene.
notes,incident at 5726 washington ave. officer responded at scene.
notes,incident at 573 cedar lane. officer responded at scene.
notes,incident at 5731 sunset blvd. officer responded at scene.
notes,incident at 5733 river rd. officer responded at scene.
notes,incident at 5734 cedar lane. officer responded at scene.
notes,incident at 5734 river rd. officer responded at scene.
notes,incident at 5735 sunset blvd. officer responded at scene.
notes,incident at 5737 park rd. officer responded at scene.
notes,incident at 5738 river rd. officer responded at scene.
notes,incident at 5739 elm blvd. officer responded at scene.
notes,incident at 5741 sunset blvd. officer responded at scene.
notes,incident at 5743 elm blvd. officer responded at scene.
notes,incident at 5747 cedar lane. officer responded at scene.
notes,incident at 5748 elm blvd. officer responded at scene.
notes,incident at 5750 main st. officer responded at scene.
notes,incident at 5751 cedar lane. officer responded at scene.
notes,incident at 5754 main st. officer responded at scene.
notes,incident at 5755 river rd. officer responded at scene.
notes,incident at 5757 river rd. officer responded at scene.
notes,incident at 5758 lincoln st. officer responded at scene.
notes,incident at 576 maple dr. officer responded at scene.
notes,incident at 5765 river rd. officer responded at scene.
notes,incident at 5767 elm blvd. officer responded at scene.
notes,incident at 5768 cedar lane. officer responded at scene.
notes,incident at 577 lincoln st. officer responded at scene.
notes,incident at 577 oak ave. officer responded at scene.
notes,incident at 5771 sunset blvd. officer responded at scene.
notes,incident at 5775 main st. officer responded at scene.
notes,incident at 5777 elm blvd. officer responded at scene.
notes,incident at 578 main st. officer responded at scene.
notes,incident at 5783 main st. officer responded at scene.
notes,incident at 5783 oak ave. officer responded at scene.
notes,incident at 5788 sunset blvd. officer responded at scene.
notes,incident at 5790 oak ave. officer responded at scene.
notes,incident at 5793 elm blvd. officer responded at scene.
notes,incident at 5794 cedar lane. officer responded at scene.
notes,incident at 5795 washington ave. officer responded at scene.
notes,incident at 5798 lincoln st. officer responded at scene.
notes,incident at 5799 lincoln st. officer responded at scene.
notes,incident at 5799 maple dr. officer responded at scene.
notes,incident at 580 cedar lane. officer responded at scene.
notes,incident at 5800 elm blvd. officer responded at scene.
notes,incident at 5801 washington ave. officer responded at scene.
notes,incident at 5802 oak ave. officer responded at scene.
notes,incident at 5803 elm blvd. officer responded at scene.
notes,incident at 5805 river rd. officer responded at scene.
notes,incident at 5805 sunset blvd. officer responded at scene.
notes,incident at 5808 maple dr. officer responded at scene.
notes,incident at 581 cedar lane. officer responded at scene.
notes,incident at 5811 park rd. officer responded at scene.
notes,incident at 5813 lincoln st. officer responded at scene.
notes,incident at 5817 lincoln st. officer responded at scene.
notes,incident at 5822 washington ave. officer responded at scene.
notes,incident at 5827 cedar lane. officer responded at scene.
notes,incident at 5827 lincoln st. officer responded at scene.
notes,incident at 5829 lincoln st. officer responded at scene.
notes,incident at 5829 main st. officer responded at scene.
notes,incident at 5830 main st. officer responded at scene.
notes,incident at 5830 river rd. officer responded at scene.
notes,incident at 5834 maple dr. officer responded at scene.
notes,incident at 5835 lincoln st. officer responded at scene.
notes,incident at 5838 park rd. officer responded at scene.
notes,incident at 5841 river rd. officer responded at scene.
notes,incident at 5841 washington ave. officer responded at scene.
notes,incident at 5848 cedar lane. officer responded at scene.
notes,incident at 5848 oak ave. officer responded at scene.
notes,incident at 5851 river rd. officer responded at scene.
notes,incident at 5851 sunset blvd. officer responded at scene.
notes,incident at 5854 cedar lane. officer responded at scene.
notes,incident at 586 lincoln st. officer responded at scene.
notes,incident at 5861 sunset blvd. officer responded at scene.
notes,incident at 5865 lincoln st. officer responded at scene.
notes,incident at 5867 oak ave. officer responded at scene.
notes,incident at 5868 cedar lane. officer responded at scene.
notes,incident at 5868 elm blvd. officer responded at scene.
notes,incident at 5869 main st. officer responded at scene.
notes,incident at 5869 sunset blvd. officer responded at scene.
notes,incident at 5870 maple dr. officer responded at scene.
notes,incident at 5870 washington ave. officer responded at scene.
notes,incident at 5872 park rd. officer responded at scene.
notes,incident at 5874 maple dr. officer responded at scene.
notes,incident at 5879 elm blvd. officer responded at scene.
notes,incident at 588 oak ave. officer responded at scene.
notes,incident at 5881 park rd. officer responded at scene.
notes,incident at 5882 park rd. officer responded at scene.
notes,incident at 5891 cedar lane. officer responded at scene.
notes,incident at 5894 park rd. officer responded at scene.
notes,incident at 5896 lincoln st. officer responded at scene.
notes,incident at 5897 river rd. officer responded at scene.
notes,incident at 59 park rd. officer responded at scene.
notes,incident at 59 washington ave. officer responded at scene.
notes,incident at 5901 sunset blvd. officer responded at scene.
notes,incident at 5905 washington ave. officer responded at scene.
notes,incident at 5906 river rd. officer responded at scene.
notes,incident at 5910 river rd. officer responded at scene.
notes,incident at 5915 main st. officer responded at scene.
notes,incident at 5917 elm blvd. officer responded at scene.
notes,incident at 5919 main st. officer responded at scene.
notes,incident at 5922 main st. officer responded at scene.
notes,incident at 5923 river rd. officer responded at scene.
notes,incident at 5924 sunset blvd. officer responded at scene.
notes,incident at 5925 maple dr. officer responded at scene.
notes,incident at 5928 cedar lane. officer responded at scene.
notes,incident at 5928 park rd. officer responded at scene.
notes,incident at 593 maple dr. officer responded at scene.
notes,incident at 5933 washington ave. officer responded at scene.
notes,incident at 5935 elm blvd. officer responded at scene.
notes,incident at 594 sunset blvd. officer responded at scene.
notes,incident at 5941 oak ave. officer responded at scene.
notes,incident at 5949 elm blvd. officer responded at scene.
notes,incident at 5954 park rd. officer responded at scene.
notes,incident at 5956 cedar lane. officer responded at scene.
notes,incident at 5968 elm blvd. officer responded at scene.
notes,incident at 5975 cedar lane. officer responded at scene.
notes,incident at 5978 main st. officer responded at scene.
notes,incident at 598 oak ave. officer responded at scene.
notes,incident at 5980 elm blvd. officer responded at scene.
notes,incident at 5986 park rd. officer responded at scene.
notes,incident at 5987 elm blvd. officer responded at scene.
notes,incident at 5992 oak ave. officer responded at scene.
notes,incident at 5994 river rd. officer responded at scene.
notes,incident at 5996 elm blvd. officer responded at scene.
notes,incident at 5999 river rd. officer responded at scene.
notes,incident at 60 washington ave. officer responded at scene.
notes,incident at 6000 oak ave. officer responded at scene.
notes,incident at 6008 park rd. officer responded at scene.
notes,incident at 6009 cedar lane. officer responded at scene.
notes,incident at 6009 river rd. officer responded at scene.
notes,incident at 6010 cedar lane. officer responded at scene.
notes,incident at 6014 maple dr. officer responded at scene.
notes,incident at 6024 main st. officer responded at scene.
notes,incident at 6025 elm blvd. officer responded at scene.
notes,incident at 6029 park rd. officer responded at scene.
notes,incident at 6029 sunset blvd. officer responded at scene.
notes,incident at 603 washington ave. officer responded at scene.
notes,incident at 6030 oak ave. officer responded at scene.
notes,incident at 6030 washington ave. officer responded at scene.
notes,incident at 6032 sunset blvd. officer responded at scene.
notes,incident at 6035 main st. officer responded at scene.
notes,incident at 6036 cedar lane. officer responded at scene.
notes,incident at 6036 maple dr. officer responded at scene.
notes,incident at 6039 maple dr. officer responded at scene.
notes,incident at 604 park rd. officer responded at scene.
notes,incident at 6040 cedar lane. officer responded at scene.
notes,incident at 6040 washington ave. officer responded at scene.
notes,incident at 6041 river rd. officer responded at scene.
notes,incident at 6043 maple dr. officer responded at scene.
notes,incident at 6044 park rd. officer responded at scene.
notes,incident at 6051 maple dr. officer responded at scene.
notes,incident at 6053 river rd. officer responded at scene.
notes,incident at 6056 maple dr. officer responded at scene.
notes,incident at 6056 sunset blvd. officer responded at scene.
notes,incident at 6061 elm blvd. officer responded at scene.
notes,incident at 6071 park rd. officer responded at scene.
notes,incident at 6074 maple dr. officer responded at scene.
notes,incident at 6074 sunset blvd. officer responded at scene.
notes,incident at 6075 elm blvd. officer responded at scene.
notes,incident at 6077 cedar lane. officer responded at scene.
notes,incident at 6078 cedar lane. officer responded at scene.
notes,incident at 6079 elm blvd. officer responded at scene.
notes,incident at 6080 main st. officer responded at scene.
notes,incident at 6082 oak ave. officer responded at scene.
notes,incident at 6089 park rd. officer responded at scene.
notes,incident at 6090 main st. officer responded at scene.
notes,incident at 6094 cedar lane. officer responded at scene.
notes,incident at 6096 cedar lane. officer responded at scene.
notes,incident at 6096 main st. officer responded at scene.
notes,incident at 610 washington ave. officer responded at scene.
notes,incident at 6102 park rd. officer responded at scene.
notes,incident at 6105 elm blvd. officer responded at scene.
notes,incident at 6107 river rd. officer responded at scene.
notes,incident at 6111 main st. officer responded at scene.
notes,incident at 6115 cedar lane. officer responded at scene.
notes,incident at 6119 washington ave. officer responded at scene.
notes,incident at 6120 maple dr. officer responded at scene.
notes,incident at 6121 maple dr. officer responded at scene.
notes,incident at 6121 oak ave. officer responded at scene.
notes,incident at 6122 oak ave. officer responded at scene.
notes,incident at 6125 park rd. officer responded at scene.
notes,incident at 6126 cedar lane. officer responded at scene.
notes,incident at 6126 main st. officer responded at scene.
notes,incident at 6129 elm blvd. officer responded at scene.
notes,incident at 6130 maple dr. officer responded at scene.
notes,incident at 6133 elm blvd. officer responded at scene.
notes,incident at 614 main st. officer responded at scene.
notes,incident at 6146 lincoln st. officer responded at scene.
notes,incident at 615 elm blvd. officer responded at scene.
notes,incident at 6153 river rd. officer responded at scene.
notes,incident at 6159 lincoln st. officer responded at scene.
notes,incident at 6160 oak ave. officer responded at scene.
notes,incident at 6161 main st. officer responded at scene.
notes,incident at 6170 oak ave. officer responded at scene.
notes,incident at 6171 park rd. officer responded at scene.
notes,incident at 6173 cedar lane. officer responded at scene.
notes,incident at 6173 main st. officer responded at scene.
notes,incident at 6173 river rd. officer responded at scene.
notes,incident at 6174 park rd. officer responded at scene.
notes,incident at 6177 river rd. officer responded at scene.
notes,incident at 6178 main st. officer responded at scene.
notes,incident at 6188 elm blvd. officer responded at scene.
notes,incident at 6188 river rd. officer responded at scene.
notes,incident at 619 sunset blvd. officer responded at scene.
notes,incident at 6193 sunset blvd. officer responded at scene.
notes,incident at 6198 maple dr. officer responded at scene.
notes,incident at 62 maple dr. officer responded at scene.
notes,incident at 6202 maple dr. officer responded at scene.
notes,incident at 6203 oak ave. officer responded at scene.
notes,incident at 6203 sunset blvd. officer responded at scene.
notes,incident at 6210 elm blvd. officer responded at scene.
notes,incident at 6215 main st. officer responded at scene.
notes,incident at 6215 oak ave. officer responded at scene.
notes,incident at 6220 oak ave. officer responded at scene.
notes,incident at 6224 lincoln st. officer responded at scene.
notes,incident at 6225 main st. officer responded at scene.
notes,incident at 6225 maple dr. officer responded at scene.
notes,incident at 6225 park rd. officer responded at scene.
notes,incident at 6225 river rd. officer responded at scene.
notes,incident at 6226 elm blvd. officer responded at scene.
notes,incident at 6227 washington ave. officer responded at scene.
notes,incident at 6231 oak ave. officer responded at scene.
notes,incident at 6233 cedar lane. officer responded at scene.
notes,incident at 624 lincoln st. officer responded at scene.
notes,incident at 624 maple dr. officer responded at scene.
notes,incident at 6240 sunset blvd. officer responded at scene.
notes,incident at 6245 park rd. officer responded at scene.
notes,incident at 6245 washington ave. officer responded at scene.
notes,incident at 6249 cedar lane. officer responded at scene.
notes,incident at 625 park rd. officer responded at scene.
notes,incident at 6253 main st. officer responded at scene.
notes,incident at 6257 main st. officer responded at scene.
notes,incident at 6262 main st. officer responded at scene.
notes,incident at 6263 sunset blvd. officer responded at scene.
notes,incident at 6265 lincoln st. officer responded at scene.
notes,incident at 6268 elm blvd. officer responded at scene.
notes,incident at 627 maple dr. officer responded at scene.
notes,incident at 6275 cedar lane. officer responded at scene.
notes,incident at 6275 washington ave. officer responded at scene.
notes,incident at 6277 oak ave. officer responded at scene.
notes,incident at 6279 oak ave. officer responded at scene.
notes,incident at 6280 washington ave. officer responded at scene.
notes,incident at 6281 main st. officer responded at scene.
notes,incident at 6281 park rd. officer responded at scene.
notes,incident at 6282 oak ave. officer responded at scene.
notes,incident at 6282 river rd. officer responded at scene.
notes,incident at 6286 park rd. officer responded at scene.
notes,incident at 6286 river rd. officer responded at scene.
notes,incident at 6287 park rd. officer responded at scene.
notes,incident at 6293 park rd. officer responded at scene.
notes,incident at 6296 sunset blvd. officer responded at scene.
notes,incident at 6297 river rd. officer responded at scene.
notes,incident at 6302 oak ave. officer responded at scene.
notes,incident at 6305 cedar lane. officer responded at scene.
notes,incident at 6306 cedar lane. officer responded at scene.
notes,incident at 6308 main st. officer responded at scene.
notes,incident at 6316 washington ave. officer responded at scene.
notes,incident at 6317 park rd. officer responded at scene.
notes,incident at 6318 maple dr. officer responded at scene.
notes,incident at 632 main st. officer responded at scene.
notes,incident at 632 oak ave. officer responded at scene.
notes,incident at 6322 park rd. officer responded at scene.
notes,incident at 6330 elm blvd. officer responded at scene.
notes,incident at 6330 river rd. officer responded at scene.
notes,incident at 6331 cedar lane. officer responded at scene.
notes,incident at 6333 main st. officer responded at scene.
notes,incident at 6334 main st. officer responded at scene.
notes,incident at 6341 sunset blvd. officer responded at scene.
notes,incident at 6344 main st. officer responded at scene.
notes,incident at 6344 washington ave. officer responded at scene.
notes,incident at 6346 elm blvd. officer responded at scene.
notes,incident at 6348 maple dr. officer responded at scene.
notes,incident at 6350 maple dr. officer responded at scene.
notes,incident at 6351 oak ave. officer responded at scene.
notes,incident at 6351 park rd. officer responded at scene.
notes,incident at 6351 washington ave. officer responded at scene.
notes,incident at 6354 elm blvd. officer responded at scene.
notes,incident at 6357 park rd. officer responded at scene.
notes,incident at 6358 washington ave. officer responded at scene.
notes,incident at 636 river rd. officer responded at scene.
notes,incident at 6360 main st. officer responded at scene.
notes,incident at 6361 maple dr. officer responded at scene.
notes,incident at 6368 lincoln st. officer responded at scene.
notes,incident at 6374 park rd. officer responded at scene.
notes,incident at 6375 cedar lane. officer responded at scene.
notes,incident at 6375 sunset blvd. officer responded at scene.
notes,incident at 6376 lincoln st. officer responded at scene.
notes,incident at 6381 park rd. officer responded at scene.
notes,incident at 6383 cedar lane. officer responded at scene.
notes,incident at 6383 oak ave. officer responded at scene.
notes,incident at 6385 oak ave. officer responded at scene.
notes,incident at 6386 cedar lane. officer responded at scene.
notes,incident at 6387 main st. officer responded at scene.
notes,incident at 6388 sunset blvd. officer responded at scene.
notes,incident at 639 elm blvd. officer responded at scene.
notes,incident at 6390 main st. officer responded at scene.
notes,incident at 6391 elm blvd. officer responded at scene.
notes,incident at 6392 sunset blvd. officer responded at scene.
notes,incident at 6393 cedar lane. officer responded at scene.
notes,incident at 6393 park rd. officer responded at scene.
notes,incident at 6394 lincoln st. officer responded at scene.
notes,incident at 6396 lincoln st. officer responded at scene.
notes,incident at 6396 maple dr. officer responded at scene.
notes,incident at 6399 cedar lane. officer responded at scene.
notes,incident at 6401 elm blvd. officer responded at scene.
notes,incident at 6404 main st. officer responded at scene.
notes,incident at 6406 washington ave. officer responded at scene.
notes,incident at 6407 lincoln st. officer responded at scene.
notes,incident at 6407 washington ave. officer responded at scene.
notes,incident at 6408 oak ave. officer responded at scene.
notes,incident at 6416 river rd. officer responded at scene.
notes,incident at 6419 sunset blvd. officer responded at scene.
notes,incident at 6427 river rd. officer responded at scene.
notes,incident at 6430 lincoln st. officer responded at scene.
notes,incident at 6432 park rd. officer responded at scene.
notes,incident at 6433 cedar lane. officer responded at scene.
notes,incident at 6436 sunset blvd. officer responded at scene.
notes,incident at 6437 maple dr. officer responded at scene.
notes,incident at 6438 elm blvd. officer responded at scene.
notes,incident at 6439 maple dr. officer responded at scene.
notes,incident at 644 elm blvd. officer responded at scene.
notes,incident at 6441 park rd. officer responded at scene.
notes,incident at 6442 main st. officer responded at scene.
notes,incident at 6444 washington ave. officer responded at scene.
notes,incident at 6446 maple dr. officer responded at scene.
notes,incident at 6446 river rd. officer responded at scene.
notes,incident at 6450 river rd. officer responded at scene.
notes,incident at 6454 main st. officer responded at scene.
notes,incident at 6455 elm blvd. officer responded at scene.
notes,incident at 6456 cedar lane. officer responded at scene.
notes,incident at 6464 oak ave. officer responded at scene.
notes,incident at 6465 main st. officer responded at scene.
notes,incident at 6468 maple dr. officer responded at scene.
notes,incident at 6469 main st. officer responded at scene.
notes,incident at 6471 oak ave. officer responded at scene.
notes,incident at 6472 cedar lane. officer responded at scene.
notes,incident at 6473 park rd. officer responded at scene.
notes,incident at 6475 cedar lane. officer responded at scene.
notes,incident at 6475 washington ave. officer responded at scene.
notes,incident at 6476 oak ave. officer responded at scene.
notes,incident at 6481 lincoln st. officer responded at scene.
notes,incident at 6481 maple dr. officer responded at scene.
notes,incident at 6484 river rd. officer responded at scene.
notes,incident at 6492 oak ave. officer responded at scene.
notes,incident at 6493 elm blvd. officer responded at scene.
notes,incident at 6494 elm blvd. officer responded at scene.
notes,incident at 6494 sunset blvd. officer responded at scene.
notes,incident at 6496 washington ave. officer responded at scene.
notes,incident at 6497 maple dr. officer responded at scene.
notes,incident at 65 oak ave. officer responded at scene.
notes,incident at 6502 river rd. officer responded at scene.
notes,incident at 6503 main st. officer responded at scene.
notes,incident at 6503 river rd. officer responded at scene.
notes,incident at 6508 maple dr. officer responded at scene.
notes,incident at 6509 cedar lane. officer responded at scene.
notes,incident at 6509 elm blvd. officer responded at scene.
notes,incident at 651 maple dr. officer responded at scene.
notes,incident at 6513 oak ave. officer responded at scene.
notes,incident at 652 park rd. officer responded at scene.
notes,incident at 6520 cedar lane. officer responded at scene.
notes,incident at 6520 sunset blvd. officer responded at scene.
notes,incident at 6522 river rd. officer responded at scene.
notes,incident at 6525 cedar lane. officer responded at scene.
notes,incident at 6525 sunset blvd. officer responded at scene.
notes,incident at 6529 sunset blvd. officer responded at scene.
notes,incident at 6534 lincoln st. officer responded at scene.
notes,incident at 6535 main st. officer responded at scene.
notes,incident at 6539 main st. officer responded at scene.
notes,incident at 6543 sunset blvd. officer responded at scene.
notes,incident at 6557 lincoln st. officer responded at scene.
notes,incident at 6558 main st. officer responded at scene.
notes,incident at 6559 main st. officer responded at scene.
notes,incident at 6559 maple dr. officer responded at scene.
notes,incident at 656 main st. officer responded at scene.
notes,incident at 656 maple dr. officer responded at scene.
notes,incident at 6560 park rd. officer responded at scene.
notes,incident at 6560 sunset blvd. officer responded at scene.
notes,incident at 6561 washington ave. officer responded at scene.
notes,incident at 6565 main st. officer responded at scene.
notes,incident at 6566 main st. officer responded at scene.
notes,incident at 6568 elm blvd. officer responded at scene.
notes,incident at 6568 washington ave. officer responded at scene.
notes,incident at 6584 washington ave. officer responded at scene.
notes,incident at 6587 elm blvd. officer responded at scene.
notes,incident at 6587 maple dr. officer responded at scene.
notes,incident at 6588 sunset blvd. officer responded at scene.
notes,incident at 6590 elm blvd. officer responded at scene.
notes,incident at 6590 maple dr. officer responded at scene.
notes,incident at 6592 cedar lane. officer responded at scene.
notes,incident at 6592 washington ave. officer responded at scene.
notes,incident at 6593 cedar lane. officer responded at scene.
notes,incident at 6595 cedar lane. officer responded at scene.
notes,incident at 6595 main st. officer responded at scene.
notes,incident at 6597 main st. officer responded at scene.
notes,incident at 6599 main st. officer responded at scene.
notes,incident at 6601 elm blvd. officer responded at scene.
notes,incident at 6603 sunset blvd. officer responded at scene.
notes,incident at 6605 lincoln st. officer responded at scene.
notes,incident at 6607 cedar lane. officer responded at scene.
notes,incident at 6608 elm blvd. officer responded at scene.
notes,incident at 6610 river rd. officer responded at scene.
notes,incident at 6611 river rd. officer responded at scene.
notes,incident at 6613 park rd. officer responded at scene.
notes,incident at 6615 main st. officer responded at scene.
notes,incident at 6617 cedar lane. officer responded at scene.
notes,incident at 6617 park rd. officer responded at scene.
notes,incident at 6623 elm blvd. officer responded at scene.
notes,incident at 6625 river rd. officer responded at scene.
notes,incident at 6626 park rd. officer responded at scene.
notes,incident at 6627 lincoln st. officer responded at scene.
notes,incident at 6628 elm blvd. officer responded at scene.
notes,incident at 6629 river rd. officer responded at scene.
notes,incident at 6629 sunset blvd. officer responded at scene.
notes,incident at 6633 elm blvd. officer responded at scene.
notes,incident at 6637 lincoln st. officer responded at scene.
notes,incident at 6637 main st. officer responded at scene.
notes,incident at 6642 elm blvd. officer responded at scene.
notes,incident at 6643 washington ave. officer responded at scene.
notes,incident at 6644 elm blvd. officer responded at scene.
notes,incident at 6644 maple dr. officer responded at scene.
notes,incident at 6645 sunset blvd. officer responded at scene.
notes,incident at 6653 main st. officer responded at scene.
notes,incident at 6654 river rd. officer responded at scene.
notes,incident at 6656 oak ave. officer responded at scene.
notes,incident at 6657 washington ave. officer responded at scene.
notes,incident at 6662 lincoln st. officer responded at scene.
notes,incident at 6668 maple dr. officer responded at scene.
notes,incident at 667 oak ave. officer responded at scene.
notes,incident at 6672 lincoln st. officer responded at scene.
notes,incident at 6673 maple dr. officer responded at scene.
notes,incident at 6677 washington ave. officer responded at scene.
notes,incident at 6683 washington ave. officer responded at scene.
notes,incident at 6685 main st. officer responded at scene.
notes,incident at 6685 sunset blvd. officer responded at scene.
notes,incident at 6686 river rd. officer responded at scene.
notes,incident at 6691 cedar lane. officer responded at scene.
notes,incident at 6691 washington ave. officer responded at scene.
notes,incident at 6693 lincoln st. officer responded at scene.
notes,incident at 6694 lincoln st. officer responded at scene.
notes,incident at 6695 elm blvd. officer responded at scene.
notes,incident at 670 elm blvd. officer responded at scene.
notes,incident at 670 sunset blvd. officer responded at scene.
notes,incident at 6700 park rd. officer responded at scene.
notes,incident at 6709 cedar lane. officer responded at scene.
notes,incident at 6709 maple dr. officer responded at scene.
notes,incident at 6712 oak ave. officer responded at scene.
notes,incident at 672 river rd. officer responded at scene.
notes,incident at 6723 park rd. officer responded at scene.
notes,incident at 6731 washington ave. officer responded at scene.
notes,incident at 6734 sunset blvd. officer responded at scene.
notes,incident at 6735 oak ave. officer responded at scene.
notes,incident at 6737 lincoln st. officer responded at scene.
notes,incident at 6738 park rd. officer responded at scene.
notes,incident at 6739 washington ave. officer responded at scene.
notes,incident at 6740 main st. officer responded at scene.
notes,incident at 6740 park rd. officer responded at scene.
notes,incident at 6744 elm blvd. officer responded at scene.
notes,incident at 6745 maple dr. officer responded at scene.
notes,incident at 6752 lincoln st. officer responded at scene.
notes,incident at 6756 river rd. officer responded at scene.
notes,incident at 6762 cedar lane. officer responded at scene.
notes,incident at 6765 elm blvd. officer responded at scene.
notes,incident at 6766 oak ave. officer responded at scene.
notes,incident at 6767 washington ave. officer responded at scene.
notes,incident at 6768 washington ave. officer responded at scene.
notes,incident at 6773 park rd. officer responded at scene.
notes,incident at 6777 oak ave. officer responded at scene.
notes,incident at 6777 park rd. officer responded at scene.
notes,incident at 678 elm blvd. officer responded at scene.
notes,incident at 678 sunset blvd. officer responded at scene.
notes,incident at 6780 maple dr. officer responded at scene.
notes,incident at 6781 maple dr. officer responded at scene.
notes,incident at 6784 maple dr. officer responded at scene.
notes,incident at 6785 cedar lane. officer responded at scene.
notes,incident at 6791 elm blvd. officer responded at scene.
notes,incident at 6793 sunset blvd. officer responded at scene.
notes,incident at 6795 maple dr. officer responded at scene.
notes,incident at 6800 sunset blvd. officer responded at scene.
notes,incident at 6801 river rd. officer responded at scene.
notes,incident at 6805 maple dr. officer responded at scene.
notes,incident at 6807 maple dr. officer responded at scene.
notes,incident at 6810 oak ave. officer responded at scene.
notes,incident at 6812 oak ave. officer responded at scene.
notes,incident at 6828 maple dr. officer responded at scene.
notes,incident at 6830 washington ave. officer responded at scene.
notes,incident at 6831 lincoln st. officer responded at scene.
notes,incident at 6838 park rd. officer responded at scene.
notes,incident at 6839 maple dr. officer responded at scene.
notes,incident at 6841 main st. officer responded at scene.
notes,incident at 6842 oak ave. officer responded at scene.
notes,incident at 6842 washington ave. officer responded at scene.
notes,incident at 6843 main st. officer responded at scene.
notes,incident at 685 sunset blvd. officer responded at scene.
notes,incident at 6850 cedar lane. officer responded at scene.
notes,incident at 6851 park rd. officer responded at scene.
notes,incident at 6853 sunset blvd. officer responded at scene.
notes,incident at 6854 park rd. officer responded at scene.
notes,incident at 6856 maple dr. officer responded at scene.
notes,incident at 6858 washington ave. officer responded at scene.
notes,incident at 6859 oak ave. officer responded at scene.
notes,incident at 6860 sunset blvd. officer responded at scene.
notes,incident at 6864 washington ave. officer responded at scene.
notes,incident at 6865 oak ave. officer responded at scene.
notes,incident at 6869 lincoln st. officer responded at scene.
notes,incident at 6870 oak ave. officer responded at scene.
notes,incident at 6871 maple dr. officer responded at scene.
notes,incident at 6874 elm blvd. officer responded at scene.
notes,incident at 6879 river rd. officer responded at scene.
notes,incident at 689 oak ave. officer responded at scene.
notes,incident at 6892 park rd. officer responded at scene.
notes,incident at 6893 maple dr. officer responded at scene.
notes,incident at 6893 washington ave. officer responded at scene.
notes,incident at 6894 elm blvd. officer responded at scene.
notes,incident at 6895 lincoln st. officer responded at scene.
notes,incident at 6895 oak ave. officer responded at scene.
notes,incident at 6898 lincoln st. officer responded at scene.
notes,incident at 6899 sunset blvd. officer responded at scene.
notes,incident at 69 cedar lane. officer responded at scene.
notes,incident at 69 main st. officer responded at scene.
notes,incident at 690 cedar lane. officer responded at scene.
notes,incident at 6900 oak ave. officer responded at scene.
notes,incident at 6904 maple dr. officer responded at scene.
notes,incident at 6906 park rd. officer responded at scene.
notes,incident at 6911 oak ave. officer responded at scene.
notes,incident at 6914 sunset blvd. officer responded at scene.
notes,incident at 6918 main st. officer responded at scene.
notes,incident at 6919 cedar lane. officer responded at scene.
notes,incident at 6919 park rd. officer responded at scene.
notes,incident at 6929 oak ave. officer responded at scene.
notes,incident at 6929 river rd. officer responded at scene.
notes,incident at 6930 elm blvd. officer responded at scene.
notes,incident at 6931 elm blvd. officer responded at scene.
notes,incident at 6932 lincoln st. officer responded at scene.
notes,incident at 6935 main st. officer responded at scene.
notes,incident at 6936 maple dr. officer responded at scene.
notes,incident at 6938 cedar lane. officer responded at scene.
notes,incident at 6940 maple dr. officer responded at scene.
notes,incident at 6941 maple dr. officer responded at scene.
notes,incident at 6944 cedar lane. officer responded at scene.
notes,incident at 695 washington ave. officer responded at scene.
notes,incident at 6958 cedar lane. officer responded at scene.
notes,incident at 6958 maple dr. officer responded at scene.
notes,incident at 6962 elm blvd. officer responded at scene.
notes,incident at 6963 washington ave. officer responded at scene.
notes,incident at 6967 cedar lane. officer responded at scene.
notes,incident at 6967 elm blvd. officer responded at scene.
notes,incident at 6968 oak ave. officer responded at scene.
notes,incident at 6970 elm blvd. officer responded at scene.
notes,incident at 6973 lincoln st. officer responded at scene.
notes,incident at 6973 washington ave. officer responded at scene.
notes,incident at 6974 park rd. officer responded at scene.
notes,incident at 6975 lincoln st. officer responded at scene.
notes,incident at 6976 cedar lane. officer responded at scene.
notes,incident at 6976 main st. officer responded at scene.
notes,incident at 6977 maple dr. officer responded at scene.
notes,incident at 6979 river rd. officer responded at scene.
notes,incident at 698 cedar lane. officer responded at scene.
notes,incident at 6980 oak ave. officer responded at scene.
notes,incident at 6981 main st. officer responded at scene.
notes,incident at 6985 main st. officer responded at scene.
notes,incident at 6986 river rd. officer responded at scene.
notes,incident at 6989 main st. officer responded at scene.
notes,incident at 6989 oak ave. officer responded at scene.
notes,incident at 699 oak ave. officer responded at scene.
notes,incident at 6994 washington ave. officer responded at scene.
notes,incident at 7 cedar lane. officer responded at scene.
notes,incident at 7000 maple dr. officer responded at scene.
notes,incident at 7000 river rd. officer responded at scene.
notes,incident at 7002 main st. officer responded at scene.
notes,incident at 7010 lincoln st. officer responded at scene.
notes,incident at 7012 elm blvd. officer responded at scene.
notes,incident at 7013 sunset blvd. officer responded at scene.
notes,incident at 7014 washington ave. officer responded at scene.
notes,incident at 7022 cedar lane. officer responded at scene.
notes,incident at 7022 park rd. officer responded at scene.
notes,incident at 7024 maple dr. officer responded at scene.
notes,incident at 7030 park rd. officer responded at scene.
notes,incident at 7032 washington ave. officer responded at scene.
notes,incident at 7033 maple dr. officer responded at scene.
notes,incident at 7034 lincoln st. officer responded at scene.
notes,incident at 7036 lincoln st. officer responded at scene.
notes,incident at 7039 lincoln st. officer responded at scene.
notes,incident at 7042 oak ave. officer responded at scene.
notes,incident at 7043 river rd. officer responded at scene.
notes,incident at 7048 lincoln st. officer responded at scene.
notes,incident at 7049 oak ave. officer responded at scene.
notes,incident at 7053 river rd. officer responded at scene.
notes,incident at 7055 elm blvd. officer responded at scene.
notes,incident at 7059 washington ave. officer responded at scene.
notes,incident at 706 river rd. officer responded at scene.
notes,incident at 7060 maple dr. officer responded at scene.
notes,incident at 7060 river rd. officer responded at scene.
notes,incident at 7060 washington ave. officer responded at scene.
notes,incident at 7061 elm blvd. officer responded at scene.
notes,incident at 7061 river rd. officer responded at scene.
notes,incident at 7062 main st. officer responded at scene.
notes,incident at 7069 main st. officer responded at scene.
notes,incident at 7072 maple dr. officer responded at scene.
notes,incident at 7080 sunset blvd. officer responded at scene.
notes,incident at 7083 sunset blvd. officer responded at scene.
notes,incident at 7084 sunset blvd. officer responded at scene.
notes,incident at 7087 washington ave. officer responded at scene.
notes,incident at 7088 oak ave. officer responded at scene.
notes,incident at 7089 oak ave. officer responded at scene.
notes,incident at 7090 main st. officer responded at scene.
notes,incident at 71 sunset blvd. officer responded at scene.
notes,incident at 7100 lincoln st. officer responded at scene.
notes,incident at 7100 oak ave. officer responded at scene.
notes,incident at 7102 sunset blvd. officer responded at scene.
notes,incident at 7103 cedar lane. officer responded at scene.
notes,incident at 7110 cedar lane. officer responded at scene.
notes,incident at 7114 park rd. officer responded at scene.
notes,incident at 7120 oak ave. officer responded at scene.
notes,incident at 7121 river rd. officer responded at scene.
notes,incident at 7133 washington ave. officer responded at scene.
notes,incident at 7137 lincoln st. officer responded at scene.
notes,incident at 7137 park rd. officer responded at scene.
notes,incident at 714 park rd. officer responded at scene.
notes,incident at 7140 cedar lane. officer responded at scene.
notes,incident at 7141 sunset blvd. officer responded at scene.
notes,incident at 7142 river rd. officer responded at scene.
notes,incident at 7147 oak ave. officer responded at scene.
notes,incident at 7149 oak ave. officer responded at scene.
notes,incident at 7152 main st. officer responded at scene.
notes,incident at 7154 sunset blvd. officer responded at scene.
notes,incident at 7155 park rd. officer responded at scene.
notes,incident at 7160 lincoln st. officer responded at scene.
notes,incident at 7163 park rd. officer responded at scene.
notes,incident at 7164 maple dr. officer responded at scene.
notes,incident at 7165 maple dr. officer responded at scene.
notes,incident at 7166 sunset blvd. officer responded at scene.
notes,incident at 717 maple dr. officer responded at scene.
notes,incident at 717 sunset blvd. officer responded at scene.
notes,incident at 7173 washington ave. officer responded at scene.
notes,incident at 7174 main st. officer responded at scene.
notes,incident at 7178 washington ave. officer responded at scene.
notes,incident at 7179 cedar lane. officer responded at scene.
notes,incident at 718 cedar lane. officer responded at scene.
notes,incident at 718 main st. officer responded at scene.
notes,incident at 7180 lincoln st. officer responded at scene.
notes,incident at 7184 washington ave. officer responded at scene.
notes,incident at 7189 main st. officer responded at scene.
notes,incident at 7190 lincoln st. officer responded at scene.
notes,incident at 7197 cedar lane. officer responded at scene.
notes,incident at 7198 park rd. officer responded at scene.
notes,incident at 7200 park rd. officer responded at scene.
notes,incident at 7205 main st. officer responded at scene.
notes,incident at 7206 river rd. officer responded at scene.
notes,incident at 7208 oak ave. officer responded at scene.
notes,incident at 7210 maple dr. officer responded at scene.
notes,incident at 7211 washington ave. officer responded at scene.
notes,incident at 7213 main st. officer responded at scene.
notes,incident at 7213 park rd. officer responded at scene.
notes,incident at 7215 oak ave. officer responded at scene.
notes,incident at 7220 river rd. officer responded at scene.
notes,incident at 7221 maple dr. officer responded at scene.
notes,incident at 7222 elm blvd. officer responded at scene.
notes,incident at 7226 oak ave. officer responded at scene.
notes,incident at 7227 elm blvd. officer responded at scene.
notes,incident at 7228 maple dr. officer responded at scene.
notes,incident at 7234 elm blvd. officer responded at scene.
notes,incident at 7236 elm blvd. officer responded at scene.
notes,incident at 7236 maple dr. officer responded at scene.
notes,incident at 7240 river rd. officer responded at scene.
notes,incident at 7244 maple dr. officer responded at scene.
notes,incident at 7247 elm blvd. officer responded at scene.
notes,incident at 7249 elm blvd. officer responded at scene.
notes,incident at 725 maple dr. officer responded at scene.
notes,incident at 7251 elm blvd. officer responded at scene.
notes,incident at 7251 lincoln st. officer responded at scene.
notes,incident at 7253 main st. officer responded at scene.
notes,incident at 7254 maple dr. officer responded at scene.
notes,incident at 7255 sunset blvd. officer responded at scene.
notes,incident at 7259 cedar lane. officer responded at scene.
notes,incident at 7259 river rd. officer responded at scene.
notes,incident at 726 elm blvd. officer responded at scene.
notes,incident at 7260 oak ave. officer responded at scene.
notes,incident at 7260 park rd. officer responded at scene.
notes,incident at 7260 washington ave. officer responded at scene.
notes,incident at 727 lincoln st. officer responded at scene.
notes,incident at 727 park rd. officer responded at scene.
notes,incident at 7272 elm blvd. officer responded at scene.
notes,incident at 7272 maple dr. officer responded at scene.
notes,incident at 7273 cedar lane. officer responded at scene.
notes,incident at 728 park rd. officer responded at scene.
notes,incident at 7289 elm blvd. officer responded at scene.
notes,incident at 7292 cedar lane. officer responded at scene.
notes,incident at 7292 river rd. officer responded at scene.
notes,incident at 7293 lincoln st. officer responded at scene.
notes,incident at 730 cedar lane. officer responded at scene.
notes,incident at 730 oak ave. officer responded at scene.
notes,incident at 7300 elm blvd. officer responded at scene.
notes,incident at 7301 sunset blvd. officer responded at scene.
notes,incident at 7302 cedar lane. officer responded at scene.
notes,incident at 7303 oak ave. officer responded at scene.
notes,incident at 7304 river rd. officer responded at scene.
notes,incident at 7306 cedar lane. officer responded at scene.
notes,incident at 7306 park rd. officer responded at scene.
notes,incident at 7308 river rd. officer responded at scene.
notes,incident at 7309 main st. officer responded at scene.
notes,incident at 7309 park rd. officer responded at scene.
notes,incident at 7309 river rd. officer responded at scene.
notes,incident at 7310 river rd. officer responded at scene.
notes,incident at 7310 washington ave. officer responded at scene.
notes,incident at 7311 elm blvd. officer responded at scene.
notes,incident at 7319 river rd. officer responded at scene.
notes,incident at 7324 cedar lane. officer responded at scene.
notes,incident at 7326 park rd. officer responded at scene.
notes,incident at 7330 maple dr. officer responded at scene.
notes,incident at 7331 park rd. officer responded at scene.
notes,incident at 7336 park rd. officer responded at scene.
notes,incident at 7339 park rd. officer responded at scene.
notes,incident at 7342 sunset blvd. officer responded at scene.
notes,incident at 7344 elm blvd. officer responded at scene.
notes,incident at 7344 park rd. officer responded at scene.
notes,incident at 7349 park rd. officer responded at scene.
notes,incident at 7350 elm blvd. officer responded at scene.
notes,incident at 7350 lincoln st. officer responded at scene.
notes,incident at 7351 oak ave. officer responded at scene.
notes,incident at 7358 cedar lane. officer responded at scene.
notes,incident at 7358 oak ave. officer responded at scene.
notes,incident at 7361 cedar lane. officer responded at scene.
notes,incident at 7365 river rd. officer responded at scene.
notes,incident at 7366 river rd. officer responded at scene.
notes,incident at 7369 lincoln st. officer responded at scene.
notes,incident at 7375 elm blvd. officer responded at scene.
notes,incident at 7376 washington ave. officer responded at scene.
notes,incident at 7379 park rd. officer responded at scene.
notes,incident at 7384 elm blvd. officer responded at scene.
notes,incident at 7384 park rd. officer responded at scene.
notes,incident at 7385 cedar lane. officer responded at scene.
notes,incident at 7386 main st. officer responded at scene.
notes,incident at 7388 main st. officer responded at scene.
notes,incident at 739 elm blvd. officer responded at scene.
notes,incident at 7394 cedar lane. officer responded at scene.
notes,incident at 7395 washington ave. officer responded at scene.
notes,incident at 7399 sunset blvd. officer responded at scene.
notes,incident at 7400 oak ave. officer responded at scene.
notes,incident at 7404 main st. officer responded at scene.
notes,incident at 7405 park rd. officer responded at scene.
notes,incident at 7406 washington ave. officer responded at scene.
notes,incident at 741 lincoln st. officer responded at scene.
notes,incident at 7416 elm blvd. officer responded at scene.
notes,incident at 7418 main st. officer responded at scene.
notes,incident at 7421 elm blvd. officer responded at scene.
notes,incident at 7423 river rd. officer responded at scene.
notes,incident at 7424 lincoln st. officer responded at scene.
notes,incident at 7424 park rd. officer responded at scene.
notes,incident at 7424 washington ave. officer responded at scene.
notes,incident at 7427 main st. officer responded at scene.
notes,incident at 7428 washington ave. officer responded at scene.
notes,incident at 743 maple dr. officer responded at scene.
notes,incident at 743 oak ave. officer responded at scene.
notes,incident at 7430 main st. officer responded at scene.
notes,incident at 7434 sunset blvd. officer responded at scene.
notes,incident at 7437 elm blvd. officer responded at scene.
notes,incident at 7441 main st. officer responded at scene.
notes,incident at 7445 oak ave. officer responded at scene.
notes,incident at 7447 elm blvd. officer responded at scene.
notes,incident at 7447 river rd. officer responded at scene.
notes,incident at 7448 river rd. officer responded at scene.
notes,incident at 7450 sunset blvd. officer responded at scene.
notes,incident at 7451 maple dr. officer responded at scene.
notes,incident at 7464 cedar lane. officer responded at scene.
notes,incident at 7466 cedar lane. officer responded at scene.
notes,incident at 7467 main st. officer responded at scene.
notes,incident at 7467 oak ave. officer responded at scene.
notes,incident at 747 sunset blvd. officer responded at scene.
notes,incident at 7472 lincoln st. officer responded at scene.
notes,incident at 7472 main st. officer responded at scene.
notes,incident at 7473 oak ave. officer responded at scene.
notes,incident at 7475 cedar lane. officer responded at scene.
notes,incident at 7476 maple dr. officer responded at scene.
notes,incident at 7480 main st. officer responded at scene.
notes,incident at 7480 washington ave. officer responded at scene.
notes,incident at 7481 oak ave. officer responded at scene.
notes,incident at 7482 elm blvd. officer responded at scene.
notes,incident at 7482 washington ave. officer responded at scene.
notes,incident at 7485 main st. officer responded at scene.
notes,incident at 7486 maple dr. officer responded at scene.
notes,incident at 7490 park rd. officer responded at scene.
notes,incident at 7490 sunset blvd. officer responded at scene.
notes,incident at 7494 sunset blvd. officer responded at scene.
notes,incident at 7496 oak ave. officer responded at scene.
notes,incident at 7497 elm blvd. officer responded at scene.
notes,incident at 7500 elm blvd. officer responded at scene.
notes,incident at 7500 park rd. officer responded at scene.
notes,incident at 7508 river rd. officer responded at scene.
notes,incident at 7509 sunset blvd. officer responded at scene.
notes,incident at 751 park rd. officer responded at scene.
notes,incident at 7510 oak ave. officer responded at scene.
notes,incident at 7510 sunset blvd. officer responded at scene.
notes,incident at 7515 elm blvd. officer responded at scene.
notes,incident at 7519 sunset blvd. officer responded at scene.
notes,incident at 7519 washington ave. officer responded at scene.
notes,incident at 7522 main st. officer responded at scene.
notes,incident at 7525 river rd. officer responded at scene.
notes,incident at 7530 elm blvd. officer responded at scene.
notes,incident at 7531 maple dr. officer responded at scene.
notes,incident at 7536 maple dr. officer responded at scene.
notes,incident at 7536 river rd. officer responded at scene.
notes,incident at 7536 washington ave. officer responded at scene.
notes,incident at 7537 cedar lane. officer responded at scene.
notes,incident at 7537 oak ave. officer responded at scene.
notes,incident at 7540 oak ave. officer responded at scene.
notes,incident at 7540 river rd. officer responded at scene.
notes,incident at 7541 oak ave. officer responded at scene.
notes,incident at 7544 oak ave. officer responded at scene.
notes,incident at 7546 cedar lane. officer responded at scene.
notes,incident at 7549 cedar lane. officer responded at scene.
notes,incident at 7550 oak ave. officer responded at scene.
notes,incident at 7551 cedar lane. officer responded at scene.
notes,incident at 7552 sunset blvd. officer responded at scene.
notes,incident at 756 cedar lane. officer responded at scene.
notes,incident at 7560 cedar lane. officer responded at scene.
notes,incident at 7562 elm blvd. officer responded at scene.
notes,incident at 757 washington ave. officer responded at scene.
notes,incident at 7573 park rd. officer responded at scene.
notes,incident at 7575 elm blvd. officer responded at scene.
notes,incident at 7575 main st. officer responded at scene.
notes,incident at 7576 main st. officer responded at scene.
notes,incident at 7577 river rd. officer responded at scene.
notes,incident at 758 park rd. officer responded at scene.
notes,incident at 758 river rd. officer responded at scene.
notes,incident at 7584 park rd. officer responded at scene.
notes,incident at 7585 washington ave. officer responded at scene.
notes,incident at 7588 elm blvd. officer responded at scene.
notes,incident at 759 oak ave. officer responded at scene.
notes,incident at 7591 lincoln st. officer responded at scene.
notes,incident at 7594 sunset blvd. officer responded at scene.
notes,incident at 7596 elm blvd. officer responded at scene.
notes,incident at 76 sunset blvd. officer responded at scene.
notes,incident at 760 elm blvd. officer responded at scene.
notes,incident at 760 oak ave. officer responded at scene.
notes,incident at 760 river rd. officer responded at scene.
notes,incident at 7600 washington ave. officer responded at scene.
notes,incident at 7603 park rd. officer responded at scene.
notes,incident at 7603 river rd. officer responded at scene.
notes,incident at 7610 cedar lane. officer responded at scene.
notes,incident at 7614 main st. officer responded at scene.
notes,incident at 7618 main st. officer responded at scene.
notes,incident at 7619 maple dr. officer responded at scene.
notes,incident at 7623 elm blvd. officer responded at scene.
notes,incident at 7624 main st. officer responded at scene.
notes,incident at 7625 park rd. officer responded at scene.
notes,incident at 7633 washington ave. officer responded at scene.
notes,incident at 7636 washington ave. officer responded at scene.
notes,incident at 7637 sunset blvd. officer responded at scene.
notes,incident at 7638 main st. officer responded at scene.
notes,incident at 764 cedar lane. officer responded at scene.
notes,incident at 7643 maple dr. officer responded at scene.
notes,incident at 765 river rd. officer responded at scene.
notes,incident at 7650 maple dr. officer responded at scene.
notes,incident at 7650 oak ave. officer responded at scene.
notes,incident at 7651 sunset blvd. officer responded at scene.
notes,incident at 7653 park rd. officer responded at scene.
notes,incident at 7657 elm blvd. officer responded at scene.
notes,incident at 7661 cedar lane. officer responded at scene.
notes,incident at 7662 river rd. officer responded at scene.
notes,incident at 7664 lincoln st. officer responded at scene.
notes,incident at 7668 oak ave. officer responded at scene.
notes,incident at 7668 washington ave. officer responded at scene.
notes,incident at 767 washington ave. officer responded at scene.
notes,incident at 7673 cedar lane. officer responded at scene.
notes,incident at 7673 park rd. officer responded at scene.
notes,incident at 7675 washington ave. officer responded at scene.
notes,incident at 7678 maple dr. officer responded at scene.
notes,incident at 7683 park rd. officer responded at scene.
notes,incident at 7689 river rd. officer responded at scene.
notes,incident at 7693 sunset blvd. officer responded at scene.
notes,incident at 7694 cedar lane. officer responded at scene.
notes,incident at 7698 oak ave. officer responded at scene.
notes,incident at 7700 sunset blvd. officer responded at scene.
notes,incident at 7701 maple dr. officer responded at scene.
notes,incident at 7702 lincoln st. officer responded at scene.
notes,incident at 7703 elm blvd. officer responded at scene.
notes,incident at 7703 river rd. officer responded at scene.
notes,incident at 7704 sunset blvd. officer responded at scene.
notes,incident at 7705 oak ave. officer responded at scene.
notes,incident at 771 elm blvd. officer responded at scene.
notes,incident at 7712 maple dr. officer responded at scene.
notes,incident at 7714 washington ave. officer responded at scene.
notes,incident at 7717 elm blvd. officer responded at scene.
notes,incident at 7718 main st. officer responded at scene.
notes,incident at 7722 oak ave. officer responded at scene.
notes,incident at 7732 maple dr. officer responded at scene.
notes,incident at 7733 washington ave. officer responded at scene.
notes,incident at 7734 main st. officer responded at scene.
notes,incident at 7735 cedar lane. officer responded at scene.
notes,incident at 7735 main st. officer responded at scene.
notes,incident at 7735 sunset blvd. officer responded at scene.
notes,incident at 7739 main st. officer responded at scene.
notes,incident at 774 maple dr. officer responded at scene.
notes,incident at 774 river rd. officer responded at scene.
notes,incident at 7740 main st. officer responded at scene.
notes,incident at 7742 cedar lane. officer responded at scene.
notes,incident at 7746 maple dr. officer responded at scene.
notes,incident at 7747 washington ave. officer responded at scene.
notes,incident at 7748 oak ave. officer responded at scene.
notes,incident at 775 cedar lane. officer responded at scene.
notes,incident at 775 park rd. officer responded at scene.
notes,incident at 7750 elm blvd. officer responded at scene.
notes,incident at 7750 lincoln st. officer responded at scene.
notes,incident at 7751 main st. officer responded at scene.
notes,incident at 7751 washington ave. officer responded at scene.
notes,incident at 7754 main st. officer responded at scene.
notes,incident at 7760 oak ave. officer responded at scene.
notes,incident at 7765 elm blvd. officer responded at scene.
notes,incident at 7773 maple dr. officer responded at scene.
notes,incident at 7775 cedar lane. officer responded at scene.
notes,incident at 7778 sunset blvd. officer responded at scene.
notes,incident at 7779 park rd. officer responded at scene.
notes,incident at 778 lincoln st. officer responded at scene.
notes,incident at 7780 park rd. officer responded at scene.
notes,incident at 7781 elm blvd. officer responded at scene.
notes,incident at 7784 washington ave. officer responded at scene.
notes,incident at 7785 oak ave. officer responded at scene.
notes,incident at 7789 river rd. officer responded at scene.
notes,incident at 779 cedar lane. officer responded at scene.
notes,incident at 7793 cedar lane. officer responded at scene.
notes,incident at 7797 oak ave. officer responded at scene.
notes,incident at 7798 maple dr. officer responded at scene.
notes,incident at 7802 washington ave. officer responded at scene.
notes,incident at 7804 river rd. officer responded at scene.
notes,incident at 7805 lincoln st. officer responded at scene.
notes,incident at 7810 elm blvd. officer responded at scene.
notes,incident at 7813 river rd. officer responded at scene.
notes,incident at 782 washington ave. officer responded at scene.
notes,incident at 7824 main st. officer responded at scene.
notes,incident at 7824 maple dr. officer responded at scene.
notes,incident at 7833 main st. officer responded at scene.
notes,incident at 7834 river rd. officer responded at scene.
notes,incident at 7837 river rd. officer responded at scene.
notes,incident at 784 main st. officer responded at scene.
notes,incident at 7840 oak ave. officer responded at scene.
notes,incident at 7843 river rd. officer responded at scene.
notes,incident at 7850 main st. officer responded at scene.
notes,incident at 7852 lincoln st. officer responded at scene.
notes,incident at 7857 washington ave. officer responded at scene.
notes,incident at 7858 elm blvd. officer responded at scene.
notes,incident at 7863 sunset blvd. officer responded at scene.
notes,incident at 7864 sunset blvd. officer responded at scene.
notes,incident at 7867 maple dr. officer responded at scene.
notes,incident at 7873 washington ave. officer responded at scene.
notes,incident at 7874 washington ave. officer responded at scene.
notes,incident at 7878 cedar lane. officer responded at scene.
notes,incident at 7881 sunset blvd. officer responded at scene.
notes,incident at 7883 park rd. officer responded at scene.
notes,incident at 7884 park rd. officer responded at scene.
notes,incident at 7885 sunset blvd. officer responded at scene.
notes,incident at 7887 lincoln st. officer responded at scene.
notes,incident at 7887 main st. officer responded at scene.
notes,incident at 7888 elm blvd. officer responded at scene.
notes,incident at 7888 lincoln st. officer responded at scene.
notes,incident at 7889 main st. officer responded at scene.
notes,incident at 7889 park rd. officer responded at scene.
notes,incident at 789 sunset blvd. officer responded at scene.
notes,incident at 7892 lincoln st. officer responded at scene.
notes,incident at 7894 oak ave. officer responded at scene.
notes,incident at 7895 river rd. officer responded at scene.
notes,incident at 7898 main st. officer responded at scene.
notes,incident at 7899 elm blvd. officer responded at scene.
notes,incident at 7900 lincoln st. officer responded at scene.
notes,incident at 7900 park rd. officer responded at scene.
notes,incident at 7901 maple dr. officer responded at scene.
notes,incident at 7904 main st. officer responded at scene.
notes,incident at 7906 lincoln st. officer responded at scene.
notes,incident at 7906 park rd. officer responded at scene.
notes,incident at 7906 sunset blvd. officer responded at scene.
notes,incident at 7908 oak ave. officer responded at scene.
notes,incident at 7911 elm blvd. officer responded at scene.
notes,incident at 7914 main st. officer responded at scene.
notes,incident at 7914 maple dr. officer responded at scene.
notes,incident at 7918 cedar lane. officer responded at scene.
notes,incident at 7924 maple dr. officer responded at scene.
notes,incident at 7926 lincoln st. officer responded at scene.
notes,incident at 7927 main st. officer responded at scene.
notes,incident at 7927 oak ave. officer responded at scene.
notes,incident at 7929 lincoln st. officer responded at scene.
notes,incident at 7931 sunset blvd. officer responded at scene.
notes,incident at 7935 maple dr. officer responded at scene.
notes,incident at 7937 elm blvd. officer responded at scene.
notes,incident at 7939 washington ave. officer responded at scene.
notes,incident at 7940 park rd. officer responded at scene.
notes,incident at 7942 river rd. officer responded at scene.
notes,incident at 7945 elm blvd. officer responded at scene.
notes,incident at 7949 washington ave. officer responded at scene.
notes,incident at 7952 park rd. officer responded at scene.
notes,incident at 7957 sunset blvd. officer responded at scene.
notes,incident at 7962 river rd. officer responded at scene.
notes,incident at 7966 cedar lane. officer responded at scene.
notes,incident at 7968 cedar lane. officer responded at scene.
notes,incident at 797 oak ave. officer responded at scene.
notes,incident at 7984 river rd. officer responded at scene.
notes,incident at 7985 main st. officer responded at scene.
notes,incident at 7989 elm blvd. officer responded at scene.
notes,incident at 7994 cedar lane. officer responded at scene.
notes,incident at 7994 lincoln st. officer responded at scene.
notes,incident at 8 river rd. officer responded at scene.
notes,incident at 80 lincoln st. officer responded at scene.
notes,incident at 8000 oak ave. officer responded at scene.
notes,incident at 8010 park rd. officer responded at scene.
notes,incident at 8013 main st. officer responded at scene.
notes,incident at 8013 river rd. officer responded at scene.
notes,incident at 8013 sunset blvd. officer responded at scene.
notes,incident at 8016 elm blvd. officer responded at scene.
notes,incident at 802 elm blvd. officer responded at scene.
notes,incident at 8021 maple dr. officer responded at scene.
notes,incident at 8024 lincoln st. officer responded at scene.
notes,incident at 8024 park rd. officer responded at scene.
notes,incident at 8025 elm blvd. officer responded at scene.
notes,incident at 8027 maple dr. officer responded at scene.
notes,incident at 8030 main st. officer responded at scene.
notes,incident at 8033 river rd. officer responded at scene.
notes,incident at 8036 river rd. officer responded at scene.
notes,incident at 8038 washington ave. officer responded at scene.
notes,incident at 8040 sunset blvd. officer responded at scene.
notes,incident at 8042 cedar lane. officer responded at scene.
notes,incident at 8044 oak ave. officer responded at scene.
notes,incident at 8046 maple dr. officer responded at scene.
notes,incident at 8048 park rd. officer responded at scene.
notes,incident at 8050 sunset blvd. officer responded at scene.
notes,incident at 8054 lincoln st. officer responded at scene.
notes,incident at 8060 oak ave. officer responded at scene.
notes,incident at 8061 oak ave. officer responded at scene.
notes,incident at 8061 river rd. officer responded at scene.
notes,incident at 8063 elm blvd. officer responded at scene.
notes,incident at 8069 maple dr. officer responded at scene.
notes,incident at 8073 maple dr. officer responded at scene.
notes,incident at 8073 oak ave. officer responded at scene.
notes,incident at 8075 park rd. officer responded at scene.
notes,incident at 8076 river rd. officer responded at scene.
notes,incident at 8078 cedar lane. officer responded at scene.
notes,incident at 8078 elm blvd. officer responded at scene.
notes,incident at 8078 maple dr. officer responded at scene.
notes,incident at 8079 oak ave. officer responded at scene.
notes,incident at 808 main st. officer responded at scene.
notes,incident at 808 park rd. officer responded at scene.
notes,incident at 808 washington ave. officer responded at scene.
notes,incident at 8080 lincoln st. officer responded at scene.
notes,incident at 8086 park rd. officer responded at scene.
notes,incident at 809 elm blvd. officer responded at scene.
notes,incident at 809 sunset blvd. officer responded at scene.
notes,incident at 8094 elm blvd. officer responded at scene.
notes,incident at 8095 maple dr. officer responded at scene.
notes,incident at 8099 cedar lane. officer responded at scene.
notes,incident at 810 main st. officer responded at scene.
notes,incident at 810 sunset blvd. officer responded at scene.
notes,incident at 8101 sunset blvd. officer responded at scene.
notes,incident at 8103 main st. officer responded at scene.
notes,incident at 8106 lincoln st. officer responded at scene.
notes,incident at 8118 cedar lane. officer responded at scene.
notes,incident at 8121 maple dr. officer responded at scene.
notes,incident at 8126 park rd. officer responded at scene.
notes,incident at 8136 lincoln st. officer responded at scene.
notes,incident at 8137 cedar lane. officer responded at scene.
notes,incident at 8137 sunset blvd. officer responded at scene.
notes,incident at 8139 oak ave. officer responded at scene.
notes,incident at 8139 sunset blvd. officer responded at scene.
notes,incident at 8142 oak ave. officer responded at scene.
notes,incident at 8143 maple dr. officer responded at scene.
notes,incident at 8144 sunset blvd. officer responded at scene.
notes,incident at 8149 sunset blvd. officer responded at scene.
notes,incident at 815 sunset blvd. officer responded at scene.
notes,incident at 8150 park rd. officer responded at scene.
notes,incident at 8154 main st. officer responded at scene.
notes,incident at 8160 park rd. officer responded at scene.
notes,incident at 8164 sunset blvd. officer responded at scene.
notes,incident at 8171 river rd. officer responded at scene.
notes,incident at 8171 sunset blvd. officer responded at scene.
notes,incident at 818 elm blvd. officer responded at scene.
notes,incident at 8180 river rd. officer responded at scene.
notes,incident at 8183 maple dr. officer responded at scene.
notes,incident at 8183 sunset blvd. officer responded at scene.
notes,incident at 8186 cedar lane. officer responded at scene.
notes,incident at 8186 main st. officer responded at scene.
notes,incident at 8190 sunset blvd. officer responded at scene.
notes,incident at 8197 maple dr. officer responded at scene.
notes,incident at 8197 river rd. officer responded at scene.
notes,incident at 8199 cedar lane. officer responded at scene.
notes,incident at 8200 oak ave. officer responded at scene.
notes,incident at 8201 lincoln st. officer responded at scene.
notes,incident at 8203 elm blvd. officer responded at scene.
notes,incident at 8203 oak ave. officer responded at scene.
notes,incident at 8205 cedar lane. officer responded at scene.
notes,incident at 8206 washington ave. officer responded at scene.
notes,incident at 8211 elm blvd. officer responded at scene.
notes,incident at 8214 sunset blvd. officer responded at scene.
notes,incident at 8218 park rd. officer responded at scene.
notes,incident at 822 lincoln st. officer responded at scene.
notes,incident at 8221 lincoln st. officer responded at scene.
notes,incident at 8221 sunset blvd. officer responded at scene.
notes,incident at 8221 washington ave. officer responded at scene.
notes,incident at 8227 cedar lane. officer responded at scene.
notes,incident at 8236 elm blvd. officer responded at scene.
notes,incident at 8239 main st. officer responded at scene.
notes,incident at 824 maple dr. officer responded at scene.
notes,incident at 8244 cedar lane. officer responded at scene.
notes,incident at 8249 main st. officer responded at scene.
notes,incident at 8250 lincoln st. officer responded at scene.
notes,incident at 8251 sunset blvd. officer responded at scene.
notes,incident at 8252 sunset blvd. officer responded at scene.
notes,incident at 8261 elm blvd. officer responded at scene.
notes,incident at 8266 lincoln st. officer responded at scene.
notes,incident at 8268 sunset blvd. officer responded at scene.
notes,incident at 8270 lincoln st. officer responded at scene.
notes,incident at 8272 sunset blvd. officer responded at scene.
notes,incident at 8273 elm blvd. officer responded at scene.
notes,incident at 8276 maple dr. officer responded at scene.
notes,incident at 8279 park rd. officer responded at scene.
notes,incident at 828 cedar lane. officer responded at scene.
notes,incident at 828 park rd. officer responded at scene.
notes,incident at 8280 lincoln st. officer responded at scene.
notes,incident at 8280 sunset blvd. officer responded at scene.
notes,incident at 8284 maple dr. officer responded at scene.
notes,incident at 8287 river rd. officer responded at scene.
notes,incident at 8290 sunset blvd. officer responded at scene.
notes,incident at 8293 river rd. officer responded at scene.
notes,incident at 8293 sunset blvd. officer responded at scene.
notes,incident at 8294 sunset blvd. officer responded at scene.
notes,incident at 8295 elm blvd. officer responded at scene.
notes,incident at 8295 main st. officer responded at scene.
notes,incident at 8297 elm blvd. officer responded at scene.
notes,incident at 8299 main st. officer responded at scene.
notes,incident at 83 elm blvd. officer responded at scene.
notes,incident at 8303 lincoln st. officer responded at scene.
notes,incident at 8304 cedar lane. officer responded at scene.
notes,incident at 8305 elm blvd. officer responded at scene.
notes,incident at 8308 oak ave. officer responded at scene.
notes,incident at 8309 park rd. officer responded at scene.
notes,incident at 8311 lincoln st. officer responded at scene.
notes,incident at 8314 elm blvd. officer responded at scene.
notes,incident at 8317 cedar lane. officer responded at scene.
notes,incident at 8317 maple dr. officer responded at scene.
notes,incident at 8318 lincoln st. officer responded at scene.
notes,incident at 8319 washington ave. officer responded at scene.
notes,incident at 832 park rd. officer responded at scene.
notes,incident at 8320 oak ave. officer responded at scene.
notes,incident at 8323 oak ave. officer responded at scene.
notes,incident at 8330 main st. officer responded at scene.
notes,incident at 8330 sunset blvd. officer responded at scene.
notes,incident at 8331 maple dr. officer responded at scene.
notes,incident at 8332 lincoln st. officer responded at scene.
notes,incident at 8334 cedar lane. officer responded at scene.
notes,incident at 8336 maple dr. officer responded at scene.
notes,incident at 8338 sunset blvd. officer responded at scene.
notes,incident at 834 main st. officer responded at scene.
notes,incident at 8341 washington ave. officer responded at scene.
notes,incident at 8345 washington ave. officer responded at scene.
notes,incident at 8347 park rd. officer responded at scene.
notes,incident at 8348 river rd. officer responded at scene.
notes,incident at 835 cedar lane. officer responded at scene.
notes,incident at 835 elm blvd. officer responded at scene.
notes,incident at 8355 washington ave. officer responded at scene.
notes,incident at 8356 elm blvd. officer responded at scene.
notes,incident at 8356 main st. officer responded at scene.
notes,incident at 8356 maple dr. officer responded at scene.
notes,incident at 8357 washington ave. officer responded at scene.
notes,incident at 8358 cedar lane. officer responded at scene.
notes,incident at 8359 cedar lane. officer responded at scene.
notes,incident at 836 sunset blvd. officer responded at scene.
notes,incident at 8360 sunset blvd. officer responded at scene.
notes,incident at 8362 sunset blvd. officer responded at scene.
notes,incident at 8365 sunset blvd. officer responded at scene.
notes,incident at 8368 oak ave. officer responded at scene.
notes,incident at 8368 river rd. officer responded at scene.
notes,incident at 8368 sunset blvd. officer responded at scene.
notes,incident at 8369 river rd. officer responded at scene.
notes,incident at 8369 washington ave. officer responded at scene.
notes,incident at 8373 river rd. officer responded at scene.
notes,incident at 8374 park rd. officer responded at scene.
notes,incident at 8377 cedar lane. officer responded at scene.
notes,incident at 8379 sunset blvd. officer responded at scene.
notes,incident at 8380 lincoln st. officer responded at scene.
notes,incident at 8382 lincoln st. officer responded at scene.
notes,incident at 8382 maple dr. officer responded at scene.
notes,incident at 8384 oak ave. officer responded at scene.
notes,incident at 8385 main st. officer responded at scene.
notes,incident at 839 sunset blvd. officer responded at scene.
notes,incident at 8391 river rd. officer responded at scene.
notes,incident at 8393 park rd. officer responded at scene.
notes,incident at 8393 sunset blvd. officer responded at scene.
notes,incident at 8396 main st. officer responded at scene.
notes,incident at 8399 main st. officer responded at scene.
notes,incident at 84 lincoln st. officer responded at scene.
notes,incident at 84 river rd. officer responded at scene.
notes,incident at 84 sunset blvd. officer responded at scene.
notes,incident at 8402 sunset blvd. officer responded at scene.
notes,incident at 8405 cedar lane. officer responded at scene.
notes,incident at 8407 sunset blvd. officer responded at scene.
notes,incident at 841 lincoln st. officer responded at scene.
notes,incident at 8412 washington ave. officer responded at scene.
notes,incident at 8417 park rd. officer responded at scene.
notes,incident at 8419 lincoln st. officer responded at scene.
notes,incident at 8419 main st. officer responded at scene.
notes,incident at 842 elm blvd. officer responded at scene.
notes,incident at 842 river rd. officer responded at scene.
notes,incident at 8420 river rd. officer responded at scene.
notes,incident at 8423 oak ave. officer responded at scene.
notes,incident at 8425 washington ave. officer responded at scene.
notes,incident at 8427 river rd. officer responded at scene.
notes,incident at 8429 washington ave. officer responded at scene.
notes,incident at 8435 oak ave. officer responded at scene.
notes,incident at 8437 elm blvd. officer responded at scene.
notes,incident at 8440 oak ave. officer responded at scene.
notes,incident at 8443 river rd. officer responded at scene.
notes,incident at 8444 lincoln st. officer responded at scene.
notes,incident at 8445 cedar lane. officer responded at scene.
notes,incident at 8445 park rd. officer responded at scene.
notes,incident at 8446 main st. officer responded at scene.
notes,incident at 8448 lincoln st. officer responded at scene.
notes,incident at 845 river rd. officer responded at scene.
notes,incident at 8456 maple dr. officer responded at scene.
notes,incident at 8457 lincoln st. officer responded at scene.
notes,incident at 8458 main st. officer responded at scene.
notes,incident at 8463 cedar lane. officer responded at scene.
notes,incident at 8464 lincoln st. officer responded at scene.
notes,incident at 8465 washington ave. officer responded at scene.
notes,incident at 8475 elm blvd. officer responded at scene.
notes,incident at 8477 elm blvd. officer responded at scene.
notes,incident at 8477 lincoln st. officer responded at scene.
notes,incident at 848 cedar lane. officer responded at scene.
notes,incident at 848 river rd. officer responded at scene.
notes,incident at 8482 elm blvd. officer responded at scene.
notes,incident at 8483 washington ave. officer responded at scene.
notes,incident at 8486 river rd. officer responded at scene.
notes,incident at 8487 oak ave. officer responded at scene.
notes,incident at 8488 main st. officer responded at scene.
notes,incident at 849 lincoln st. officer responded at scene.
notes,incident at 849 park rd. officer responded at scene.
notes,incident at 8490 cedar lane. officer responded at scene.
notes,incident at 8494 river rd. officer responded at scene.
notes,incident at 8495 cedar lane. officer responded at scene.
notes,incident at 85 river rd. officer responded at scene.
notes,incident at 85 washington ave. officer responded at scene.
notes,incident at 8501 lincoln st. officer responded at scene.
notes,incident at 8501 washington ave. officer responded at scene.
notes,incident at 8502 park rd. officer responded at scene.
notes,incident at 8504 river rd. officer responded at scene.
notes,incident at 8505 lincoln st. officer responded at scene.
notes,incident at 8509 main st. officer responded at scene.
notes,incident at 8511 cedar lane. officer responded at scene.
notes,incident at 8519 sunset blvd. officer responded at scene.
notes,incident at 852 sunset blvd. officer responded at scene.
notes,incident at 8521 cedar lane. officer responded at scene.
notes,incident at 8521 park rd. officer responded at scene.
notes,incident at 8523 washington ave. officer responded at scene.
notes,incident at 8524 elm blvd. officer responded at scene.
notes,incident at 8525 cedar lane. officer responded at scene.
notes,incident at 8525 park rd. officer responded at scene.
notes,incident at 8529 washington ave. officer responded at scene.
notes,incident at 8530 oak ave. officer responded at scene.
notes,incident at 8536 maple dr. officer responded at scene.
notes,incident at 8538 elm blvd. officer responded at scene.
notes,incident at 8539 river rd. officer responded at scene.
notes,incident at 8540 lincoln st. officer responded at scene.
notes,incident at 8542 washington ave. officer responded at scene.
notes,incident at 8546 main st. officer responded at scene.
notes,incident at 8547 river rd. officer responded at scene.
notes,incident at 8549 lincoln st. officer responded at scene.
notes,incident at 855 cedar lane. officer responded at scene.
notes,incident at 8554 elm blvd. officer responded at scene.
notes,incident at 8555 sunset blvd. officer responded at scene.
notes,incident at 8556 park rd. officer responded at scene.
notes,incident at 8557 lincoln st. officer responded at scene.
notes,incident at 8563 park rd. officer responded at scene.
notes,incident at 8566 elm blvd. officer responded at scene.
notes,incident at 8575 maple dr. officer responded at scene.
notes,incident at 8576 sunset blvd. officer responded at scene.
notes,incident at 8579 main st. officer responded at scene.
notes,incident at 8581 river rd. officer responded at scene.
notes,incident at 8584 sunset blvd. officer responded at scene.
notes,incident at 859 elm blvd. officer responded at scene.
notes,incident at 8592 maple dr. officer responded at scene.
notes,incident at 8595 sunset blvd. officer responded at scene.
notes,incident at 86 sunset blvd. officer responded at scene.
notes,incident at 8604 elm blvd. officer responded at scene.
notes,incident at 8604 maple dr. officer responded at scene.
notes,incident at 8607 sunset blvd. officer responded at scene.
notes,incident at 8608 main st. officer responded at scene.
notes,incident at 8609 elm blvd. officer responded at scene.
notes,incident at 8613 river rd. officer responded at scene.
notes,incident at 8614 maple dr. officer responded at scene.
notes,incident at 8615 maple dr. officer responded at scene.
notes,incident at 8617 oak ave. officer responded at scene.
notes,incident at 8617 washington ave. officer responded at scene.
notes,incident at 8619 park rd. officer responded at scene.
notes,incident at 8620 cedar lane. officer responded at scene.
notes,incident at 8623 washington ave. officer responded at scene.
notes,incident at 8624 main st. officer responded at scene.
notes,incident at 8629 maple dr. officer responded at scene.
notes,incident at 8631 maple dr. officer responded at scene.
notes,incident at 8633 maple dr. officer responded at scene.
notes,incident at 8634 river rd. officer responded at scene.
notes,incident at 8635 park rd. officer responded at scene.
notes,incident at 8638 main st. officer responded at scene.
notes,incident at 8638 river rd. officer responded at scene.
notes,incident at 8649 cedar lane. officer responded at scene.
notes,incident at 865 sunset blvd. officer responded at scene.
notes,incident at 8653 river rd. officer responded at scene.
notes,incident at 8666 maple dr. officer responded at scene.
notes,incident at 8667 main st. officer responded at scene.
notes,incident at 8667 maple dr. officer responded at scene.
notes,incident at 8668 river rd. officer responded at scene.
notes,incident at 867 park rd. officer responded at scene.
notes,incident at 8671 oak ave. officer responded at scene.
notes,incident at 8671 washington ave. officer responded at scene.
notes,incident at 8678 sunset blvd. officer responded at scene.
notes,incident at 8685 oak ave. officer responded at scene.
notes,incident at 8687 maple dr. officer responded at scene.
notes,incident at 8690 cedar lane. officer responded at scene.
notes,incident at 8691 lincoln st. officer responded at scene.
notes,incident at 8692 park rd. officer responded at scene.
notes,incident at 8694 washington ave. officer responded at scene.
notes,incident at 8695 oak ave. officer responded at scene.
notes,incident at 8697 sunset blvd. officer responded at scene.
notes,incident at 870 park rd. officer responded at scene.
notes,incident at 8701 oak ave. officer responded at scene.
notes,incident at 8701 washington ave. officer responded at scene.
notes,incident at 8702 elm blvd. officer responded at scene.
notes,incident at 8703 river rd. officer responded at scene.
notes,incident at 8703 washington ave. officer responded at scene.
notes,incident at 8705 cedar lane. officer responded at scene.
notes,incident at 8709 maple dr. officer responded at scene.
notes,incident at 871 oak ave. officer responded at scene.
notes,incident at 8719 washington ave. officer responded at scene.
notes,incident at 8723 oak ave. officer responded at scene.
notes,incident at 8724 oak ave. officer responded at scene.
notes,incident at 8725 main st. officer responded at scene.
notes,incident at 8725 river rd. officer responded at scene.
notes,incident at 8729 lincoln st. officer responded at scene.
notes,incident at 8729 sunset blvd. officer responded at scene.
notes,incident at 8732 river rd. officer responded at scene.
notes,incident at 8734 sunset blvd. officer responded at scene.
notes,incident at 8735 cedar lane. officer responded at scene.
notes,incident at 8735 oak ave. officer responded at scene.
notes,incident at 8739 lincoln st. officer responded at scene.
notes,incident at 8739 washington ave. officer responded at scene.
notes,incident at 874 lincoln st. officer responded at scene.
notes,incident at 874 oak ave. officer responded at scene.
notes,incident at 8740 cedar lane. officer responded at scene.
notes,incident at 8746 main st. officer responded at scene.
notes,incident at 8749 park rd. officer responded at scene.
notes,incident at 875 washington ave. officer responded at scene.
notes,incident at 8751 washington ave. officer responded at scene.
notes,incident at 8752 elm blvd. officer responded at scene.
notes,incident at 8752 main st. officer responded at scene.
notes,incident at 8755 main st. officer responded at scene.
notes,incident at 8758 oak ave. officer responded at scene.
notes,incident at 876 sunset blvd. officer responded at scene.
notes,incident at 8760 main st. officer responded at scene.
notes,incident at 8760 sunset blvd. officer responded at scene.
notes,incident at 8763 oak ave. officer responded at scene.
notes,incident at 8764 oak ave. officer responded at scene.
notes,incident at 8765 park rd. officer responded at scene.
notes,incident at 8770 main st. officer responded at scene.
notes,incident at 8770 maple dr. officer responded at scene.
notes,incident at 8770 sunset blvd. officer responded at scene.
notes,incident at 8770 washington ave. officer responded at scene.
notes,incident at 8773 lincoln st. officer responded at scene.
notes,incident at 8773 oak ave. officer responded at scene.
notes,incident at 8773 park rd. officer responded at scene.
notes,incident at 8777 elm blvd. officer responded at scene.
notes,incident at 8779 elm blvd. officer responded at scene.
notes,incident at 8779 main st. officer responded at scene.
notes,incident at 8782 sunset blvd. officer responded at scene.
notes,incident at 8784 oak ave. officer responded at scene.
notes,incident at 8784 washington ave. officer responded at scene.
notes,incident at 8787 sunset blvd. officer responded at scene.
notes,incident at 8788 oak ave. officer responded at scene.
notes,incident at 8794 elm blvd. officer responded at scene.
notes,incident at 8794 park rd. officer responded at scene.
notes,incident at 8797 sunset blvd. officer responded at scene.
notes,incident at 88 oak ave. officer responded at scene.
notes,incident at 8805 elm blvd. officer responded at scene.
notes,incident at 8807 park rd. officer responded at scene.
notes,incident at 8807 sunset blvd. officer responded at scene.
notes,incident at 8811 lincoln st. officer responded at scene.
notes,incident at 8811 river rd. officer responded at scene.
notes,incident at 8813 cedar lane. officer responded at scene.
notes,incident at 8813 lincoln st. officer responded at scene.
notes,incident at 8816 oak ave. officer responded at scene.
notes,incident at 8820 sunset blvd. officer responded at scene.
notes,incident at 8821 sunset blvd. officer responded at scene.
notes,incident at 8822 maple dr. officer responded at scene.
notes,incident at 8822 park rd. officer responded at scene.
notes,incident at 8824 elm blvd. officer responded at scene.
notes,incident at 8825 maple dr. officer responded at scene.
notes,incident at 883 elm blvd. officer responded at scene.
notes,incident at 8830 park rd. officer responded at scene.
notes,incident at 8832 river rd. officer responded at scene.
notes,incident at 8834 maple dr. officer responded at scene.
notes,incident at 8835 washington ave. officer responded at scene.
notes,incident at 8836 river rd. officer responded at scene.
notes,incident at 8837 washington ave. officer responded at scene.
notes,incident at 8839 oak ave. officer responded at scene.
notes,incident at 8841 oak ave. officer responded at scene.
notes,incident at 8842 cedar lane. officer responded at scene.
notes,incident at 8843 cedar lane. officer responded at scene.
notes,incident at 8846 maple dr. officer responded at scene.
notes,incident at 8846 river rd. officer responded at scene.
notes,incident at 8849 park rd. officer responded at scene.
notes,incident at 885 main st. officer responded at scene.
notes,incident at 8857 main st. officer responded at scene.
notes,incident at 8857 maple dr. officer responded at scene.
notes,incident at 8858 cedar lane. officer responded at scene.
notes,incident at 8858 elm blvd. officer responded at scene.
notes,incident at 8859 maple dr. officer responded at scene.
notes,incident at 8859 sunset blvd. officer responded at scene.
notes,incident at 8862 lincoln st. officer responded at scene.
notes,incident at 8865 cedar lane. officer responded at scene.
notes,incident at 8867 washington ave. officer responded at scene.
notes,incident at 8869 park rd. officer responded at scene.
notes,incident at 887 lincoln st. officer responded at scene.
notes,incident at 887 maple dr. officer responded at scene.
notes,incident at 8876 lincoln st. officer responded at scene.
notes,incident at 8878 maple dr. officer responded at scene.
notes,incident at 8882 maple dr. officer responded at scene.
notes,incident at 8884 lincoln st. officer responded at scene.
notes,incident at 8887 oak ave. officer responded at scene.
notes,incident at 8888 lincoln st. officer responded at scene.
notes,incident at 8889 sunset blvd. officer responded at scene.
notes,incident at 889 sunset blvd. officer responded at scene.
notes,incident at 8900 park rd. officer responded at scene.
notes,incident at 8902 maple dr. officer responded at scene.
notes,incident at 8904 washington ave. officer responded at scene.
notes,incident at 8909 elm blvd. officer responded at scene.
notes,incident at 8909 washington ave. officer responded at scene.
notes,incident at 8913 maple dr. officer responded at scene.
notes,incident at 8915 main st. officer responded at scene.
notes,incident at 8917 lincoln st. officer responded at scene.
notes,incident at 892 sunset blvd. officer responded at scene.
notes,incident at 8920 main st. officer responded at scene.
notes,incident at 8921 lincoln st. officer responded at scene.
notes,incident at 8921 river rd. officer responded at scene.
notes,incident at 8922 main st. officer responded at scene.
notes,incident at 8924 washington ave. officer responded at scene.
notes,incident at 8925 washington ave. officer responded at scene.
notes,incident at 8928 lincoln st. officer responded at scene.
notes,incident at 8929 lincoln st. officer responded at scene.
notes,incident at 8930 sunset blvd. officer responded at scene.
notes,incident at 8939 sunset blvd. officer responded at scene.
notes,incident at 8939 washington ave. officer responded at scene.
notes,incident at 8940 elm blvd. officer responded at scene.
notes,incident at 8940 lincoln st. officer responded at scene.
notes,incident at 8944 lincoln st. officer responded at scene.
notes,incident at 8944 oak ave. officer responded at scene.
notes,incident at 8945 main st. officer responded at scene.
notes,incident at 8945 park rd. officer responded at scene.
notes,incident at 8946 river rd. officer responded at scene.
notes,incident at 895 river rd. officer responded at scene.
notes,incident at 8951 main st. officer responded at scene.
notes,incident at 8952 river rd. officer responded at scene.
notes,incident at 8952 washington ave. officer responded at scene.
notes,incident at 8960 main st. officer responded at scene.
notes,incident at 8961 oak ave. officer responded at scene.
notes,incident at 8961 sunset blvd. officer responded at scene.
notes,incident at 8962 lincoln st. officer responded at scene.
notes,incident at 8964 main st. officer responded at scene.
notes,incident at 8968 river rd. officer responded at scene.
notes,incident at 897 oak ave. officer responded at scene.
notes,incident at 8970 sunset blvd. officer responded at scene.
notes,incident at 8976 lincoln st. officer responded at scene.
notes,incident at 8976 oak ave. officer responded at scene.
notes,incident at 8980 sunset blvd. officer responded at scene.
notes,incident at 8984 oak ave. officer responded at scene.
notes,incident at 8989 river rd. officer responded at scene.
notes,incident at 899 elm blvd. officer responded at scene.
notes,incident at 899 maple dr. officer responded at scene.
notes,incident at 8991 elm blvd. officer responded at scene.
notes,incident at 8996 elm blvd. officer responded at scene.
notes,incident at 8997 maple dr. officer responded at scene.
notes,incident at 8998 lincoln st. officer responded at scene.
notes,incident at 9001 cedar lane. officer responded at scene.
notes,incident at 9002 cedar lane. officer responded at scene.
notes,incident at 9003 elm blvd. officer responded at scene.
notes,incident at 9005 washington ave. officer responded at scene.
notes,incident at 9017 washington ave. officer responded at scene.
notes,incident at 9018 oak ave. officer responded at scene.
notes,incident at 9020 lincoln st. officer responded at scene.
notes,incident at 9021 washington ave. officer responded at scene.
notes,incident at 9023 park rd. officer responded at scene.
notes,incident at 9023 washington ave. officer responded at scene.
notes,incident at 9032 lincoln st. officer responded at scene.
notes,incident at 9032 maple dr. officer responded at scene.
notes,incident at 9035 maple dr. officer responded at scene.
notes,incident at 9035 river rd. officer responded at scene.
notes,incident at 9042 park rd. officer responded at scene.
notes,incident at 9045 river rd. officer responded at scene.
notes,incident at 9046 maple dr. officer responded at scene.
notes,incident at 9047 maple dr. officer responded at scene.
notes,incident at 9048 sunset blvd. officer responded at scene.
notes,incident at 905 river rd. officer responded at scene.
notes,incident at 9053 main st. officer responded at scene.
notes,incident at 9053 river rd. officer responded at scene.
notes,incident at 9058 maple dr. officer responded at scene.
notes,incident at 9061 river rd. officer responded at scene.
notes,incident at 9062 cedar lane. officer responded at scene.
notes,incident at 9063 maple dr. officer responded at scene.
notes,incident at 9063 park rd. officer responded at scene.
notes,incident at 9063 washington ave. officer responded at scene.
notes,incident at 9065 elm blvd. officer responded at scene.
notes,incident at 9069 sunset blvd. officer responded at scene.
notes,incident at 907 elm blvd. officer responded at scene.
notes,incident at 9070 lincoln st. officer responded at scene.
notes,incident at 9072 washington ave. officer responded at scene.
notes,incident at 9075 main st. officer responded at scene.
notes,incident at 9085 lincoln st. officer responded at scene.
notes,incident at 9086 cedar lane. officer responded at scene.
notes,incident at 9087 river rd. officer responded at scene.
notes,incident at 9089 main st. officer responded at scene.
notes,incident at 9090 cedar lane. officer responded at scene.
notes,incident at 9094 maple dr. officer responded at scene.
notes,incident at 9097 elm blvd. officer responded at scene.
notes,incident at 91 washington ave. officer responded at scene.
notes,incident at 9102 main st. officer responded at scene.
notes,incident at 9106 lincoln st. officer responded at scene.
notes,incident at 9106 oak ave. officer responded at scene.
notes,incident at 9118 cedar lane. officer responded at scene.
notes,incident at 9121 main st. officer responded at scene.
notes,incident at 9122 cedar lane. officer responded at scene.
notes,incident at 9127 river rd. officer responded at scene.
notes,incident at 9129 sunset blvd. officer responded at scene.
notes,incident at 9132 park rd. officer responded at scene.
notes,incident at 9137 oak ave. officer responded at scene.
notes,incident at 9137 washington ave. officer responded at scene.
notes,incident at 914 sunset blvd. officer responded at scene.
notes,incident at 9143 elm blvd. officer responded at scene.
notes,incident at 9146 lincoln st. officer responded at scene.
notes,incident at 9146 sunset blvd. officer responded at scene.
notes,incident at 9148 main st. officer responded at scene.
notes,incident at 9150 maple dr. officer responded at scene.
notes,incident at 9160 washington ave. officer responded at scene.
notes,incident at 9161 maple dr. officer responded at scene.
notes,incident at 9169 main st. officer responded at scene.
notes,incident at 9170 main st. officer responded at scene.
notes,incident at 9173 maple dr. officer responded at scene.
notes,incident at 9174 river rd. officer responded at scene.
notes,incident at 918 river rd. officer responded at scene.
notes,incident at 9181 maple dr. officer responded at scene.
notes,incident at 9182 sunset blvd. officer responded at scene.
notes,incident at 9183 elm blvd. officer responded at scene.
notes,incident at 9186 river rd. officer responded at scene.
notes,incident at 9194 lincoln st. officer responded at scene.
notes,incident at 9196 main st. officer responded at scene.
notes,incident at 9199 elm blvd. officer responded at scene.
notes,incident at 92 oak ave. officer responded at scene.
notes,incident at 920 park rd. officer responded at scene.
notes,incident at 920 river rd. officer responded at scene.
notes,incident at 9200 lincoln st. officer responded at scene.
notes,incident at 9209 park rd. officer responded at scene.
notes,incident at 921 cedar lane. officer responded at scene.
notes,incident at 921 elm blvd. officer responded at scene.
notes,incident at 921 washington ave. officer responded at scene.
notes,incident at 922 river rd. officer responded at scene.
notes,incident at 9221 oak ave. officer responded at scene.
notes,incident at 9222 maple dr. officer responded at scene.
notes,incident at 9223 main st. officer responded at scene.
notes,incident at 9227 park rd. officer responded at scene.
notes,incident at 9228 main st. officer responded at scene.
notes,incident at 9231 lincoln st. officer responded at scene.
notes,incident at 9232 main st. officer responded at scene.
notes,incident at 9233 main st. officer responded at scene.
notes,incident at 9233 park rd. officer responded at scene.
notes,incident at 9233 river rd. officer responded at scene.
notes,incident at 9233 sunset blvd. officer responded at scene.
notes,incident at 9234 main st. officer responded at scene.
notes,incident at 9235 washington ave. officer responded at scene.
notes,incident at 9241 main st. officer responded at scene.
notes,incident at 9241 maple dr. officer responded at scene.
notes,incident at 9244 maple dr. officer responded at scene.
notes,incident at 9248 maple dr. officer responded at scene.
notes,incident at 9253 park rd. officer responded at scene.
notes,incident at 9255 lincoln st. officer responded at scene.
notes,incident at 9259 main st. officer responded at scene.
notes,incident at 9260 oak ave. officer responded at scene.
notes,incident at 9263 elm blvd. officer responded at scene.
notes,incident at 9268 lincoln st. officer responded at scene.
notes,incident at 9270 elm blvd. officer responded at scene.
notes,incident at 9274 elm blvd. officer responded at scene.
notes,incident at 9285 sunset blvd. officer responded at scene.
notes,incident at 9286 river rd. officer responded at scene.
notes,incident at 9289 cedar lane. officer responded at scene.
notes,incident at 929 main st. officer responded at scene.
notes,incident at 9292 oak ave. officer responded at scene.
notes,incident at 9296 oak ave. officer responded at scene.
notes,incident at 9297 main st. officer responded at scene.
notes,incident at 9297 washington ave. officer responded at scene.
notes,incident at 9303 river rd. officer responded at scene.
notes,incident at 9304 maple dr. officer responded at scene.
notes,incident at 9313 main st. officer responded at scene.
notes,incident at 9315 cedar lane. officer responded at scene.
notes,incident at 9319 washington ave. officer responded at scene.
notes,incident at 9320 main st. officer responded at scene.
notes,incident at 9324 oak ave. officer responded at scene.
notes,incident at 933 cedar lane. officer responded at scene.
notes,incident at 9331 maple dr. officer responded at scene.
notes,incident at 9333 elm blvd. officer responded at scene.
notes,incident at 9334 river rd. officer responded at scene.
notes,incident at 9337 cedar lane. officer responded at scene.
notes,incident at 9340 lincoln st. officer responded at scene.
notes,incident at 9341 lincoln st. officer responded at scene.
notes,incident at 9342 main st. officer responded at scene.
notes,incident at 9343 lincoln st. officer responded at scene.
notes,incident at 9346 cedar lane. officer responded at scene.
notes,incident at 9346 main st. officer responded at scene.
notes,incident at 9349 sunset blvd. officer responded at scene.
notes,incident at 9350 cedar lane. officer responded at scene.
notes,incident at 9350 sunset blvd. officer responded at scene.
notes,incident at 9351 main st. officer responded at scene.
notes,incident at 9354 elm blvd. officer responded at scene.
notes,incident at 9357 cedar lane. officer responded at scene.
notes,incident at 9366 park rd. officer responded at scene.
notes,incident at 9366 river rd. officer responded at scene.
notes,incident at 9368 lincoln st. officer responded at scene.
notes,incident at 9375 river rd. officer responded at scene.
notes,incident at 9375 washington ave. officer responded at scene.
notes,incident at 9379 lincoln st. officer responded at scene.
notes,incident at 938 maple dr. officer responded at scene.
notes,incident at 9381 maple dr. officer responded at scene.
notes,incident at 9381 river rd. officer responded at scene.
notes,incident at 9383 sunset blvd. officer responded at scene.
notes,incident at 9390 main st. officer responded at scene.
notes,incident at 9393 main st. officer responded at scene.
notes,incident at 9393 maple dr. officer responded at scene.
notes,incident at 9395 main st. officer responded at scene.
notes,incident at 9395 oak ave. officer responded at scene.
notes,incident at 9399 cedar lane. officer responded at scene.
notes,incident at 9401 lincoln st. officer responded at scene.
notes,incident at 9404 main st. officer responded at scene.
notes,incident at 9405 elm blvd. officer responded at scene.
notes,incident at 9405 sunset blvd. officer responded at scene.
notes,incident at 9411 maple dr. officer responded at scene.
notes,incident at 9413 oak ave. officer responded at scene.
notes,incident at 9424 elm blvd. officer responded at scene.
notes,incident at 9425 lincoln st. officer responded at scene.
notes,incident at 9426 cedar lane. officer responded at scene.
notes,incident at 9426 maple dr. officer responded at scene.
notes,incident at 9432 lincoln st. officer responded at scene.
notes,incident at 9432 maple dr. officer responded at scene.
notes,incident at 9434 cedar lane. officer responded at scene.
notes,incident at 9435 oak ave. officer responded at scene.
notes,incident at 9439 maple dr. officer responded at scene.
notes,incident at 944 main st. officer responded at scene.
notes,incident at 9444 oak ave. officer responded at scene.
notes,incident at 9445 sunset blvd. officer responded at scene.
notes,incident at 9453 oak ave. officer responded at scene.
notes,incident at 9453 sunset blvd. officer responded at scene.
notes,incident at 9455 washington ave. officer responded at scene.
notes,incident at 9457 sunset blvd. officer responded at scene.
notes,incident at 9458 maple dr. officer responded at scene.
notes,incident at 9461 maple dr. officer responded at scene.
notes,incident at 9462 lincoln st. officer responded at scene.
notes,incident at 9465 maple dr. officer responded at scene.
notes,incident at 9467 river rd. officer responded at scene.
notes,incident at 9469 washington ave. officer responded at scene.
notes,incident at 9471 park rd. officer responded at scene.
notes,incident at 9478 sunset blvd. officer responded at scene.
notes,incident at 9480 oak ave. officer responded at scene.
notes,incident at 9483 park rd. officer responded at scene.
notes,incident at 9485 sunset blvd. officer responded at scene.
notes,incident at 9486 maple dr. officer responded at scene.
notes,incident at 9489 elm blvd. officer responded at scene.
notes,incident at 9492 cedar lane. officer responded at scene.
notes,incident at 9494 maple dr. officer responded at scene.
notes,incident at 9496 lincoln st. officer responded at scene.
notes,incident at 9496 washington ave. officer responded at scene.
notes,incident at 9497 cedar lane. officer responded at scene.
notes,incident at 95 elm blvd. officer responded at scene.
notes,incident at 95 sunset blvd. officer responded at scene.
notes,incident at 9501 park rd. officer responded at scene.
notes,incident at 9503 park rd. officer responded at scene.
notes,incident at 9506 lincoln st. officer responded at scene.
notes,incident at 9509 washington ave. officer responded at scene.
notes,incident at 951 lincoln st. officer responded at scene.
notes,incident at 9516 sunset blvd. officer responded at scene.
notes,incident at 9518 elm blvd. officer responded at scene.
notes,incident at 9522 main st. officer responded at scene.
notes,incident at 9523 elm blvd. officer responded at scene.
notes,incident at 9525 sunset blvd. officer responded at scene.
notes,incident at 9527 maple dr. officer responded at scene.
notes,incident at 9528 cedar lane. officer responded at scene.
notes,incident at 9530 washington ave. officer responded at scene.
notes,incident at 9534 park rd. officer responded at scene.
notes,incident at 9535 oak ave. officer responded at scene.
notes,incident at 9544 elm blvd. officer responded at scene.
notes,incident at 9546 cedar lane. officer responded at scene.
notes,incident at 9548 main st. officer responded at scene.
notes,incident at 9550 park rd. officer responded at scene.
notes,incident at 9553 cedar lane. officer responded at scene.
notes,incident at 956 oak ave. officer responded at scene.
notes,incident at 9568 elm blvd. officer responded at scene.
notes,incident at 9571 cedar lane. officer responded at scene.
notes,incident at 9575 elm blvd. officer responded at scene.
notes,incident at 9575 lincoln st. officer responded at scene.
notes,incident at 9580 main st. officer responded at scene.
notes,incident at 9586 elm blvd. officer responded at scene.
notes,incident at 9588 park rd. officer responded at scene.
notes,incident at 96 maple dr. officer responded at scene.
notes,incident at 9604 maple dr. officer responded at scene.
notes,incident at 9604 oak ave. officer responded at scene.
notes,incident at 9609 main st. officer responded at scene.
notes,incident at 9609 sunset blvd. officer responded at scene.
notes,incident at 9614 maple dr. officer responded at scene.
notes,incident at 9615 river rd. officer responded at scene.
notes,incident at 9619 park rd. officer responded at scene.
notes,incident at 9620 river rd. officer responded at scene.
notes,incident at 9624 cedar lane. officer responded at scene.
notes,incident at 9627 elm blvd. officer responded at scene.
notes,incident at 9628 oak ave. officer responded at scene.
notes,incident at 9628 river rd. officer responded at scene.
notes,incident at 9632 cedar lane. officer responded at scene.
notes,incident at 9648 oak ave. officer responded at scene.
notes,incident at 9649 main st. officer responded at scene.
notes,incident at 9649 sunset blvd. officer responded at scene.
notes,incident at 9651 oak ave. officer responded at scene.
notes,incident at 9651 washington ave. officer responded at scene.
notes,incident at 9653 oak ave. officer responded at scene.
notes,incident at 9654 main st. officer responded at scene.
notes,incident at 9654 oak ave. officer responded at scene.
notes,incident at 9656 park rd. officer responded at scene.
notes,incident at 9657 maple dr. officer responded at scene.
notes,incident at 9657 park rd. officer responded at scene.
notes,incident at 9659 elm blvd. officer responded at scene.
notes,incident at 966 maple dr. officer responded at scene.
notes,incident at 9660 lincoln st. officer responded at scene.
notes,incident at 9660 river rd. officer responded at scene.
notes,incident at 9668 oak ave. officer responded at scene.
notes,incident at 9670 main st. officer responded at scene.
notes,incident at 9672 oak ave. officer responded at scene.
notes,incident at 9674 cedar lane. officer responded at scene.
notes,incident at 9675 lincoln st. officer responded at scene.
notes,incident at 9685 park rd. officer responded at scene.
notes,incident at 9686 park rd. officer responded at scene.
notes,incident at 9688 cedar lane. officer responded at scene.
notes,incident at 9690 washington ave. officer responded at scene.
notes,incident at 9691 lincoln st. officer responded at scene.
notes,incident at 9693 sunset blvd. officer responded at scene.
notes,incident at 9695 elm blvd. officer responded at scene.
notes,incident at 9696 elm blvd. officer responded at scene.
notes,incident at 970 sunset blvd. officer responded at scene.
notes,incident at 9705 elm blvd. officer responded at scene.
notes,incident at 9708 cedar lane. officer responded at scene.
notes,incident at 9709 elm blvd. officer responded at scene.
notes,incident at 9709 river rd. officer responded at scene.
notes,incident at 971 park rd. officer responded at scene.
notes,incident at 9711 elm blvd. officer responded at scene.
notes,incident at 9718 elm blvd. officer responded at scene.
notes,incident at 9719 elm blvd. officer responded at scene.
notes,incident at 9720 cedar lane. officer responded at scene.
notes,incident at 9727 sunset blvd. officer responded at scene.
notes,incident at 9732 lincoln st. officer responded at scene.
notes,incident at 9734 sunset blvd. officer responded at scene.
notes,incident at 9739 maple dr. officer responded at scene.
notes,incident at 9744 maple dr. officer responded at scene.
notes,incident at 9747 cedar lane. officer responded at scene.
notes,incident at 9752 washington ave. officer responded at scene.
notes,incident at 9755 elm blvd. officer responded at scene.
notes,incident at 9759 park rd. officer responded at scene.
notes,incident at 9763 sunset blvd. officer responded at scene.
notes,incident at 9764 cedar lane. officer responded at scene.
notes,incident at 9768 elm blvd. officer responded at scene.
notes,incident at 9768 maple dr. officer responded at scene.
notes,incident at 9769 main st. officer responded at scene.
notes,incident at 977 washington ave. officer responded at scene.
notes,incident at 9776 maple dr. officer responded at scene.
notes,incident at 9777 oak ave. officer responded at scene.
notes,incident at 9779 cedar lane. officer responded at scene.
notes,incident at 978 river rd. officer responded at scene.
notes,incident at 9783 cedar lane. officer responded at scene.
notes,incident at 9783 washington ave. officer responded at scene.
notes,incident at 979 sunset blvd. officer responded at scene.
notes,incident at 9792 oak ave. officer responded at scene.
notes,incident at 9792 park rd. officer responded at scene.
notes,incident at 9793 river rd. officer responded at scene.
notes,incident at 9794 lincoln st. officer responded at scene.
notes,incident at 9794 maple dr. officer responded at scene.
notes,incident at 9796 lincoln st. officer responded at scene.
notes,incident at 9798 elm blvd. officer responded at scene.
notes,incident at 980 park rd. officer responded at scene.
notes,incident at 9802 main st. officer responded at scene.
notes,incident at 9802 river rd. officer responded at scene.
notes,incident at 9803 park rd. officer responded at scene.
notes,incident at 9804 sunset blvd. officer responded at scene.
notes,incident at 9809 maple dr. officer responded at scene.
notes,incident at 9814 park rd. officer responded at scene.
notes,incident at 9815 park rd. officer responded at scene.
notes,incident at 9815 sunset blvd. officer responded at scene.
notes,incident at 9819 park rd. officer responded at scene.
notes,incident at 9819 sunset blvd. officer responded at scene.
notes,incident at 982 oak ave. officer responded at scene.
notes,incident at 982 park rd. officer responded at scene.
notes,incident at 982 washington ave. officer responded at scene.
notes,incident at 9820 washington ave. officer responded at scene.
notes,incident at 9822 maple dr. officer responded at scene.
notes,incident at 9826 maple dr. officer responded at scene.
notes,incident at 9827 lincoln st. officer responded at scene.
notes,incident at 9828 sunset blvd. officer responded at scene.
notes,incident at 9828 washington ave. officer responded at scene.
notes,incident at 9834 river rd. officer responded at scene.
notes,incident at 984 main st. officer responded at scene.
notes,incident at 984 oak ave. officer responded at scene.
notes,incident at 9840 main st. officer responded at scene.
notes,incident at 9855 main st. officer responded at scene.
notes,incident at 9856 sunset blvd. officer responded at scene.
notes,incident at 9857 elm blvd. officer responded at scene.
notes,incident at 986 main st. officer responded at scene.
notes,incident at 9860 park rd. officer responded at scene.
notes,incident at 9860 washington ave. officer responded at scene.
notes,incident at 9862 main st. officer responded at scene.
notes,incident at 9863 elm blvd. officer responded at scene.
notes,incident at 9863 park rd. officer responded at scene.
notes,incident at 9864 oak ave. officer responded at scene.
notes,incident at 9868 main st. officer responded at scene.
notes,incident at 9869 main st. officer responded at scene.
notes,incident at 9876 lincoln st. officer responded at scene.
notes,incident at 9876 river rd. officer responded at scene.
notes,incident at 9879 oak ave. officer responded at scene.
notes,incident at 9880 park rd. officer responded at scene.
notes,incident at 9881 lincoln st. officer responded at scene.
notes,incident at 9884 sunset blvd. officer responded at scene.
notes,incident at 9885 cedar lane. officer responded at scene.
notes,incident at 9885 oak ave. officer responded at scene.
notes,incident at 9889 sunset blvd. officer responded at scene.
notes,incident at 989 lincoln st. officer responded at scene.
notes,incident at 9890 sunset blvd. officer responded at scene.
notes,incident at 9891 washington ave. officer responded at scene.
notes,incident at 9892 oak ave. officer responded at scene.
notes,incident at 9892 washington ave. officer responded at scene.
notes,incident at 9893 main st. officer responded at scene.
notes,incident at 9898 cedar lane. officer responded at scene.
notes,incident at 9903 main st. officer responded at scene.
notes,incident at 9903 oak ave. officer responded at scene.
notes,incident at 9904 lincoln st. officer responded at scene.
notes,incident at 9910 washington ave. officer responded at scene.
notes,incident at 9911 washington ave. officer responded at scene.
notes,incident at 992 maple dr. officer responded at scene.
notes,incident at 9921 river rd. officer responded at scene.
notes,incident at 9922 maple dr. officer responded at scene.
notes,incident at 9924 elm blvd. officer responded at scene.
notes,incident at 9926 oak ave. officer responded at scene.
notes,incident at 9928 lincoln st. officer responded at scene.
notes,incident at 9932 washington ave. officer responded at scene.
notes,incident at 9944 lincoln st. officer responded at scene.
notes,incident at 9946 elm blvd. officer responded at scene.
notes,incident at 9946 river rd. officer responded at scene.
notes,incident at 9949 river rd. officer responded at scene.
notes,incident at 995 oak ave. officer responded at scene.
notes,incident at 9952 lincoln st. officer responded at scene.
notes,incident at 9953 cedar lane. officer responded at scene.
notes,incident at 9959 cedar lane. officer responded at scene.
notes,incident at 996 lincoln st. officer responded at scene.
notes,incident at 9971 lincoln st. officer responded at scene.
notes,incident at 9971 washington ave. officer responded at scene.
notes,incident at 9973 lincoln st. officer responded at scene.
notes,incident at 9974 sunset blvd. officer responded at scene.
notes,incident at 9978 cedar lane. officer responded at scene.
notes,incident at 9978 washington ave. officer responded at scene.
notes,incident at 9979 park rd. officer responded at scene.
notes,incident at 9984 main st. officer responded at scene.
notes,incident at 9985 elm blvd. officer responded at scene.
notes,incident at 9985 lincoln st. officer responded at scene.
notes,incident at 9985 park rd. officer responded at scene.
notes,incident at 9985 washington ave. officer responded at scene.
notes,incident at 9986 cedar lane. officer responded at scene.
notes,incident at 9991 main st. officer responded at scene.
notes,incident at 9991 river rd. officer responded at scene.
notes,incident at 9993 park rd. officer responded at scene.
notes,incident at 9994 elm blvd. officer responded at scene.
notes,incident at 9999 lincoln st. officer responded at scene.
